Data,Hora UTC,Temperatura,Umidade,Dia,Mes,Hora,Temperatura_2h,Umidade_2h
2025-01-01,0000 UTC,28.4,49.0,1,1,0,24.8,68.0
2025-01-01,0100 UTC,26.8,56.0,1,1,1,24.0,68.0
2025-01-01,0200 UTC,24.8,68.0,1,1,2,23.3,71.0
2025-01-01,0300 UTC,24.0,68.0,1,1,3,22.7,75.0
2025-01-01,0400 UTC,23.3,71.0,1,1,4,22.9,72.0
2025-01-01,0500 UTC,22.7,75.0,1,1,5,22.8,71.0
2025-01-01,0600 UTC,22.9,72.0,1,1,6,22.2,75.0
2025-01-01,0700 UTC,22.8,71.0,1,1,7,22.7,73.0
2025-01-01,0800 UTC,22.2,75.0,1,1,8,23.9,67.0
2025-01-01,0900 UTC,22.7,73.0,1,1,9,25.7,58.0
2025-01-01,1000 UTC,23.9,67.0,1,1,10,27.6,50.0
2025-01-01,1100 UTC,25.7,58.0,1,1,11,28.8,45.0
2025-01-01,1200 UTC,27.6,50.0,1,1,12,30.3,37.0
2025-01-01,1300 UTC,28.8,45.0,1,1,13,31.8,32.0
2025-01-01,1400 UTC,30.3,37.0,1,1,14,32.8,29.0
2025-01-01,1500 UTC,31.8,32.0,1,1,15,33.4,28.0
2025-01-01,1600 UTC,32.8,29.0,1,1,16,33.8,25.0
2025-01-01,1700 UTC,33.4,28.0,1,1,17,33.6,26.0
2025-01-01,1800 UTC,33.8,25.0,1,1,18,32.8,27.0
2025-01-01,1900 UTC,33.6,26.0,1,1,19,31.7,30.0
2025-01-01,2000 UTC,32.8,27.0,1,1,20,30.5,33.0
2025-01-01,2100 UTC,31.7,30.0,1,1,21,29.2,40.0
2025-01-01,2200 UTC,30.5,33.0,1,1,22,27.6,49.0
2025-01-01,2300 UTC,29.2,40.0,1,1,23,26.2,58.0
2025-01-02,0000 UTC,27.6,49.0,2,1,0,24.8,68.0
2025-01-02,0100 UTC,26.2,58.0,2,1,1,23.9,73.0
2025-01-02,0200 UTC,24.8,68.0,2,1,2,23.4,73.0
2025-01-02,0300 UTC,23.9,73.0,2,1,3,23.2,73.0
2025-01-02,0400 UTC,23.4,73.0,2,1,4,22.4,76.0
2025-01-02,0500 UTC,23.2,73.0,2,1,5,22.0,79.0
2025-01-02,0600 UTC,22.4,76.0,2,1,6,21.5,81.0
2025-01-02,0700 UTC,22.0,79.0,2,1,7,22.1,79.0
2025-01-02,0800 UTC,21.5,81.0,2,1,8,23.5,71.0
2025-01-02,0900 UTC,22.1,79.0,2,1,9,26.1,58.0
2025-01-02,1000 UTC,23.5,71.0,2,1,10,27.8,47.0
2025-01-02,1100 UTC,26.1,58.0,2,1,11,28.6,41.0
2025-01-02,1200 UTC,27.8,47.0,2,1,12,31.1,33.0
2025-01-02,1300 UTC,28.6,41.0,2,1,13,31.9,30.0
2025-01-02,1400 UTC,31.1,33.0,2,1,14,32.4,28.0
2025-01-02,1500 UTC,31.9,30.0,2,1,15,33.1,26.0
2025-01-02,1600 UTC,32.4,28.0,2,1,16,33.6,25.0
2025-01-02,1700 UTC,33.1,26.0,2,1,17,33.4,24.0
2025-01-02,1800 UTC,33.6,25.0,2,1,18,32.7,25.0
2025-01-02,1900 UTC,33.4,24.0,2,1,19,31.7,27.0
2025-01-02,2000 UTC,32.7,25.0,2,1,20,30.5,29.0
2025-01-02,2100 UTC,31.7,27.0,2,1,21,29.7,34.0
2025-01-02,2200 UTC,30.5,29.0,2,1,22,28.1,49.0
2025-01-02,2300 UTC,29.7,34.0,2,1,23,26.3,59.0
2025-01-03,0000 UTC,28.1,49.0,3,1,0,25.0,66.0
2025-01-03,0100 UTC,26.3,59.0,3,1,1,23.9,70.0
2025-01-03,0200 UTC,25.0,66.0,3,1,2,23.2,74.0
2025-01-03,0300 UTC,23.9,70.0,3,1,3,22.5,77.0
2025-01-03,0400 UTC,23.2,74.0,3,1,4,21.9,80.0
2025-01-03,0500 UTC,22.5,77.0,3,1,5,21.4,82.0
2025-01-03,0600 UTC,21.9,80.0,3,1,6,21.2,81.0
2025-01-03,0700 UTC,21.4,82.0,3,1,7,21.9,76.0
2025-01-03,0800 UTC,21.2,81.0,3,1,8,23.9,65.0
2025-01-03,0900 UTC,21.9,76.0,3,1,9,25.2,59.0
2025-01-03,1000 UTC,23.9,65.0,3,1,10,27.0,52.0
2025-01-03,1100 UTC,25.2,59.0,3,1,11,28.7,44.0
2025-01-03,1200 UTC,27.0,52.0,3,1,12,31.0,35.0
2025-01-03,1300 UTC,28.7,44.0,3,1,13,32.1,31.0
2025-01-03,1400 UTC,31.0,35.0,3,1,14,33.2,29.0
2025-01-03,1500 UTC,32.1,31.0,3,1,15,33.1,27.0
2025-01-03,1600 UTC,33.2,29.0,3,1,16,33.8,26.0
2025-01-03,1700 UTC,33.1,27.0,3,1,17,33.7,25.0
2025-01-03,1800 UTC,33.8,26.0,3,1,18,33.0,28.0
2025-01-03,1900 UTC,33.7,25.0,3,1,19,32.1,30.0
2025-01-03,2000 UTC,33.0,28.0,3,1,20,31.0,34.0
2025-01-03,2100 UTC,32.1,30.0,3,1,21,30.0,39.0
2025-01-03,2200 UTC,31.0,34.0,3,1,22,28.0,53.0
2025-01-03,2300 UTC,30.0,39.0,3,1,23,26.3,62.0
2025-01-04,0000 UTC,28.0,53.0,4,1,0,24.7,70.0
2025-01-04,0100 UTC,26.3,62.0,4,1,1,24.2,72.0
2025-01-04,0200 UTC,24.7,70.0,4,1,2,24.1,72.0
2025-01-04,0300 UTC,24.2,72.0,4,1,3,23.5,70.0
2025-01-04,0400 UTC,24.1,72.0,4,1,4,23.4,70.0
2025-01-04,0500 UTC,23.5,70.0,4,1,5,23.5,69.0
2025-01-04,0600 UTC,23.4,70.0,4,1,6,23.4,70.0
2025-01-04,0700 UTC,23.5,69.0,4,1,7,23.5,70.0
2025-01-04,0800 UTC,23.4,70.0,4,1,8,24.2,67.0
2025-01-04,0900 UTC,23.5,70.0,4,1,9,24.9,66.0
2025-01-04,1000 UTC,24.2,67.0,4,1,10,27.0,56.0
2025-01-04,1100 UTC,24.9,66.0,4,1,11,28.1,51.0
2025-01-04,1200 UTC,27.0,56.0,4,1,12,30.3,44.0
2025-01-04,1300 UTC,28.1,51.0,4,1,13,31.5,39.0
2025-01-04,1400 UTC,30.3,44.0,4,1,14,33.1,32.0
2025-01-04,1500 UTC,31.5,39.0,4,1,15,33.8,28.0
2025-01-04,1600 UTC,33.1,32.0,4,1,16,34.5,26.0
2025-01-04,1700 UTC,33.8,28.0,4,1,17,34.3,25.0
2025-01-04,1800 UTC,34.5,26.0,4,1,18,33.7,27.0
2025-01-04,1900 UTC,34.3,25.0,4,1,19,32.4,30.0
2025-01-04,2000 UTC,33.7,27.0,4,1,20,30.8,39.0
2025-01-04,2100 UTC,32.4,30.0,4,1,21,29.4,48.0
2025-01-04,2200 UTC,30.8,39.0,4,1,22,27.6,58.0
2025-01-04,2300 UTC,29.4,48.0,4,1,23,26.1,65.0
2025-01-05,0000 UTC,27.6,58.0,5,1,0,25.1,67.0
2025-01-05,0100 UTC,26.1,65.0,5,1,1,24.6,69.0
2025-01-05,0200 UTC,25.1,67.0,5,1,2,24.1,69.0
2025-01-05,0300 UTC,24.6,69.0,5,1,3,24.2,66.0
2025-01-05,0400 UTC,24.1,69.0,5,1,4,24.0,69.0
2025-01-05,0500 UTC,24.2,66.0,5,1,5,23.6,72.0
2025-01-05,0600 UTC,24.0,69.0,5,1,6,22.9,76.0
2025-01-05,0700 UTC,23.6,72.0,5,1,7,22.7,79.0
2025-01-05,0800 UTC,22.9,76.0,5,1,8,23.7,75.0
2025-01-05,0900 UTC,22.7,79.0,5,1,9,25.5,65.0
2025-01-05,1000 UTC,23.7,75.0,5,1,10,27.8,55.0
2025-01-05,1100 UTC,25.5,65.0,5,1,11,30.1,46.0
2025-01-05,1200 UTC,27.8,55.0,5,1,12,31.6,40.0
2025-01-05,1300 UTC,30.1,46.0,5,1,13,32.5,36.0
2025-01-05,1400 UTC,31.6,40.0,5,1,14,33.9,31.0
2025-01-05,1500 UTC,32.5,36.0,5,1,15,34.1,27.0
2025-01-05,1600 UTC,33.9,31.0,5,1,16,34.7,24.0
2025-01-05,1700 UTC,34.1,27.0,5,1,17,34.6,26.0
2025-01-05,1800 UTC,34.7,24.0,5,1,18,33.3,28.0
2025-01-05,1900 UTC,34.6,26.0,5,1,19,32.2,31.0
2025-01-05,2000 UTC,33.3,28.0,5,1,20,31.1,38.0
2025-01-05,2100 UTC,32.2,31.0,5,1,21,29.6,45.0
2025-01-05,2200 UTC,31.1,38.0,5,1,22,27.8,55.0
2025-01-05,2300 UTC,29.6,45.0,5,1,23,26.0,66.0
2025-01-06,0000 UTC,27.8,55.0,6,1,0,25.3,68.0
2025-01-06,0100 UTC,26.0,66.0,6,1,1,24.7,71.0
2025-01-06,0200 UTC,25.3,68.0,6,1,2,24.1,72.0
2025-01-06,0300 UTC,24.7,71.0,6,1,3,23.4,75.0
2025-01-06,0400 UTC,24.1,72.0,6,1,4,23.0,77.0
2025-01-06,0500 UTC,23.4,75.0,6,1,5,22.7,80.0
2025-01-06,0600 UTC,23.0,77.0,6,1,6,22.3,81.0
2025-01-06,0700 UTC,22.7,80.0,6,1,7,22.4,82.0
2025-01-06,0800 UTC,22.3,81.0,6,1,8,23.7,77.0
2025-01-06,0900 UTC,22.4,82.0,6,1,9,25.3,68.0
2025-01-06,1000 UTC,23.7,77.0,6,1,10,28.0,56.0
2025-01-06,1100 UTC,25.3,68.0,6,1,11,29.3,49.0
2025-01-06,1200 UTC,28.0,56.0,6,1,12,31.1,42.0
2025-01-06,1300 UTC,29.3,49.0,6,1,13,32.2,37.0
2025-01-06,1400 UTC,31.1,42.0,6,1,14,33.2,32.0
2025-01-06,1500 UTC,32.2,37.0,6,1,15,34.1,29.0
2025-01-06,1600 UTC,33.2,32.0,6,1,16,33.7,26.0
2025-01-06,1700 UTC,34.1,29.0,6,1,17,33.6,25.0
2025-01-06,1800 UTC,33.7,26.0,6,1,18,33.1,28.0
2025-01-06,1900 UTC,33.6,25.0,6,1,19,31.2,34.0
2025-01-06,2000 UTC,33.1,28.0,6,1,20,30.4,40.0
2025-01-06,2100 UTC,31.2,34.0,6,1,21,28.9,48.0
2025-01-06,2200 UTC,30.4,40.0,6,1,22,27.4,57.0
2025-01-06,2300 UTC,28.9,48.0,6,1,23,26.0,65.0
2025-01-07,0000 UTC,27.4,57.0,7,1,0,25.0,70.0
2025-01-07,0100 UTC,26.0,65.0,7,1,1,24.4,71.0
2025-01-07,0200 UTC,25.0,70.0,7,1,2,23.6,73.0
2025-01-07,0300 UTC,24.4,71.0,7,1,3,23.2,75.0
2025-01-07,0400 UTC,23.6,73.0,7,1,4,22.6,77.0
2025-01-07,0500 UTC,23.2,75.0,7,1,5,22.5,79.0
2025-01-07,0600 UTC,22.6,77.0,7,1,6,22.4,79.0
2025-01-07,0700 UTC,22.5,79.0,7,1,7,22.3,80.0
2025-01-07,0800 UTC,22.4,79.0,7,1,8,23.8,70.0
2025-01-07,0900 UTC,22.3,80.0,7,1,9,25.4,60.0
2025-01-07,1000 UTC,23.8,70.0,7,1,10,26.4,54.0
2025-01-07,1100 UTC,25.4,60.0,7,1,11,28.9,43.0
2025-01-07,1200 UTC,26.4,54.0,7,1,12,31.0,33.0
2025-01-07,1300 UTC,28.9,43.0,7,1,13,32.2,28.0
2025-01-07,1400 UTC,31.0,33.0,7,1,14,33.2,23.0
2025-01-07,1500 UTC,32.2,28.0,7,1,15,34.5,19.0
2025-01-07,1600 UTC,33.2,23.0,7,1,16,34.7,18.0
2025-01-07,1700 UTC,34.5,19.0,7,1,17,34.0,19.0
2025-01-07,1800 UTC,34.7,18.0,7,1,18,34.0,20.0
2025-01-07,1900 UTC,34.0,19.0,7,1,19,33.0,22.0
2025-01-07,2000 UTC,34.0,20.0,7,1,20,32.0,27.0
2025-01-07,2100 UTC,33.0,22.0,7,1,21,29.4,42.0
2025-01-07,2200 UTC,32.0,27.0,7,1,22,27.0,56.0
2025-01-07,2300 UTC,29.4,42.0,7,1,23,25.8,62.0
2025-01-08,0000 UTC,27.0,56.0,8,1,0,25.0,66.0
2025-01-08,0100 UTC,25.8,62.0,8,1,1,24.6,67.0
2025-01-08,0200 UTC,25.0,66.0,8,1,2,23.9,68.0
2025-01-08,0300 UTC,24.6,67.0,8,1,3,23.1,72.0
2025-01-08,0400 UTC,23.9,68.0,8,1,4,22.7,73.0
2025-01-08,0500 UTC,23.1,72.0,8,1,5,22.3,75.0
2025-01-08,0600 UTC,22.7,73.0,8,1,6,21.9,77.0
2025-01-08,0700 UTC,22.3,75.0,8,1,7,22.2,77.0
2025-01-08,0800 UTC,21.9,77.0,8,1,8,23.6,71.0
2025-01-08,0900 UTC,22.2,77.0,8,1,9,25.4,62.0
2025-01-08,1000 UTC,23.6,71.0,8,1,10,27.8,52.0
2025-01-08,1100 UTC,25.4,62.0,8,1,11,29.3,45.0
2025-01-08,1200 UTC,27.8,52.0,8,1,12,31.6,37.0
2025-01-08,1300 UTC,29.3,45.0,8,1,13,31.9,33.0
2025-01-08,1400 UTC,31.6,37.0,8,1,14,33.4,29.0
2025-01-08,1500 UTC,31.9,33.0,8,1,15,34.1,25.0
2025-01-08,1600 UTC,33.4,29.0,8,1,16,34.0,25.0
2025-01-08,1700 UTC,34.1,25.0,8,1,17,34.4,23.0
2025-01-08,1800 UTC,34.0,25.0,8,1,18,33.9,23.0
2025-01-08,1900 UTC,34.4,23.0,8,1,19,33.0,25.0
2025-01-08,2000 UTC,33.9,23.0,8,1,20,31.8,29.0
2025-01-08,2100 UTC,33.0,25.0,8,1,21,30.2,38.0
2025-01-08,2200 UTC,31.8,29.0,8,1,22,27.7,55.0
2025-01-08,2300 UTC,30.2,38.0,8,1,23,26.2,63.0
2025-01-09,0000 UTC,27.7,55.0,9,1,0,25.2,68.0
2025-01-09,0100 UTC,26.2,63.0,9,1,1,24.7,68.0
2025-01-09,0200 UTC,25.2,68.0,9,1,2,23.9,67.0
2025-01-09,0300 UTC,24.7,68.0,9,1,3,23.5,70.0
2025-01-09,0400 UTC,23.9,67.0,9,1,4,23.7,67.0
2025-01-09,0500 UTC,23.5,70.0,9,1,5,23.2,70.0
2025-01-09,0600 UTC,23.7,67.0,9,1,6,22.6,72.0
2025-01-09,0700 UTC,23.2,70.0,9,1,7,22.6,75.0
2025-01-09,0800 UTC,22.6,72.0,9,1,8,23.9,71.0
2025-01-09,0900 UTC,22.6,75.0,9,1,9,25.2,61.0
2025-01-09,1000 UTC,23.9,71.0,9,1,10,26.6,53.0
2025-01-09,1100 UTC,25.2,61.0,9,1,11,29.2,44.0
2025-01-09,1200 UTC,26.6,53.0,9,1,12,30.6,39.0
2025-01-09,1300 UTC,29.2,44.0,9,1,13,31.6,34.0
2025-01-09,1400 UTC,30.6,39.0,9,1,14,32.3,31.0
2025-01-09,1500 UTC,31.6,34.0,9,1,15,32.3,29.0
2025-01-09,1600 UTC,32.3,31.0,9,1,16,32.5,28.0
2025-01-09,1700 UTC,32.3,29.0,9,1,17,33.1,27.0
2025-01-09,1800 UTC,32.5,28.0,9,1,18,32.9,27.0
2025-01-09,1900 UTC,33.1,27.0,9,1,19,32.1,29.0
2025-01-09,2000 UTC,32.9,27.0,9,1,20,30.0,40.0
2025-01-09,2100 UTC,32.1,29.0,9,1,21,29.1,47.0
2025-01-09,2200 UTC,30.0,40.0,9,1,22,27.8,55.0
2025-01-09,2300 UTC,29.1,47.0,9,1,23,26.6,63.0
2025-01-10,0000 UTC,27.8,55.0,10,1,0,25.5,68.0
2025-01-10,0100 UTC,26.6,63.0,10,1,1,24.6,69.0
2025-01-10,0200 UTC,25.5,68.0,10,1,2,24.2,71.0
2025-01-10,0300 UTC,24.6,69.0,10,1,3,23.9,72.0
2025-01-10,0400 UTC,24.2,71.0,10,1,4,23.6,74.0
2025-01-10,0500 UTC,23.9,72.0,10,1,5,23.4,76.0
2025-01-10,0600 UTC,23.6,74.0,10,1,6,23.2,77.0
2025-01-10,0700 UTC,23.4,76.0,10,1,7,23.3,79.0
2025-01-10,0800 UTC,23.2,77.0,10,1,8,24.8,70.0
2025-01-10,0900 UTC,23.3,79.0,10,1,9,27.0,60.0
2025-01-10,1000 UTC,24.8,70.0,10,1,10,28.0,52.0
2025-01-10,1100 UTC,27.0,60.0,10,1,11,28.8,47.0
2025-01-10,1200 UTC,28.0,52.0,10,1,12,29.9,43.0
2025-01-10,1300 UTC,28.8,47.0,10,1,13,31.0,37.0
2025-01-10,1400 UTC,29.9,43.0,10,1,14,31.6,36.0
2025-01-10,1500 UTC,31.0,37.0,10,1,15,32.4,31.0
2025-01-10,1600 UTC,31.6,36.0,10,1,16,32.5,28.0
2025-01-10,1700 UTC,32.4,31.0,10,1,17,32.6,28.0
2025-01-10,1800 UTC,32.5,28.0,10,1,18,32.1,29.0
2025-01-10,1900 UTC,32.6,28.0,10,1,19,31.6,30.0
2025-01-10,2000 UTC,32.1,29.0,10,1,20,29.9,44.0
2025-01-10,2100 UTC,31.6,30.0,10,1,21,28.2,54.0
2025-01-10,2200 UTC,29.9,44.0,10,1,22,23.3,84.0
2025-01-10,2300 UTC,28.2,54.0,10,1,23,23.3,86.0
2025-01-11,0000 UTC,23.3,84.0,11,1,0,23.6,84.0
2025-01-11,0100 UTC,23.3,86.0,11,1,1,23.4,82.0
2025-01-11,0200 UTC,23.6,84.0,11,1,2,23.3,84.0
2025-01-11,0300 UTC,23.4,82.0,11,1,3,23.0,84.0
2025-01-11,0400 UTC,23.3,84.0,11,1,4,23.1,83.0
2025-01-11,0500 UTC,23.0,84.0,11,1,5,23.1,82.0
2025-01-11,0600 UTC,23.1,83.0,11,1,6,22.9,84.0
2025-01-11,0700 UTC,23.1,82.0,11,1,7,23.1,83.0
2025-01-11,0800 UTC,22.9,84.0,11,1,8,23.6,80.0
2025-01-11,0900 UTC,23.1,83.0,11,1,9,25.3,69.0
2025-01-11,1000 UTC,23.6,80.0,11,1,10,27.5,61.0
2025-01-11,1100 UTC,25.3,69.0,11,1,11,28.7,52.0
2025-01-11,1200 UTC,27.5,61.0,11,1,12,30.4,44.0
2025-01-11,1300 UTC,28.7,52.0,11,1,13,32.1,36.0
2025-01-11,1400 UTC,30.4,44.0,11,1,14,32.1,34.0
2025-01-11,1500 UTC,32.1,36.0,11,1,15,31.9,33.0
2025-01-11,1600 UTC,32.1,34.0,11,1,16,31.9,32.0
2025-01-11,1700 UTC,31.9,33.0,11,1,17,31.5,32.0
2025-01-11,1800 UTC,31.9,32.0,11,1,18,31.4,33.0
2025-01-11,1900 UTC,31.5,32.0,11,1,19,30.3,40.0
2025-01-11,2000 UTC,31.4,33.0,11,1,20,28.6,50.0
2025-01-11,2100 UTC,30.3,40.0,11,1,21,24.2,79.0
2025-01-11,2200 UTC,28.6,50.0,11,1,22,23.9,80.0
2025-01-11,2300 UTC,24.2,79.0,11,1,23,23.8,84.0
2025-01-12,0000 UTC,23.9,80.0,12,1,0,24.1,79.0
2025-01-12,0100 UTC,23.8,84.0,12,1,1,23.3,84.0
2025-01-12,0200 UTC,24.1,79.0,12,1,2,22.6,88.0
2025-01-12,0300 UTC,23.3,84.0,12,1,3,22.5,91.0
2025-01-12,0400 UTC,22.6,88.0,12,1,4,22.5,92.0
2025-01-12,0500 UTC,22.5,91.0,12,1,5,22.4,92.0
2025-01-12,0600 UTC,22.5,92.0,12,1,6,22.0,92.0
2025-01-12,0700 UTC,22.4,92.0,12,1,7,22.2,93.0
2025-01-12,0800 UTC,22.0,92.0,12,1,8,22.8,91.0
2025-01-12,0900 UTC,22.2,93.0,12,1,9,23.7,86.0
2025-01-12,1000 UTC,22.8,91.0,12,1,10,24.5,78.0
2025-01-12,1100 UTC,23.7,86.0,12,1,11,26.2,70.0
2025-01-12,1200 UTC,24.5,78.0,12,1,12,27.9,57.0
2025-01-12,1300 UTC,26.2,70.0,12,1,13,29.3,49.0
2025-01-12,1400 UTC,27.9,57.0,12,1,14,29.2,49.0
2025-01-12,1500 UTC,29.3,49.0,12,1,15,29.6,45.0
2025-01-12,1600 UTC,29.2,49.0,12,1,16,30.1,44.0
2025-01-12,1700 UTC,29.6,45.0,12,1,17,29.6,43.0
2025-01-12,1800 UTC,30.1,44.0,12,1,18,29.1,45.0
2025-01-12,1900 UTC,29.6,43.0,12,1,19,28.3,52.0
2025-01-12,2000 UTC,29.1,45.0,12,1,20,23.5,77.0
2025-01-12,2100 UTC,28.3,52.0,12,1,21,21.9,89.0
2025-01-12,2200 UTC,23.5,77.0,12,1,22,21.2,94.0
2025-01-12,2300 UTC,21.9,89.0,12,1,23,20.3,94.0
2025-01-13,0000 UTC,21.2,94.0,13,1,0,19.6,94.0
2025-01-13,0100 UTC,20.3,94.0,13,1,1,20.1,94.0
2025-01-13,0200 UTC,19.6,94.0,13,1,2,19.6,94.0
2025-01-13,0300 UTC,20.1,94.0,13,1,3,19.4,93.0
2025-01-13,0400 UTC,19.6,94.0,13,1,4,19.3,92.0
2025-01-13,0500 UTC,19.4,93.0,13,1,5,19.4,93.0
2025-01-13,0600 UTC,19.3,92.0,13,1,6,19.5,92.0
2025-01-13,0700 UTC,19.4,93.0,13,1,7,19.7,92.0
2025-01-13,0800 UTC,19.5,92.0,13,1,8,20.7,87.0
2025-01-13,0900 UTC,19.7,92.0,13,1,9,22.4,81.0
2025-01-13,1000 UTC,20.7,87.0,13,1,10,23.8,79.0
2025-01-13,1100 UTC,22.4,81.0,13,1,11,24.7,77.0
2025-01-13,1200 UTC,23.8,79.0,13,1,12,25.7,70.0
2025-01-13,1300 UTC,24.7,77.0,13,1,13,27.0,62.0
2025-01-13,1400 UTC,25.7,70.0,13,1,14,27.8,55.0
2025-01-13,1500 UTC,27.0,62.0,13,1,15,28.4,53.0
2025-01-13,1600 UTC,27.8,55.0,13,1,16,28.9,54.0
2025-01-13,1700 UTC,28.4,53.0,13,1,17,27.8,56.0
2025-01-13,1800 UTC,28.9,54.0,13,1,18,25.5,67.0
2025-01-13,1900 UTC,27.8,56.0,13,1,19,24.9,69.0
2025-01-13,2000 UTC,25.5,67.0,13,1,20,24.3,73.0
2025-01-13,2100 UTC,24.9,69.0,13,1,21,23.8,76.0
2025-01-13,2200 UTC,24.3,73.0,13,1,22,23.5,80.0
2025-01-13,2300 UTC,23.8,76.0,13,1,23,23.2,81.0
2025-01-14,0000 UTC,23.5,80.0,14,1,0,23.0,84.0
2025-01-14,0100 UTC,23.2,81.0,14,1,1,22.8,85.0
2025-01-14,0200 UTC,23.0,84.0,14,1,2,22.6,85.0
2025-01-14,0300 UTC,22.8,85.0,14,1,3,22.5,86.0
2025-01-14,0400 UTC,22.6,85.0,14,1,4,22.5,87.0
2025-01-14,0500 UTC,22.5,86.0,14,1,5,22.3,88.0
2025-01-14,0600 UTC,22.5,87.0,14,1,6,22.1,89.0
2025-01-14,0700 UTC,22.3,88.0,14,1,7,22.6,87.0
2025-01-14,0800 UTC,22.1,89.0,14,1,8,23.2,83.0
2025-01-14,0900 UTC,22.6,87.0,14,1,9,24.3,76.0
2025-01-14,1000 UTC,23.2,83.0,14,1,10,25.9,69.0
2025-01-14,1100 UTC,24.3,76.0,14,1,11,28.5,58.0
2025-01-14,1200 UTC,25.9,69.0,14,1,12,28.4,53.0
2025-01-14,1300 UTC,28.5,58.0,14,1,13,30.7,45.0
2025-01-14,1400 UTC,28.4,53.0,14,1,14,30.6,45.0
2025-01-14,1500 UTC,30.7,45.0,14,1,15,31.2,42.0
2025-01-14,1600 UTC,30.6,45.0,14,1,16,27.6,60.0
2025-01-14,1700 UTC,31.2,42.0,14,1,17,26.2,68.0
2025-01-14,1800 UTC,27.6,60.0,14,1,18,25.7,69.0
2025-01-14,1900 UTC,26.2,68.0,14,1,19,24.6,73.0
2025-01-14,2000 UTC,25.7,69.0,14,1,20,24.3,74.0
2025-01-14,2100 UTC,24.6,73.0,14,1,21,23.9,75.0
2025-01-14,2200 UTC,24.3,74.0,14,1,22,23.4,78.0
2025-01-14,2300 UTC,23.9,75.0,14,1,23,23.3,79.0
2025-01-15,0000 UTC,23.4,78.0,15,1,0,23.1,83.0
2025-01-15,0100 UTC,23.3,79.0,15,1,1,22.9,83.0
2025-01-15,0200 UTC,23.1,83.0,15,1,2,22.6,83.0
2025-01-15,0300 UTC,22.9,83.0,15,1,3,22.5,85.0
2025-01-15,0400 UTC,22.6,83.0,15,1,4,22.8,84.0
2025-01-15,0500 UTC,22.5,85.0,15,1,5,22.6,84.0
2025-01-15,0600 UTC,22.8,84.0,15,1,6,22.5,84.0
2025-01-15,0700 UTC,22.6,84.0,15,1,7,22.7,84.0
2025-01-15,0800 UTC,22.5,84.0,15,1,8,23.7,81.0
2025-01-15,0900 UTC,22.7,84.0,15,1,9,25.0,70.0
2025-01-15,1000 UTC,23.7,81.0,15,1,10,26.6,63.0
2025-01-15,1100 UTC,25.0,70.0,15,1,11,27.2,57.0
2025-01-15,1200 UTC,26.6,63.0,15,1,12,28.6,47.0
2025-01-15,1300 UTC,27.2,57.0,15,1,13,28.6,46.0
2025-01-15,1400 UTC,28.6,47.0,15,1,14,30.7,37.0
2025-01-15,1500 UTC,28.6,46.0,15,1,15,30.4,36.0
2025-01-15,1600 UTC,30.7,37.0,15,1,16,30.8,34.0
2025-01-15,1700 UTC,30.4,36.0,15,1,17,31.2,33.0
2025-01-15,1800 UTC,30.8,34.0,15,1,18,30.7,34.0
2025-01-15,1900 UTC,31.2,33.0,15,1,19,30.1,39.0
2025-01-15,2000 UTC,30.7,34.0,15,1,20,26.9,66.0
2025-01-15,2100 UTC,30.1,39.0,15,1,21,25.8,71.0
2025-01-15,2200 UTC,26.9,66.0,15,1,22,25.4,70.0
2025-01-15,2300 UTC,25.8,71.0,15,1,23,21.3,87.0
2025-01-16,0000 UTC,25.4,70.0,16,1,0,23.3,83.0
2025-01-16,0100 UTC,21.3,87.0,16,1,1,23.1,83.0
2025-01-16,0200 UTC,23.3,83.0,16,1,2,22.9,83.0
2025-01-16,0300 UTC,23.1,83.0,16,1,3,22.7,81.0
2025-01-16,0400 UTC,22.9,83.0,16,1,4,22.2,81.0
2025-01-16,0500 UTC,22.7,81.0,16,1,5,21.9,83.0
2025-01-16,0600 UTC,22.2,81.0,16,1,6,21.9,85.0
2025-01-16,0700 UTC,21.9,83.0,16,1,7,22.0,83.0
2025-01-16,0800 UTC,21.9,85.0,16,1,8,22.8,80.0
2025-01-16,0900 UTC,22.0,83.0,16,1,9,24.5,67.0
2025-01-16,1000 UTC,22.8,80.0,16,1,10,25.2,67.0
2025-01-16,1100 UTC,24.5,67.0,16,1,11,26.2,59.0
2025-01-16,1200 UTC,25.2,67.0,16,1,12,27.6,53.0
2025-01-16,1300 UTC,26.2,59.0,16,1,13,29.5,44.0
2025-01-16,1400 UTC,27.6,53.0,16,1,14,29.9,38.0
2025-01-16,1500 UTC,29.5,44.0,16,1,15,30.1,38.0
2025-01-16,1600 UTC,29.9,38.0,16,1,16,30.8,36.0
2025-01-16,1700 UTC,30.1,38.0,16,1,17,31.6,32.0
2025-01-16,1800 UTC,30.8,36.0,16,1,18,31.0,32.0
2025-01-16,1900 UTC,31.6,32.0,16,1,19,30.2,38.0
2025-01-16,2000 UTC,31.0,32.0,16,1,20,28.9,43.0
2025-01-16,2100 UTC,30.2,38.0,16,1,21,28.4,44.0
2025-01-16,2200 UTC,28.9,43.0,16,1,22,26.0,63.0
2025-01-16,2300 UTC,28.4,44.0,16,1,23,25.0,67.0
2025-01-17,0000 UTC,26.0,63.0,17,1,0,24.1,72.0
2025-01-17,0100 UTC,25.0,67.0,17,1,1,23.4,76.0
2025-01-17,0200 UTC,24.1,72.0,17,1,2,23.0,78.0
2025-01-17,0300 UTC,23.4,76.0,17,1,3,22.8,78.0
2025-01-17,0400 UTC,23.0,78.0,17,1,4,22.3,79.0
2025-01-17,0500 UTC,22.8,78.0,17,1,5,21.7,82.0
2025-01-17,0600 UTC,22.3,79.0,17,1,6,21.4,84.0
2025-01-17,0700 UTC,21.7,82.0,17,1,7,21.3,84.0
2025-01-17,0800 UTC,21.4,84.0,17,1,8,23.0,75.0
2025-01-17,0900 UTC,21.3,84.0,17,1,9,24.0,65.0
2025-01-17,1000 UTC,23.0,75.0,17,1,10,25.1,58.0
2025-01-17,1100 UTC,24.0,65.0,17,1,11,26.8,51.0
2025-01-17,1200 UTC,25.1,58.0,17,1,12,28.4,40.0
2025-01-17,1300 UTC,26.8,51.0,17,1,13,29.9,36.0
2025-01-17,1400 UTC,28.4,40.0,17,1,14,30.4,36.0
2025-01-17,1500 UTC,29.9,36.0,17,1,15,31.1,31.0
2025-01-17,1600 UTC,30.4,36.0,17,1,16,30.6,33.0
2025-01-17,1700 UTC,31.1,31.0,17,1,17,30.6,33.0
2025-01-17,1800 UTC,30.6,33.0,17,1,18,30.4,34.0
2025-01-17,1900 UTC,30.6,33.0,17,1,19,29.0,39.0
2025-01-17,2000 UTC,30.4,34.0,17,1,20,27.9,44.0
2025-01-17,2100 UTC,29.0,39.0,17,1,21,27.4,46.0
2025-01-17,2200 UTC,27.9,44.0,17,1,22,26.3,51.0
2025-01-17,2300 UTC,27.4,46.0,17,1,23,25.3,67.0
2025-01-18,0000 UTC,26.3,51.0,18,1,0,24.2,72.0
2025-01-18,0100 UTC,25.3,67.0,18,1,1,23.7,73.0
2025-01-18,0200 UTC,24.2,72.0,18,1,2,23.0,75.0
2025-01-18,0300 UTC,23.7,73.0,18,1,3,22.6,78.0
2025-01-18,0400 UTC,23.0,75.0,18,1,4,22.6,78.0
2025-01-18,0500 UTC,22.6,78.0,18,1,5,22.6,78.0
2025-01-18,0600 UTC,22.6,78.0,18,1,6,22.2,78.0
2025-01-18,0700 UTC,22.6,78.0,18,1,7,21.9,78.0
2025-01-18,0800 UTC,22.2,78.0,18,1,8,22.0,78.0
2025-01-18,0900 UTC,21.9,78.0,18,1,9,23.9,68.0
2025-01-18,1000 UTC,22.0,78.0,18,1,10,25.7,56.0
2025-01-18,1100 UTC,23.9,68.0,18,1,11,27.7,48.0
2025-01-18,1200 UTC,25.7,56.0,18,1,12,28.7,42.0
2025-01-18,1300 UTC,27.7,48.0,18,1,13,30.3,37.0
2025-01-18,1400 UTC,28.7,42.0,18,1,14,30.1,38.0
2025-01-18,1500 UTC,30.3,37.0,18,1,15,31.3,33.0
2025-01-18,1600 UTC,30.1,38.0,18,1,16,32.3,33.0
2025-01-18,1700 UTC,31.3,33.0,18,1,17,31.1,35.0
2025-01-18,1800 UTC,32.3,33.0,18,1,18,31.2,33.0
2025-01-18,1900 UTC,31.1,35.0,18,1,19,29.2,42.0
2025-01-18,2000 UTC,31.2,33.0,18,1,20,25.3,69.0
2025-01-18,2100 UTC,29.2,42.0,18,1,21,24.2,74.0
2025-01-18,2200 UTC,25.3,69.0,18,1,22,22.5,84.0
2025-01-18,2300 UTC,24.2,74.0,18,1,23,21.9,90.0
2025-01-19,0000 UTC,22.5,84.0,19,1,0,21.6,90.0
2025-01-19,0100 UTC,21.9,90.0,19,1,1,21.7,91.0
2025-01-19,0200 UTC,21.6,90.0,19,1,2,21.6,90.0
2025-01-19,0300 UTC,21.7,91.0,19,1,3,21.4,90.0
2025-01-19,0400 UTC,21.6,90.0,19,1,4,21.7,89.0
2025-01-19,0500 UTC,21.4,90.0,19,1,5,21.6,89.0
2025-01-19,0600 UTC,21.7,89.0,19,1,6,21.4,89.0
2025-01-19,0700 UTC,21.6,89.0,19,1,7,21.6,89.0
2025-01-19,0800 UTC,21.4,89.0,19,1,8,21.8,88.0
2025-01-19,0900 UTC,21.6,89.0,19,1,9,22.6,83.0
2025-01-19,1000 UTC,21.8,88.0,19,1,10,23.5,80.0
2025-01-19,1100 UTC,22.6,83.0,19,1,11,25.5,70.0
2025-01-19,1200 UTC,23.5,80.0,19,1,12,26.6,65.0
2025-01-19,1300 UTC,25.5,70.0,19,1,13,27.6,60.0
2025-01-19,1400 UTC,26.6,65.0,19,1,14,27.8,62.0
2025-01-19,1500 UTC,27.6,60.0,19,1,15,27.8,61.0
2025-01-19,1600 UTC,27.8,62.0,19,1,16,28.1,53.0
2025-01-19,1700 UTC,27.8,61.0,19,1,17,27.9,59.0
2025-01-19,1800 UTC,28.1,53.0,19,1,18,28.0,59.0
2025-01-19,1900 UTC,27.9,59.0,19,1,19,23.7,75.0
2025-01-19,2000 UTC,28.0,59.0,19,1,20,21.7,93.0
2025-01-19,2100 UTC,23.7,75.0,19,1,21,21.4,94.0
2025-01-19,2200 UTC,21.7,93.0,19,1,22,21.7,94.0
2025-01-19,2300 UTC,21.4,94.0,19,1,23,21.9,93.0
2025-01-20,0000 UTC,21.7,94.0,20,1,0,21.9,92.0
2025-01-20,0100 UTC,21.9,93.0,20,1,1,21.7,93.0
2025-01-20,0200 UTC,21.9,92.0,20,1,2,21.6,92.0
2025-01-20,0300 UTC,21.7,93.0,20,1,3,21.3,93.0
2025-01-20,0400 UTC,21.6,92.0,20,1,4,21.7,93.0
2025-01-20,0500 UTC,21.3,93.0,20,1,5,21.9,91.0
2025-01-20,0600 UTC,21.7,93.0,20,1,6,21.9,91.0
2025-01-20,0700 UTC,21.9,91.0,20,1,7,22.0,91.0
2025-01-20,0800 UTC,21.9,91.0,20,1,8,22.3,88.0
2025-01-20,0900 UTC,22.0,91.0,20,1,9,23.6,81.0
2025-01-20,1000 UTC,22.3,88.0,20,1,10,25.5,75.0
2025-01-20,1100 UTC,23.6,81.0,20,1,11,26.5,69.0
2025-01-20,1200 UTC,25.5,75.0,20,1,12,27.8,58.0
2025-01-20,1300 UTC,26.5,69.0,20,1,13,28.6,52.0
2025-01-20,1400 UTC,27.8,58.0,20,1,14,29.7,47.0
2025-01-20,1500 UTC,28.6,52.0,20,1,15,30.9,40.0
2025-01-20,1600 UTC,29.7,47.0,20,1,16,30.4,41.0
2025-01-20,1700 UTC,30.9,40.0,20,1,17,30.6,42.0
2025-01-20,1800 UTC,30.4,41.0,20,1,18,30.4,40.0
2025-01-20,1900 UTC,30.6,42.0,20,1,19,28.5,49.0
2025-01-20,2000 UTC,30.4,40.0,20,1,20,27.4,56.0
2025-01-20,2100 UTC,28.5,49.0,20,1,21,26.9,57.0
2025-01-20,2200 UTC,27.4,56.0,20,1,22,26.4,61.0
2025-01-20,2300 UTC,26.9,57.0,20,1,23,25.9,61.0
2025-01-21,0000 UTC,26.4,61.0,21,1,0,24.8,68.0
2025-01-21,0100 UTC,25.9,61.0,21,1,1,24.0,74.0
2025-01-21,0200 UTC,24.8,68.0,21,1,2,23.3,79.0
2025-01-21,0300 UTC,24.0,74.0,21,1,3,22.6,82.0
2025-01-21,0400 UTC,23.3,79.0,21,1,4,22.1,84.0
2025-01-21,0500 UTC,22.6,82.0,21,1,5,21.7,87.0
2025-01-21,0600 UTC,22.1,84.0,21,1,6,21.4,89.0
2025-01-21,0700 UTC,21.7,87.0,21,1,7,21.8,88.0
2025-01-21,0800 UTC,21.4,89.0,21,1,8,22.7,84.0
2025-01-21,0900 UTC,21.8,88.0,21,1,9,23.8,76.0
2025-01-21,1000 UTC,22.7,84.0,21,1,10,25.8,69.0
2025-01-21,1100 UTC,23.8,76.0,21,1,11,27.0,63.0
2025-01-21,1200 UTC,25.8,69.0,21,1,12,28.2,55.0
2025-01-21,1300 UTC,27.0,63.0,21,1,13,29.6,51.0
2025-01-21,1400 UTC,28.2,55.0,21,1,14,29.9,47.0
2025-01-21,1500 UTC,29.6,51.0,21,1,15,31.2,43.0
2025-01-21,1600 UTC,29.9,47.0,21,1,16,30.6,44.0
2025-01-21,1700 UTC,31.2,43.0,21,1,17,31.6,41.0
2025-01-21,1800 UTC,30.6,44.0,21,1,18,26.3,56.0
2025-01-21,1900 UTC,31.6,41.0,21,1,19,23.3,80.0
2025-01-21,2000 UTC,26.3,56.0,21,1,20,22.5,81.0
2025-01-21,2100 UTC,23.3,80.0,21,1,21,22.5,86.0
2025-01-21,2200 UTC,22.5,81.0,21,1,22,23.0,87.0
2025-01-21,2300 UTC,22.5,86.0,21,1,23,22.1,87.0
2025-01-22,0000 UTC,23.0,87.0,22,1,0,21.3,91.0
2025-01-22,0100 UTC,22.1,87.0,22,1,1,21.7,90.0
2025-01-22,0200 UTC,21.3,91.0,22,1,2,22.0,88.0
2025-01-22,0300 UTC,21.7,90.0,22,1,3,21.5,89.0
2025-01-22,0400 UTC,22.0,88.0,22,1,4,21.3,90.0
2025-01-22,0500 UTC,21.5,89.0,22,1,5,21.4,91.0
2025-01-22,0600 UTC,21.3,90.0,22,1,6,21.3,92.0
2025-01-22,0700 UTC,21.4,91.0,22,1,7,21.5,92.0
2025-01-22,0800 UTC,21.3,92.0,22,1,8,23.3,86.0
2025-01-22,0900 UTC,21.5,92.0,22,1,9,24.0,83.0
2025-01-22,1000 UTC,23.3,86.0,22,1,10,26.0,75.0
2025-01-22,1100 UTC,24.0,83.0,22,1,11,27.2,67.0
2025-01-22,1200 UTC,26.0,75.0,22,1,12,28.1,59.0
2025-01-22,1300 UTC,27.2,67.0,22,1,13,29.9,51.0
2025-01-22,1400 UTC,28.1,59.0,22,1,14,30.8,49.0
2025-01-22,1500 UTC,29.9,51.0,22,1,15,29.6,50.0
2025-01-22,1600 UTC,30.8,49.0,22,1,16,30.1,51.0
2025-01-22,1700 UTC,29.6,50.0,22,1,17,28.7,61.0
2025-01-22,1800 UTC,30.1,51.0,22,1,18,28.8,56.0
2025-01-22,1900 UTC,28.7,61.0,22,1,19,27.9,58.0
2025-01-22,2000 UTC,28.8,56.0,22,1,20,26.0,69.0
2025-01-22,2100 UTC,27.9,58.0,22,1,21,24.8,75.0
2025-01-22,2200 UTC,26.0,69.0,22,1,22,24.3,78.0
2025-01-22,2300 UTC,24.8,75.0,22,1,23,23.9,79.0
2025-01-23,0000 UTC,24.3,78.0,23,1,0,23.6,75.0
2025-01-23,0100 UTC,23.9,79.0,23,1,1,23.1,79.0
2025-01-23,0200 UTC,23.6,75.0,23,1,2,22.3,81.0
2025-01-23,0300 UTC,23.1,79.0,23,1,3,22.0,81.0
2025-01-23,0400 UTC,22.3,81.0,23,1,4,21.7,82.0
2025-01-23,0500 UTC,22.0,81.0,23,1,5,21.2,84.0
2025-01-23,0600 UTC,21.7,82.0,23,1,6,20.7,87.0
2025-01-23,0700 UTC,21.2,84.0,23,1,7,20.9,88.0
2025-01-23,0800 UTC,20.7,87.0,23,1,8,22.1,82.0
2025-01-23,0900 UTC,20.9,88.0,23,1,9,23.3,76.0
2025-01-23,1000 UTC,22.1,82.0,23,1,10,25.1,66.0
2025-01-23,1100 UTC,23.3,76.0,23,1,11,26.1,61.0
2025-01-23,1200 UTC,25.1,66.0,23,1,12,27.7,55.0
2025-01-23,1300 UTC,26.1,61.0,23,1,13,28.7,52.0
2025-01-23,1400 UTC,27.7,55.0,23,1,14,29.7,44.0
2025-01-23,1500 UTC,28.7,52.0,23,1,15,30.1,39.0
2025-01-23,1600 UTC,29.7,44.0,23,1,16,30.0,39.0
2025-01-23,1700 UTC,30.1,39.0,23,1,17,30.3,38.0
2025-01-23,1800 UTC,30.0,39.0,23,1,18,30.2,38.0
2025-01-23,1900 UTC,30.3,38.0,23,1,19,29.0,42.0
2025-01-23,2000 UTC,30.2,38.0,23,1,20,27.3,52.0
2025-01-23,2100 UTC,29.0,42.0,23,1,21,27.0,52.0
2025-01-23,2200 UTC,27.3,52.0,23,1,22,26.4,60.0
2025-01-23,2300 UTC,27.0,52.0,23,1,23,25.4,66.0
2025-01-24,0000 UTC,26.4,60.0,24,1,0,24.7,68.0
2025-01-24,0100 UTC,25.4,66.0,24,1,1,23.9,71.0
2025-01-24,0200 UTC,24.7,68.0,24,1,2,23.2,75.0
2025-01-24,0300 UTC,23.9,71.0,24,1,3,22.9,74.0
2025-01-24,0400 UTC,23.2,75.0,24,1,4,22.2,78.0
2025-01-24,0500 UTC,22.9,74.0,24,1,5,21.8,81.0
2025-01-24,0600 UTC,22.2,78.0,24,1,6,21.2,81.0
2025-01-24,0700 UTC,21.8,81.0,24,1,7,21.2,81.0
2025-01-24,0800 UTC,21.2,81.0,24,1,8,22.5,74.0
2025-01-24,0900 UTC,21.2,81.0,24,1,9,24.0,63.0
2025-01-24,1000 UTC,22.5,74.0,24,1,10,25.2,59.0
2025-01-24,1100 UTC,24.0,63.0,24,1,11,26.5,52.0
2025-01-24,1200 UTC,25.2,59.0,24,1,12,28.0,47.0
2025-01-24,1300 UTC,26.5,52.0,24,1,13,29.1,44.0
2025-01-24,1400 UTC,28.0,47.0,24,1,14,29.3,40.0
2025-01-24,1500 UTC,29.1,44.0,24,1,15,31.1,38.0
2025-01-24,1600 UTC,29.3,40.0,24,1,16,31.1,37.0
2025-01-24,1700 UTC,31.1,38.0,24,1,17,31.1,35.0
2025-01-24,1800 UTC,31.1,37.0,24,1,18,29.3,45.0
2025-01-24,1900 UTC,31.1,35.0,24,1,19,28.3,50.0
2025-01-24,2000 UTC,29.3,45.0,24,1,20,27.4,53.0
2025-01-24,2100 UTC,28.3,50.0,24,1,21,26.3,56.0
2025-01-24,2200 UTC,27.4,53.0,24,1,22,25.8,61.0
2025-01-24,2300 UTC,26.3,56.0,24,1,23,25.4,68.0
2025-01-25,0000 UTC,25.8,61.0,25,1,0,24.3,73.0
2025-01-25,0100 UTC,25.4,68.0,25,1,1,23.4,76.0
2025-01-25,0200 UTC,24.3,73.0,25,1,2,22.8,77.0
2025-01-25,0300 UTC,23.4,76.0,25,1,3,22.4,79.0
2025-01-25,0400 UTC,22.8,77.0,25,1,4,21.6,82.0
2025-01-25,0500 UTC,22.4,79.0,25,1,5,21.2,84.0
2025-01-25,0600 UTC,21.6,82.0,25,1,6,21.0,85.0
2025-01-25,0700 UTC,21.2,84.0,25,1,7,21.5,84.0
2025-01-25,0800 UTC,21.0,85.0,25,1,8,23.0,78.0
2025-01-25,0900 UTC,21.5,84.0,25,1,9,24.0,75.0
2025-01-25,1000 UTC,23.0,78.0,25,1,10,25.8,66.0
2025-01-25,1100 UTC,24.0,75.0,25,1,11,26.9,59.0
2025-01-25,1200 UTC,25.8,66.0,25,1,12,28.1,56.0
2025-01-25,1300 UTC,26.9,59.0,25,1,13,29.4,50.0
2025-01-25,1400 UTC,28.1,56.0,25,1,14,30.0,46.0
2025-01-25,1500 UTC,29.4,50.0,25,1,15,30.6,42.0
2025-01-25,1600 UTC,30.0,46.0,25,1,16,30.2,41.0
2025-01-25,1700 UTC,30.6,42.0,25,1,17,30.9,39.0
2025-01-25,1800 UTC,30.2,41.0,25,1,18,28.4,52.0
2025-01-25,1900 UTC,30.9,39.0,25,1,19,27.4,57.0
2025-01-25,2000 UTC,28.4,52.0,25,1,20,22.8,77.0
2025-01-25,2100 UTC,27.4,57.0,25,1,21,22.0,80.0
2025-01-25,2200 UTC,22.8,77.0,25,1,22,22.2,83.0
2025-01-25,2300 UTC,22.0,80.0,25,1,23,22.4,83.0
2025-01-26,0000 UTC,22.2,83.0,26,1,0,22.4,85.0
2025-01-26,0100 UTC,22.4,83.0,26,1,1,22.7,85.0
2025-01-26,0200 UTC,22.4,85.0,26,1,2,22.3,87.0
2025-01-26,0300 UTC,22.7,85.0,26,1,3,22.0,89.0
2025-01-26,0400 UTC,22.3,87.0,26,1,4,21.6,89.0
2025-01-26,0500 UTC,22.0,89.0,26,1,5,21.2,90.0
2025-01-26,0600 UTC,21.6,89.0,26,1,6,21.1,90.0
2025-01-26,0700 UTC,21.2,90.0,26,1,7,21.3,89.0
2025-01-26,0800 UTC,21.1,90.0,26,1,8,22.2,86.0
2025-01-26,0900 UTC,21.3,89.0,26,1,9,23.5,80.0
2025-01-26,1000 UTC,22.2,86.0,26,1,10,24.3,73.0
2025-01-26,1100 UTC,23.5,80.0,26,1,11,25.7,67.0
2025-01-26,1200 UTC,24.3,73.0,26,1,12,27.4,59.0
2025-01-26,1300 UTC,25.7,67.0,26,1,13,28.8,50.0
2025-01-26,1400 UTC,27.4,59.0,26,1,14,29.6,47.0
2025-01-26,1500 UTC,28.8,50.0,26,1,15,30.2,43.0
2025-01-26,1600 UTC,29.6,47.0,26,1,16,26.3,68.0
2025-01-26,1700 UTC,30.2,43.0,26,1,17,25.9,67.0
2025-01-26,1800 UTC,26.3,68.0,26,1,18,25.5,60.0
2025-01-26,1900 UTC,25.9,67.0,26,1,19,24.3,74.0
2025-01-26,2000 UTC,25.5,60.0,26,1,20,23.3,84.0
2025-01-26,2100 UTC,24.3,74.0,26,1,21,23.4,85.0
2025-01-26,2200 UTC,23.3,84.0,26,1,22,23.0,89.0
2025-01-26,2300 UTC,23.4,85.0,26,1,23,23.1,86.0
2025-01-27,0000 UTC,23.0,89.0,27,1,0,22.9,85.0
2025-01-27,0100 UTC,23.1,86.0,27,1,1,22.3,85.0
2025-01-27,0200 UTC,22.9,85.0,27,1,2,21.7,84.0
2025-01-27,0300 UTC,22.3,85.0,27,1,3,21.6,85.0
2025-01-27,0400 UTC,21.7,84.0,27,1,4,21.3,87.0
2025-01-27,0500 UTC,21.6,85.0,27,1,5,21.3,88.0
2025-01-27,0600 UTC,21.3,87.0,27,1,6,21.5,87.0
2025-01-27,0700 UTC,21.3,88.0,27,1,7,21.3,88.0
2025-01-27,0800 UTC,21.5,87.0,27,1,8,23.2,80.0
2025-01-27,0900 UTC,21.3,88.0,27,1,9,23.7,76.0
2025-01-27,1000 UTC,23.2,80.0,27,1,10,24.4,75.0
2025-01-27,1100 UTC,23.7,76.0,27,1,11,25.2,71.0
2025-01-27,1200 UTC,24.4,75.0,27,1,12,27.4,64.0
2025-01-27,1300 UTC,25.2,71.0,27,1,13,27.8,61.0
2025-01-27,1400 UTC,27.4,64.0,27,1,14,29.4,55.0
2025-01-27,1500 UTC,27.8,61.0,27,1,15,28.2,66.0
2025-01-27,1600 UTC,29.4,55.0,27,1,16,28.9,57.0
2025-01-27,1700 UTC,28.2,66.0,27,1,17,21.9,93.0
2025-01-27,1800 UTC,28.9,57.0,27,1,18,21.2,90.0
2025-01-27,1900 UTC,21.9,93.0,27,1,19,22.0,91.0
2025-01-27,2000 UTC,21.2,90.0,27,1,20,22.4,91.0
2025-01-27,2100 UTC,22.0,91.0,27,1,21,22.8,89.0
2025-01-27,2200 UTC,22.4,91.0,27,1,22,22.2,89.0
2025-01-27,2300 UTC,22.8,89.0,27,1,23,22.1,89.0
2025-01-28,0000 UTC,22.2,89.0,28,1,0,22.1,90.0
2025-01-28,0100 UTC,22.1,89.0,28,1,1,22.1,91.0
2025-01-28,0200 UTC,22.1,90.0,28,1,2,21.8,91.0
2025-01-28,0300 UTC,22.1,91.0,28,1,3,21.9,91.0
2025-01-28,0400 UTC,21.8,91.0,28,1,4,21.8,92.0
2025-01-28,0500 UTC,21.9,91.0,28,1,5,21.9,92.0
2025-01-28,0600 UTC,21.8,92.0,28,1,6,21.8,92.0
2025-01-28,0700 UTC,21.9,92.0,28,1,7,21.7,92.0
2025-01-28,0800 UTC,21.8,92.0,28,1,8,22.2,91.0
2025-01-28,0900 UTC,21.7,92.0,28,1,9,23.8,83.0
2025-01-28,1000 UTC,22.2,91.0,28,1,10,24.4,77.0
2025-01-28,1100 UTC,23.8,83.0,28,1,11,26.2,70.0
2025-01-28,1200 UTC,24.4,77.0,28,1,12,27.5,58.0
2025-01-28,1300 UTC,26.2,70.0,28,1,13,27.9,59.0
2025-01-28,1400 UTC,27.5,58.0,28,1,14,28.8,56.0
2025-01-28,1500 UTC,27.9,59.0,28,1,15,28.5,55.0
2025-01-28,1600 UTC,28.8,56.0,28,1,16,29.6,47.0
2025-01-28,1700 UTC,28.5,55.0,28,1,17,27.4,57.0
2025-01-28,1800 UTC,29.6,47.0,28,1,18,26.9,59.0
2025-01-28,1900 UTC,27.4,57.0,28,1,19,26.2,57.0
2025-01-28,2000 UTC,26.9,59.0,28,1,20,25.1,65.0
2025-01-28,2100 UTC,26.2,57.0,28,1,21,24.4,69.0
2025-01-28,2200 UTC,25.1,65.0,28,1,22,23.6,74.0
2025-01-28,2300 UTC,24.4,69.0,28,1,23,23.2,78.0
2025-01-29,0000 UTC,23.6,74.0,29,1,0,22.9,79.0
2025-01-29,0100 UTC,23.2,78.0,29,1,1,22.8,80.0
2025-01-29,0200 UTC,22.9,79.0,29,1,2,22.5,84.0
2025-01-29,0300 UTC,22.8,80.0,29,1,3,22.6,84.0
2025-01-29,0400 UTC,22.5,84.0,29,1,4,22.3,85.0
2025-01-29,0500 UTC,22.6,84.0,29,1,5,21.7,88.0
2025-01-29,0600 UTC,22.3,85.0,29,1,6,21.4,90.0
2025-01-29,0700 UTC,21.7,88.0,29,1,7,21.8,89.0
2025-01-29,0800 UTC,21.4,90.0,29,1,8,22.7,83.0
2025-01-29,0900 UTC,21.8,89.0,29,1,9,23.5,75.0
2025-01-29,1000 UTC,22.7,83.0,29,1,10,24.8,70.0
2025-01-29,1100 UTC,23.5,75.0,29,1,11,25.7,67.0
2025-01-29,1200 UTC,24.8,70.0,29,1,12,26.9,61.0
2025-01-29,1300 UTC,25.7,67.0,29,1,13,28.4,56.0
2025-01-29,1400 UTC,26.9,61.0,29,1,14,29.2,48.0
2025-01-29,1500 UTC,28.4,56.0,29,1,15,30.1,45.0
2025-01-29,1600 UTC,29.2,48.0,29,1,16,30.2,46.0
2025-01-29,1700 UTC,30.1,45.0,29,1,17,24.8,78.0
2025-01-29,1800 UTC,30.2,46.0,29,1,18,22.5,93.0
2025-01-29,1900 UTC,24.8,78.0,29,1,19,22.7,89.0
2025-01-29,2000 UTC,22.5,93.0,29,1,20,23.1,86.0
2025-01-29,2100 UTC,22.7,89.0,29,1,21,23.0,88.0
2025-01-29,2200 UTC,23.1,86.0,29,1,22,22.8,86.0
2025-01-29,2300 UTC,23.0,88.0,29,1,23,22.7,88.0
2025-01-30,0000 UTC,22.8,86.0,30,1,0,22.5,90.0
2025-01-30,0100 UTC,22.7,88.0,30,1,1,22.5,88.0
2025-01-30,0200 UTC,22.5,90.0,30,1,2,22.2,89.0
2025-01-30,0300 UTC,22.5,88.0,30,1,3,22.0,90.0
2025-01-30,0400 UTC,22.2,89.0,30,1,4,21.9,90.0
2025-01-30,0500 UTC,22.0,90.0,30,1,5,22.0,90.0
2025-01-30,0600 UTC,21.9,90.0,30,1,6,22.0,89.0
2025-01-30,0700 UTC,22.0,90.0,30,1,7,22.2,88.0
2025-01-30,0800 UTC,22.0,89.0,30,1,8,23.0,84.0
2025-01-30,0900 UTC,22.2,88.0,30,1,9,23.7,79.0
2025-01-30,1000 UTC,23.0,84.0,30,1,10,24.7,73.0
2025-01-30,1100 UTC,23.7,79.0,30,1,11,26.1,68.0
2025-01-30,1200 UTC,24.7,73.0,30,1,12,27.7,58.0
2025-01-30,1300 UTC,26.1,68.0,30,1,13,28.6,54.0
2025-01-30,1400 UTC,27.7,58.0,30,1,14,29.6,50.0
2025-01-30,1500 UTC,28.6,54.0,30,1,15,30.0,44.0
2025-01-30,1600 UTC,29.6,50.0,30,1,16,30.6,41.0
2025-01-30,1700 UTC,30.0,44.0,30,1,17,30.5,41.0
2025-01-30,1800 UTC,30.6,41.0,30,1,18,30.1,42.0
2025-01-30,1900 UTC,30.5,41.0,30,1,19,28.8,49.0
2025-01-30,2000 UTC,30.1,42.0,30,1,20,28.0,57.0
2025-01-30,2100 UTC,28.8,49.0,30,1,21,26.7,67.0
2025-01-30,2200 UTC,28.0,57.0,30,1,22,26.6,64.0
2025-01-30,2300 UTC,26.7,67.0,30,1,23,25.7,70.0
2025-01-31,0000 UTC,26.6,64.0,31,1,0,24.8,75.0
2025-01-31,0100 UTC,25.7,70.0,31,1,1,24.0,79.0
2025-01-31,0200 UTC,24.8,75.0,31,1,2,23.4,82.0
2025-01-31,0300 UTC,24.0,79.0,31,1,3,22.7,84.0
2025-01-31,0400 UTC,23.4,82.0,31,1,4,22.2,85.0
2025-01-31,0500 UTC,22.7,84.0,31,1,5,21.9,86.0
2025-01-31,0600 UTC,22.2,85.0,31,1,6,21.8,86.0
2025-01-31,0700 UTC,21.9,86.0,31,1,7,21.7,86.0
2025-01-31,0800 UTC,21.8,86.0,31,1,8,22.0,85.0
2025-01-31,0900 UTC,21.7,86.0,31,1,9,23.2,77.0
2025-01-31,1000 UTC,22.0,85.0,31,1,10,24.9,64.0
2025-01-31,1100 UTC,23.2,77.0,31,1,11,25.2,62.0
2025-01-31,1200 UTC,24.9,64.0,31,1,12,27.1,53.0
2025-01-31,1300 UTC,25.2,62.0,31,1,13,28.2,46.0
2025-01-31,1400 UTC,27.1,53.0,31,1,14,29.1,42.0
2025-01-31,1500 UTC,28.2,46.0,31,1,15,29.7,43.0
2025-01-31,1600 UTC,29.1,42.0,31,1,16,30.1,42.0
2025-01-31,1700 UTC,29.7,43.0,31,1,17,30.2,42.0
2025-01-31,1800 UTC,30.1,42.0,31,1,18,29.5,41.0
2025-01-31,1900 UTC,30.2,42.0,31,1,19,28.7,48.0
2025-01-31,2000 UTC,29.5,41.0,31,1,20,28.1,50.0
2025-01-31,2100 UTC,28.7,48.0,31,1,21,26.7,55.0
2025-01-31,2200 UTC,28.1,50.0,31,1,22,25.4,62.0
2025-01-31,2300 UTC,26.7,55.0,31,1,23,24.5,66.0
2025-02-01,0000 UTC,25.4,62.0,1,2,0,23.5,71.0
2025-02-01,0100 UTC,24.5,66.0,1,2,1,22.4,77.0
2025-02-01,0200 UTC,23.5,71.0,1,2,2,21.5,82.0
2025-02-01,0300 UTC,22.4,77.0,1,2,3,20.9,85.0
2025-02-01,0400 UTC,21.5,82.0,1,2,4,20.5,88.0
2025-02-01,0500 UTC,20.9,85.0,1,2,5,20.3,89.0
2025-02-01,0600 UTC,20.5,88.0,1,2,6,19.9,90.0
2025-02-01,0700 UTC,20.3,89.0,1,2,7,20.3,89.0
2025-02-01,0800 UTC,19.9,90.0,1,2,8,21.9,81.0
2025-02-01,0900 UTC,20.3,89.0,1,2,9,24.1,68.0
2025-02-01,1000 UTC,21.9,81.0,1,2,10,25.5,59.0
2025-02-01,1100 UTC,24.1,68.0,1,2,11,26.9,53.0
2025-02-01,1200 UTC,25.5,59.0,1,2,12,27.9,50.0
2025-02-01,1300 UTC,26.9,53.0,1,2,13,28.7,48.0
2025-02-01,1400 UTC,27.9,50.0,1,2,14,29.7,43.0
2025-02-01,1500 UTC,28.7,48.0,1,2,15,30.9,40.0
2025-02-01,1600 UTC,29.7,43.0,1,2,16,30.6,35.0
2025-02-01,1700 UTC,30.9,40.0,1,2,17,30.9,32.0
2025-02-01,1800 UTC,30.6,35.0,1,2,18,30.0,37.0
2025-02-01,1900 UTC,30.9,32.0,1,2,19,28.6,43.0
2025-02-01,2000 UTC,30.0,37.0,1,2,20,27.0,63.0
2025-02-01,2100 UTC,28.6,43.0,1,2,21,24.9,74.0
2025-02-01,2200 UTC,27.0,63.0,1,2,22,24.5,75.0
2025-02-01,2300 UTC,24.9,74.0,1,2,23,24.0,75.0
2025-02-02,0000 UTC,24.5,75.0,2,2,0,23.4,78.0
2025-02-02,0100 UTC,24.0,75.0,2,2,1,23.0,80.0
2025-02-02,0200 UTC,23.4,78.0,2,2,2,22.4,79.0
2025-02-02,0300 UTC,23.0,80.0,2,2,3,21.6,83.0
2025-02-02,0400 UTC,22.4,79.0,2,2,4,21.2,85.0
2025-02-02,0500 UTC,21.6,83.0,2,2,5,20.7,88.0
2025-02-02,0600 UTC,21.2,85.0,2,2,6,20.5,89.0
2025-02-02,0700 UTC,20.7,88.0,2,2,7,20.7,89.0
2025-02-02,0800 UTC,20.5,89.0,2,2,8,22.4,82.0
2025-02-02,0900 UTC,20.7,89.0,2,2,9,24.5,72.0
2025-02-02,1000 UTC,22.4,82.0,2,2,10,25.1,65.0
2025-02-02,1100 UTC,24.5,72.0,2,2,11,26.5,58.0
2025-02-02,1200 UTC,25.1,65.0,2,2,12,28.0,54.0
2025-02-02,1300 UTC,26.5,58.0,2,2,13,29.4,43.0
2025-02-02,1400 UTC,28.0,54.0,2,2,14,29.5,41.0
2025-02-02,1500 UTC,29.4,43.0,2,2,15,30.6,38.0
2025-02-02,1600 UTC,29.5,41.0,2,2,16,30.4,36.0
2025-02-02,1700 UTC,30.6,38.0,2,2,17,30.4,37.0
2025-02-02,1800 UTC,30.4,36.0,2,2,18,30.2,36.0
2025-02-02,1900 UTC,30.4,37.0,2,2,19,28.9,43.0
2025-02-02,2000 UTC,30.2,36.0,2,2,20,27.2,48.0
2025-02-02,2100 UTC,28.9,43.0,2,2,21,26.6,52.0
2025-02-02,2200 UTC,27.2,48.0,2,2,22,25.7,62.0
2025-02-02,2300 UTC,26.6,52.0,2,2,23,25.0,69.0
2025-02-03,0000 UTC,25.7,62.0,3,2,0,24.0,74.0
2025-02-03,0100 UTC,25.0,69.0,3,2,1,22.9,79.0
2025-02-03,0200 UTC,24.0,74.0,3,2,2,21.7,84.0
2025-02-03,0300 UTC,22.9,79.0,3,2,3,21.1,87.0
2025-02-03,0400 UTC,21.7,84.0,3,2,4,20.5,87.0
2025-02-03,0500 UTC,21.1,87.0,3,2,5,20.1,85.0
2025-02-03,0600 UTC,20.5,87.0,3,2,6,19.5,85.0
2025-02-03,0700 UTC,20.1,85.0,3,2,7,19.6,86.0
2025-02-03,0800 UTC,19.5,85.0,3,2,8,23.2,70.0
2025-02-03,0900 UTC,19.6,86.0,3,2,9,24.4,66.0
2025-02-03,1000 UTC,23.2,70.0,3,2,10,25.4,62.0
2025-02-03,1100 UTC,24.4,66.0,3,2,11,27.1,57.0
2025-02-03,1200 UTC,25.4,62.0,3,2,12,29.5,46.0
2025-02-03,1300 UTC,27.1,57.0,3,2,13,29.3,42.0
2025-02-03,1400 UTC,29.5,46.0,3,2,14,30.9,38.0
2025-02-03,1500 UTC,29.3,42.0,3,2,15,30.9,33.0
2025-02-03,1600 UTC,30.9,38.0,3,2,16,31.0,33.0
2025-02-03,1700 UTC,30.9,33.0,3,2,17,30.9,33.0
2025-02-03,1800 UTC,31.0,33.0,3,2,18,29.9,35.0
2025-02-03,1900 UTC,30.9,33.0,3,2,19,28.1,42.0
2025-02-03,2000 UTC,29.9,35.0,3,2,20,26.6,49.0
2025-02-03,2100 UTC,28.1,42.0,3,2,21,25.4,53.0
2025-02-03,2200 UTC,26.6,49.0,3,2,22,24.1,60.0
2025-02-03,2300 UTC,25.4,53.0,3,2,23,22.6,68.0
2025-02-04,0000 UTC,24.1,60.0,4,2,0,22.0,72.0
2025-02-04,0100 UTC,22.6,68.0,4,2,1,21.4,77.0
2025-02-04,0200 UTC,22.0,72.0,4,2,2,21.0,80.0
2025-02-04,0300 UTC,21.4,77.0,4,2,3,20.5,83.0
2025-02-04,0400 UTC,21.0,80.0,4,2,4,20.1,85.0
2025-02-04,0500 UTC,20.5,83.0,4,2,5,20.0,86.0
2025-02-04,0600 UTC,20.1,85.0,4,2,6,19.5,86.0
2025-02-04,0700 UTC,20.0,86.0,4,2,7,19.8,86.0
2025-02-04,0800 UTC,19.5,86.0,4,2,8,23.0,76.0
2025-02-04,0900 UTC,19.8,86.0,4,2,9,24.4,67.0
2025-02-04,1000 UTC,23.0,76.0,4,2,10,26.2,56.0
2025-02-04,1100 UTC,24.4,67.0,4,2,11,27.6,50.0
2025-02-04,1200 UTC,26.2,56.0,4,2,12,28.3,47.0
2025-02-04,1300 UTC,27.6,50.0,4,2,13,28.4,48.0
2025-02-04,1400 UTC,28.3,47.0,4,2,14,30.2,39.0
2025-02-04,1500 UTC,28.4,48.0,4,2,15,29.2,41.0
2025-02-04,1600 UTC,30.2,39.0,4,2,16,29.9,40.0
2025-02-04,1700 UTC,29.2,41.0,4,2,17,26.8,57.0
2025-02-04,1800 UTC,29.9,40.0,4,2,18,26.9,55.0
2025-02-04,1900 UTC,26.8,57.0,4,2,19,26.6,53.0
2025-02-04,2000 UTC,26.9,55.0,4,2,20,25.7,56.0
2025-02-04,2100 UTC,26.6,53.0,4,2,21,24.8,63.0
2025-02-04,2200 UTC,25.7,56.0,4,2,22,24.3,64.0
2025-02-04,2300 UTC,24.8,63.0,4,2,23,23.9,65.0
2025-02-05,0000 UTC,24.3,64.0,5,2,0,23.2,69.0
2025-02-05,0100 UTC,23.9,65.0,5,2,1,22.4,73.0
2025-02-05,0200 UTC,23.2,69.0,5,2,2,21.5,77.0
2025-02-05,0300 UTC,22.4,73.0,5,2,3,21.0,80.0
2025-02-05,0400 UTC,21.5,77.0,5,2,4,20.9,81.0
2025-02-05,0500 UTC,21.0,80.0,5,2,5,20.6,81.0
2025-02-05,0600 UTC,20.9,81.0,5,2,6,20.1,84.0
2025-02-05,0700 UTC,20.6,81.0,5,2,7,20.1,84.0
2025-02-05,0800 UTC,20.1,84.0,5,2,8,21.3,81.0
2025-02-05,0900 UTC,20.1,84.0,5,2,9,22.6,77.0
2025-02-05,1000 UTC,21.3,81.0,5,2,10,23.0,73.0
2025-02-05,1100 UTC,22.6,77.0,5,2,11,23.5,75.0
2025-02-05,1200 UTC,23.0,73.0,5,2,12,24.1,73.0
2025-02-05,1300 UTC,23.5,75.0,5,2,13,25.4,69.0
2025-02-05,1400 UTC,24.1,73.0,5,2,14,25.6,67.0
2025-02-05,1500 UTC,25.4,69.0,5,2,15,25.7,65.0
2025-02-05,1600 UTC,25.6,67.0,5,2,16,20.9,90.0
2025-02-05,1700 UTC,25.7,65.0,5,2,17,20.7,92.0
2025-02-05,1800 UTC,20.9,90.0,5,2,18,20.8,91.0
2025-02-05,1900 UTC,20.7,92.0,5,2,19,21.1,92.0
2025-02-05,2000 UTC,20.8,91.0,5,2,20,20.5,91.0
2025-02-05,2100 UTC,21.1,92.0,5,2,21,20.3,92.0
2025-02-05,2200 UTC,20.5,91.0,5,2,22,20.4,92.0
2025-02-05,2300 UTC,20.3,92.0,5,2,23,20.4,92.0
2025-02-06,0000 UTC,20.4,92.0,6,2,0,20.4,92.0
2025-02-06,0100 UTC,20.4,92.0,6,2,1,20.5,92.0
2025-02-06,0200 UTC,20.4,92.0,6,2,2,20.4,92.0
2025-02-06,0300 UTC,20.5,92.0,6,2,3,20.6,93.0
2025-02-06,0400 UTC,20.4,92.0,6,2,4,20.5,93.0
2025-02-06,0500 UTC,20.6,93.0,6,2,5,20.6,92.0
2025-02-06,0600 UTC,20.5,93.0,6,2,6,21.0,92.0
2025-02-06,0700 UTC,20.6,92.0,6,2,7,21.1,91.0
2025-02-06,0800 UTC,21.0,92.0,6,2,8,21.5,91.0
2025-02-06,0900 UTC,21.1,91.0,6,2,9,22.4,87.0
2025-02-06,1000 UTC,21.5,91.0,6,2,10,23.3,82.0
2025-02-06,1100 UTC,22.4,87.0,6,2,11,24.4,74.0
2025-02-06,1200 UTC,23.3,82.0,6,2,12,25.2,72.0
2025-02-06,1300 UTC,24.4,74.0,6,2,13,25.5,72.0
2025-02-06,1400 UTC,25.2,72.0,6,2,14,25.6,70.0
2025-02-06,1500 UTC,25.5,72.0,6,2,15,26.6,69.0
2025-02-06,1600 UTC,25.6,70.0,6,2,16,26.3,67.0
2025-02-06,1700 UTC,26.6,69.0,6,2,17,25.2,70.0
2025-02-06,1800 UTC,26.3,67.0,6,2,18,25.6,68.0
2025-02-06,1900 UTC,25.2,70.0,6,2,19,25.0,73.0
2025-02-06,2000 UTC,25.6,68.0,6,2,20,24.3,74.0
2025-02-06,2100 UTC,25.0,73.0,6,2,21,23.4,80.0
2025-02-06,2200 UTC,24.3,74.0,6,2,22,22.9,84.0
2025-02-06,2300 UTC,23.4,80.0,6,2,23,22.4,88.0
2025-02-07,0000 UTC,22.9,84.0,7,2,0,22.0,91.0
2025-02-07,0100 UTC,22.4,88.0,7,2,1,21.4,92.0
2025-02-07,0200 UTC,22.0,91.0,7,2,2,21.5,92.0
2025-02-07,0300 UTC,21.4,92.0,7,2,3,21.5,89.0
2025-02-07,0400 UTC,21.5,92.0,7,2,4,20.8,90.0
2025-02-07,0500 UTC,21.5,89.0,7,2,5,20.3,90.0
2025-02-07,0600 UTC,20.8,90.0,7,2,6,20.3,88.0
2025-02-07,0700 UTC,20.3,90.0,7,2,7,20.3,89.0
2025-02-07,0800 UTC,20.3,88.0,7,2,8,21.3,88.0
2025-02-07,0900 UTC,20.3,89.0,7,2,9,22.4,82.0
2025-02-07,1000 UTC,21.3,88.0,7,2,10,22.9,76.0
2025-02-07,1100 UTC,22.4,82.0,7,2,11,23.2,70.0
2025-02-07,1200 UTC,22.9,76.0,7,2,12,25.2,61.0
2025-02-07,1300 UTC,23.2,70.0,7,2,13,25.7,60.0
2025-02-07,1400 UTC,25.2,61.0,7,2,14,25.9,58.0
2025-02-07,1500 UTC,25.7,60.0,7,2,15,26.2,60.0
2025-02-07,1600 UTC,25.9,58.0,7,2,16,25.9,63.0
2025-02-07,1700 UTC,26.2,60.0,7,2,17,26.1,65.0
2025-02-07,1800 UTC,25.9,63.0,7,2,18,25.5,67.0
2025-02-07,1900 UTC,26.1,65.0,7,2,19,24.5,73.0
2025-02-07,2000 UTC,25.5,67.0,7,2,20,21.8,89.0
2025-02-07,2100 UTC,24.5,73.0,7,2,21,21.6,91.0
2025-02-07,2200 UTC,21.8,89.0,7,2,22,21.8,88.0
2025-02-07,2300 UTC,21.6,91.0,7,2,23,21.5,90.0
2025-02-08,0000 UTC,21.8,88.0,8,2,0,21.3,90.0
2025-02-08,0100 UTC,21.5,90.0,8,2,1,21.3,89.0
2025-02-08,0200 UTC,21.3,90.0,8,2,2,21.1,90.0
2025-02-08,0300 UTC,21.3,89.0,8,2,3,20.8,92.0
2025-02-08,0400 UTC,21.1,90.0,8,2,4,20.4,92.0
2025-02-08,0500 UTC,20.8,92.0,8,2,5,19.6,93.0
2025-02-08,0600 UTC,20.4,92.0,8,2,6,19.2,94.0
2025-02-08,0700 UTC,19.6,93.0,8,2,7,19.4,94.0
2025-02-08,0800 UTC,19.2,94.0,8,2,8,21.4,83.0
2025-02-08,0900 UTC,19.4,94.0,8,2,9,23.0,77.0
2025-02-08,1000 UTC,21.4,83.0,8,2,10,24.5,69.0
2025-02-08,1100 UTC,23.0,77.0,8,2,11,24.6,64.0
2025-02-08,1200 UTC,24.5,69.0,8,2,12,26.6,58.0
2025-02-08,1300 UTC,24.6,64.0,8,2,13,27.1,57.0
2025-02-08,1400 UTC,26.6,58.0,8,2,14,27.9,54.0
2025-02-08,1500 UTC,27.1,57.0,8,2,15,28.9,46.0
2025-02-08,1600 UTC,27.9,54.0,8,2,16,29.1,41.0
2025-02-08,1700 UTC,28.9,46.0,8,2,17,29.1,41.0
2025-02-08,1800 UTC,29.1,41.0,8,2,18,28.3,45.0
2025-02-08,1900 UTC,29.1,41.0,8,2,19,27.1,54.0
2025-02-08,2000 UTC,28.3,45.0,8,2,20,26.0,59.0
2025-02-08,2100 UTC,27.1,54.0,8,2,21,25.2,61.0
2025-02-08,2200 UTC,26.0,59.0,8,2,22,24.2,68.0
2025-02-08,2300 UTC,25.2,61.0,8,2,23,22.9,78.0
2025-02-09,0000 UTC,24.2,68.0,9,2,0,22.5,81.0
2025-02-09,0100 UTC,22.9,78.0,9,2,1,21.9,83.0
2025-02-09,0200 UTC,22.5,81.0,9,2,2,21.3,86.0
2025-02-09,0300 UTC,21.9,83.0,9,2,3,20.9,88.0
2025-02-09,0400 UTC,21.3,86.0,9,2,4,20.5,91.0
2025-02-09,0500 UTC,20.9,88.0,9,2,5,20.2,92.0
2025-02-09,0600 UTC,20.5,91.0,9,2,6,19.9,92.0
2025-02-09,0700 UTC,20.2,92.0,9,2,7,20.6,89.0
2025-02-09,0800 UTC,19.9,92.0,9,2,8,22.3,82.0
2025-02-09,0900 UTC,20.6,89.0,9,2,9,24.1,71.0
2025-02-09,1000 UTC,22.3,82.0,9,2,10,25.3,68.0
2025-02-09,1100 UTC,24.1,71.0,9,2,11,25.7,66.0
2025-02-09,1200 UTC,25.3,68.0,9,2,12,27.2,63.0
2025-02-09,1300 UTC,25.7,66.0,9,2,13,27.3,63.0
2025-02-09,1400 UTC,27.2,63.0,9,2,14,27.0,63.0
2025-02-09,1500 UTC,27.3,63.0,9,2,15,28.3,60.0
2025-02-09,1600 UTC,27.0,63.0,9,2,16,28.3,56.0
2025-02-09,1700 UTC,28.3,60.0,9,2,17,27.6,59.0
2025-02-09,1800 UTC,28.3,56.0,9,2,18,27.2,61.0
2025-02-09,1900 UTC,27.6,59.0,9,2,19,26.1,65.0
2025-02-09,2000 UTC,27.2,61.0,9,2,20,25.9,69.0
2025-02-09,2100 UTC,26.1,65.0,9,2,21,24.7,77.0
2025-02-09,2200 UTC,25.9,69.0,9,2,22,24.3,76.0
2025-02-09,2300 UTC,24.7,77.0,9,2,23,23.4,79.0
2025-02-10,0000 UTC,24.3,76.0,10,2,0,22.4,83.0
2025-02-10,0100 UTC,23.4,79.0,10,2,1,21.7,86.0
2025-02-10,0200 UTC,22.4,83.0,10,2,2,20.9,89.0
2025-02-10,0300 UTC,21.7,86.0,10,2,3,20.5,90.0
2025-02-10,0400 UTC,20.9,89.0,10,2,4,20.3,90.0
2025-02-10,0500 UTC,20.5,90.0,10,2,5,19.8,91.0
2025-02-10,0600 UTC,20.3,90.0,10,2,6,19.6,92.0
2025-02-10,0700 UTC,19.8,91.0,10,2,7,19.6,93.0
2025-02-10,0800 UTC,19.6,92.0,10,2,8,22.0,82.0
2025-02-10,0900 UTC,19.6,93.0,10,2,9,23.9,72.0
2025-02-10,1000 UTC,22.0,82.0,10,2,10,25.7,63.0
2025-02-10,1100 UTC,23.9,72.0,10,2,11,26.5,61.0
2025-02-10,1200 UTC,25.7,63.0,10,2,12,27.2,56.0
2025-02-10,1300 UTC,26.5,61.0,10,2,13,28.6,49.0
2025-02-10,1400 UTC,27.2,56.0,10,2,14,29.3,47.0
2025-02-10,1500 UTC,28.6,49.0,10,2,15,29.3,47.0
2025-02-10,1600 UTC,29.3,47.0,10,2,16,29.0,47.0
2025-02-10,1700 UTC,29.3,47.0,10,2,17,29.8,42.0
2025-02-10,1800 UTC,29.0,47.0,10,2,18,29.5,44.0
2025-02-10,1900 UTC,29.8,42.0,10,2,19,27.9,53.0
2025-02-10,2000 UTC,29.5,44.0,10,2,20,26.5,60.0
2025-02-10,2100 UTC,27.9,53.0,10,2,21,25.1,66.0
2025-02-10,2200 UTC,26.5,60.0,10,2,22,24.0,70.0
2025-02-10,2300 UTC,25.1,66.0,10,2,23,22.9,77.0
2025-02-11,0000 UTC,24.0,70.0,11,2,0,22.9,74.0
2025-02-11,0100 UTC,22.9,77.0,11,2,1,22.1,76.0
2025-02-11,0200 UTC,22.9,74.0,11,2,2,21.7,78.0
2025-02-11,0300 UTC,22.1,76.0,11,2,3,20.9,82.0
2025-02-11,0400 UTC,21.7,78.0,11,2,4,20.7,82.0
2025-02-11,0500 UTC,20.9,82.0,11,2,5,20.3,85.0
2025-02-11,0600 UTC,20.7,82.0,11,2,6,19.5,86.0
2025-02-11,0700 UTC,20.3,85.0,11,2,7,19.9,86.0
2025-02-11,0800 UTC,19.5,86.0,11,2,8,22.4,75.0
2025-02-11,0900 UTC,19.9,86.0,11,2,9,24.3,68.0
2025-02-11,1000 UTC,22.4,75.0,11,2,10,26.8,60.0
2025-02-11,1100 UTC,24.3,68.0,11,2,11,27.5,53.0
2025-02-11,1200 UTC,26.8,60.0,11,2,12,28.2,52.0
2025-02-11,1300 UTC,27.5,53.0,11,2,13,28.5,45.0
2025-02-11,1400 UTC,28.2,52.0,11,2,14,29.7,43.0
2025-02-11,1500 UTC,28.5,45.0,11,2,15,30.4,40.0
2025-02-11,1600 UTC,29.7,43.0,11,2,16,29.8,38.0
2025-02-11,1700 UTC,30.4,40.0,11,2,17,30.1,38.0
2025-02-11,1800 UTC,29.8,38.0,11,2,18,29.4,41.0
2025-02-11,1900 UTC,30.1,38.0,11,2,19,27.7,48.0
2025-02-11,2000 UTC,29.4,41.0,11,2,20,26.0,55.0
2025-02-11,2100 UTC,27.7,48.0,11,2,21,24.8,59.0
2025-02-11,2200 UTC,26.0,55.0,11,2,22,23.5,66.0
2025-02-11,2300 UTC,24.8,59.0,11,2,23,22.7,71.0
2025-02-12,0000 UTC,23.5,66.0,12,2,0,22.1,75.0
2025-02-12,0100 UTC,22.7,71.0,12,2,1,21.7,78.0
2025-02-12,0200 UTC,22.1,75.0,12,2,2,21.2,80.0
2025-02-12,0300 UTC,21.7,78.0,12,2,3,20.7,83.0
2025-02-12,0400 UTC,21.2,80.0,12,2,4,20.1,84.0
2025-02-12,0500 UTC,20.7,83.0,12,2,5,19.7,86.0
2025-02-12,0600 UTC,20.1,84.0,12,2,6,19.5,88.0
2025-02-12,0700 UTC,19.7,86.0,12,2,7,20.1,87.0
2025-02-12,0800 UTC,19.5,88.0,12,2,8,21.9,80.0
2025-02-12,0900 UTC,20.1,87.0,12,2,9,24.1,72.0
2025-02-12,1000 UTC,21.9,80.0,12,2,10,25.1,63.0
2025-02-12,1100 UTC,24.1,72.0,12,2,11,27.3,54.0
2025-02-12,1200 UTC,25.1,63.0,12,2,12,27.9,51.0
2025-02-12,1300 UTC,27.3,54.0,12,2,13,28.8,42.0
2025-02-12,1400 UTC,27.9,51.0,12,2,14,29.3,43.0
2025-02-12,1500 UTC,28.8,42.0,12,2,15,29.7,39.0
2025-02-12,1600 UTC,29.3,43.0,12,2,16,30.1,36.0
2025-02-12,1700 UTC,29.7,39.0,12,2,17,29.9,38.0
2025-02-12,1800 UTC,30.1,36.0,12,2,18,29.6,38.0
2025-02-12,1900 UTC,29.9,38.0,12,2,19,28.0,44.0
2025-02-12,2000 UTC,29.6,38.0,12,2,20,26.5,53.0
2025-02-12,2100 UTC,28.0,44.0,12,2,21,26.0,57.0
2025-02-12,2200 UTC,26.5,53.0,12,2,22,24.9,62.0
2025-02-12,2300 UTC,26.0,57.0,12,2,23,23.8,64.0
2025-02-13,0000 UTC,24.9,62.0,13,2,0,22.6,68.0
2025-02-13,0100 UTC,23.8,64.0,13,2,1,21.4,75.0
2025-02-13,0200 UTC,22.6,68.0,13,2,2,20.5,80.0
2025-02-13,0300 UTC,21.4,75.0,13,2,3,19.9,84.0
2025-02-13,0400 UTC,20.5,80.0,13,2,4,19.6,85.0
2025-02-13,0500 UTC,19.9,84.0,13,2,5,19.1,86.0
2025-02-13,0600 UTC,19.6,85.0,13,2,6,18.5,88.0
2025-02-13,0700 UTC,19.1,86.0,13,2,7,18.3,89.0
2025-02-13,0800 UTC,18.5,88.0,13,2,8,20.4,83.0
2025-02-13,0900 UTC,18.3,89.0,13,2,9,22.8,70.0
2025-02-13,1000 UTC,20.4,83.0,13,2,10,25.4,60.0
2025-02-13,1100 UTC,22.8,70.0,13,2,11,26.6,51.0
2025-02-13,1200 UTC,25.4,60.0,13,2,12,28.3,43.0
2025-02-13,1300 UTC,26.6,51.0,13,2,13,30.2,36.0
2025-02-13,1400 UTC,28.3,43.0,13,2,14,30.4,33.0
2025-02-13,1500 UTC,30.2,36.0,13,2,15,31.6,31.0
2025-02-13,1600 UTC,30.4,33.0,13,2,16,32.0,29.0
2025-02-13,1700 UTC,31.6,31.0,13,2,17,31.3,33.0
2025-02-13,1800 UTC,32.0,29.0,13,2,18,30.2,37.0
2025-02-13,1900 UTC,31.3,33.0,13,2,19,28.9,41.0
2025-02-13,2000 UTC,30.2,37.0,13,2,20,27.5,47.0
2025-02-13,2100 UTC,28.9,41.0,13,2,21,25.9,51.0
2025-02-13,2200 UTC,27.5,47.0,13,2,22,25.9,58.0
2025-02-13,2300 UTC,25.9,51.0,13,2,23,25.3,66.0
2025-02-14,0000 UTC,25.9,58.0,14,2,0,23.8,70.0
2025-02-14,0100 UTC,25.3,66.0,14,2,1,22.3,77.0
2025-02-14,0200 UTC,23.8,70.0,14,2,2,21.5,81.0
2025-02-14,0300 UTC,22.3,77.0,14,2,3,20.8,85.0
2025-02-14,0400 UTC,21.5,81.0,14,2,4,20.3,87.0
2025-02-14,0500 UTC,20.8,85.0,14,2,5,19.8,88.0
2025-02-14,0600 UTC,20.3,87.0,14,2,6,19.5,89.0
2025-02-14,0700 UTC,19.8,88.0,14,2,7,19.8,89.0
2025-02-14,0800 UTC,19.5,89.0,14,2,8,21.7,81.0
2025-02-14,0900 UTC,19.8,89.0,14,2,9,23.1,74.0
2025-02-14,1000 UTC,21.7,81.0,14,2,10,24.9,62.0
2025-02-14,1100 UTC,23.1,74.0,14,2,11,26.7,57.0
2025-02-14,1200 UTC,24.9,62.0,14,2,12,27.8,52.0
2025-02-14,1300 UTC,26.7,57.0,14,2,13,29.2,44.0
2025-02-14,1400 UTC,27.8,52.0,14,2,14,30.8,42.0
2025-02-14,1500 UTC,29.2,44.0,14,2,15,31.6,36.0
2025-02-14,1600 UTC,30.8,42.0,14,2,16,31.5,34.0
2025-02-14,1700 UTC,31.6,36.0,14,2,17,31.7,34.0
2025-02-14,1800 UTC,31.5,34.0,14,2,18,30.8,34.0
2025-02-14,1900 UTC,31.7,34.0,14,2,19,29.0,44.0
2025-02-14,2000 UTC,30.8,34.0,14,2,20,27.8,48.0
2025-02-14,2100 UTC,29.0,44.0,14,2,21,26.2,58.0
2025-02-14,2200 UTC,27.8,48.0,14,2,22,25.3,65.0
2025-02-14,2300 UTC,26.2,58.0,14,2,23,24.3,71.0
2025-02-15,0000 UTC,25.3,65.0,15,2,0,23.6,75.0
2025-02-15,0100 UTC,24.3,71.0,15,2,1,22.6,80.0
2025-02-15,0200 UTC,23.6,75.0,15,2,2,21.6,85.0
2025-02-15,0300 UTC,22.6,80.0,15,2,3,21.0,87.0
2025-02-15,0400 UTC,21.6,85.0,15,2,4,20.5,89.0
2025-02-15,0500 UTC,21.0,87.0,15,2,5,20.1,90.0
2025-02-15,0600 UTC,20.5,89.0,15,2,6,19.7,90.0
2025-02-15,0700 UTC,20.1,90.0,15,2,7,19.9,90.0
2025-02-15,0800 UTC,19.7,90.0,15,2,8,21.5,82.0
2025-02-15,0900 UTC,19.9,90.0,15,2,9,23.8,72.0
2025-02-15,1000 UTC,21.5,82.0,15,2,10,26.2,60.0
2025-02-15,1100 UTC,23.8,72.0,15,2,11,27.8,51.0
2025-02-15,1200 UTC,26.2,60.0,15,2,12,29.0,47.0
2025-02-15,1300 UTC,27.8,51.0,15,2,13,30.0,42.0
2025-02-15,1400 UTC,29.0,47.0,15,2,14,31.0,40.0
2025-02-15,1500 UTC,30.0,42.0,15,2,15,32.0,28.0
2025-02-15,1600 UTC,31.0,40.0,15,2,16,32.2,28.0
2025-02-15,1700 UTC,32.0,28.0,15,2,17,32.0,30.0
2025-02-15,1800 UTC,32.2,28.0,15,2,18,29.5,47.0
2025-02-15,1900 UTC,32.0,30.0,15,2,19,28.4,50.0
2025-02-15,2000 UTC,29.5,47.0,15,2,20,27.4,51.0
2025-02-15,2100 UTC,28.4,50.0,15,2,21,26.6,56.0
2025-02-15,2200 UTC,27.4,51.0,15,2,22,25.5,64.0
2025-02-15,2300 UTC,26.6,56.0,15,2,23,24.1,72.0
2025-02-16,0000 UTC,25.5,64.0,16,2,0,22.6,79.0
2025-02-16,0100 UTC,24.1,72.0,16,2,1,21.6,82.0
2025-02-16,0200 UTC,22.6,79.0,16,2,2,20.9,83.0
2025-02-16,0300 UTC,21.6,82.0,16,2,3,20.6,83.0
2025-02-16,0400 UTC,20.9,83.0,16,2,4,20.4,82.0
2025-02-16,0500 UTC,20.6,83.0,16,2,5,19.7,86.0
2025-02-16,0600 UTC,20.4,82.0,16,2,6,19.1,85.0
2025-02-16,0700 UTC,19.7,86.0,16,2,7,19.5,85.0
2025-02-16,0800 UTC,19.1,85.0,16,2,8,22.9,72.0
2025-02-16,0900 UTC,19.5,85.0,16,2,9,24.7,69.0
2025-02-16,1000 UTC,22.9,72.0,16,2,10,25.3,68.0
2025-02-16,1100 UTC,24.7,69.0,16,2,11,26.2,69.0
2025-02-16,1200 UTC,25.3,68.0,16,2,12,28.3,61.0
2025-02-16,1300 UTC,26.2,69.0,16,2,13,29.1,56.0
2025-02-16,1400 UTC,28.3,61.0,16,2,14,29.2,52.0
2025-02-16,1500 UTC,29.1,56.0,16,2,15,30.6,47.0
2025-02-16,1600 UTC,29.2,52.0,16,2,16,24.4,77.0
2025-02-16,1700 UTC,30.6,47.0,16,2,17,26.7,70.0
2025-02-16,1800 UTC,24.4,77.0,16,2,18,26.6,65.0
2025-02-16,1900 UTC,26.7,70.0,16,2,19,25.9,66.0
2025-02-16,2000 UTC,26.6,65.0,16,2,20,25.4,70.0
2025-02-16,2100 UTC,25.9,66.0,16,2,21,24.3,74.0
2025-02-16,2200 UTC,25.4,70.0,16,2,22,23.3,78.0
2025-02-16,2300 UTC,24.3,74.0,16,2,23,22.4,82.0
2025-02-17,0000 UTC,23.3,78.0,17,2,0,22.1,82.0
2025-02-17,0100 UTC,22.4,82.0,17,2,1,21.3,86.0
2025-02-17,0200 UTC,22.1,82.0,17,2,2,20.5,87.0
2025-02-17,0300 UTC,21.3,86.0,17,2,3,20.2,89.0
2025-02-17,0400 UTC,20.5,87.0,17,2,4,19.8,90.0
2025-02-17,0500 UTC,20.2,89.0,17,2,5,19.6,90.0
2025-02-17,0600 UTC,19.8,90.0,17,2,6,19.0,91.0
2025-02-17,0700 UTC,19.6,90.0,17,2,7,19.3,91.0
2025-02-17,0800 UTC,19.0,91.0,17,2,8,21.3,84.0
2025-02-17,0900 UTC,19.3,91.0,17,2,9,23.9,71.0
2025-02-17,1000 UTC,21.3,84.0,17,2,10,25.3,66.0
2025-02-17,1100 UTC,23.9,71.0,17,2,11,26.7,65.0
2025-02-17,1200 UTC,25.3,66.0,17,2,12,27.2,61.0
2025-02-17,1300 UTC,26.7,65.0,17,2,13,29.0,55.0
2025-02-17,1400 UTC,27.2,61.0,17,2,14,29.8,53.0
2025-02-17,1500 UTC,29.0,55.0,17,2,15,29.4,49.0
2025-02-17,1600 UTC,29.8,53.0,17,2,16,29.1,52.0
2025-02-17,1700 UTC,29.4,49.0,17,2,17,30.7,42.0
2025-02-17,1800 UTC,29.1,52.0,17,2,18,29.0,46.0
2025-02-17,1900 UTC,30.7,42.0,17,2,19,27.7,54.0
2025-02-17,2000 UTC,29.0,46.0,17,2,20,26.6,60.0
2025-02-17,2100 UTC,27.7,54.0,17,2,21,25.9,60.0
2025-02-17,2200 UTC,26.6,60.0,17,2,22,25.2,68.0
2025-02-17,2300 UTC,25.9,60.0,17,2,23,24.3,74.0
2025-02-18,0000 UTC,25.2,68.0,18,2,0,23.5,77.0
2025-02-18,0100 UTC,24.3,74.0,18,2,1,22.6,80.0
2025-02-18,0200 UTC,23.5,77.0,18,2,2,22.1,83.0
2025-02-18,0300 UTC,22.6,80.0,18,2,3,21.7,85.0
2025-02-18,0400 UTC,22.1,83.0,18,2,4,21.3,86.0
2025-02-18,0500 UTC,21.7,85.0,18,2,5,21.0,82.0
2025-02-18,0600 UTC,21.3,86.0,18,2,6,20.1,85.0
2025-02-18,0700 UTC,21.0,82.0,18,2,7,20.2,84.0
2025-02-18,0800 UTC,20.1,85.0,18,2,8,22.0,73.0
2025-02-18,0900 UTC,20.2,84.0,18,2,9,24.1,65.0
2025-02-18,1000 UTC,22.0,73.0,18,2,10,25.8,57.0
2025-02-18,1100 UTC,24.1,65.0,18,2,11,28.0,51.0
2025-02-18,1200 UTC,25.8,57.0,18,2,12,28.7,45.0
2025-02-18,1300 UTC,28.0,51.0,18,2,13,30.0,40.0
2025-02-18,1400 UTC,28.7,45.0,18,2,14,31.6,34.0
2025-02-18,1500 UTC,30.0,40.0,18,2,15,32.0,33.0
2025-02-18,1600 UTC,31.6,34.0,18,2,16,32.0,36.0
2025-02-18,1700 UTC,32.0,33.0,18,2,17,32.0,32.0
2025-02-18,1800 UTC,32.0,36.0,18,2,18,31.2,37.0
2025-02-18,1900 UTC,32.0,32.0,18,2,19,29.7,43.0
2025-02-18,2000 UTC,31.2,37.0,18,2,20,28.3,50.0
2025-02-18,2100 UTC,29.7,43.0,18,2,21,27.6,54.0
2025-02-18,2200 UTC,28.3,50.0,18,2,22,26.1,61.0
2025-02-18,2300 UTC,27.6,54.0,18,2,23,24.6,71.0
2025-02-19,0000 UTC,26.1,61.0,19,2,0,24.1,74.0
2025-02-19,0100 UTC,24.6,71.0,19,2,1,23.1,77.0
2025-02-19,0200 UTC,24.1,74.0,19,2,2,22.4,80.0
2025-02-19,0300 UTC,23.1,77.0,19,2,3,22.0,81.0
2025-02-19,0400 UTC,22.4,80.0,19,2,4,21.4,81.0
2025-02-19,0500 UTC,22.0,81.0,19,2,5,20.9,84.0
2025-02-19,0600 UTC,21.4,81.0,19,2,6,20.6,86.0
2025-02-19,0700 UTC,20.9,84.0,19,2,7,21.1,85.0
2025-02-19,0800 UTC,20.6,86.0,19,2,8,23.0,76.0
2025-02-19,0900 UTC,21.1,85.0,19,2,9,24.9,66.0
2025-02-19,1000 UTC,23.0,76.0,19,2,10,26.9,56.0
2025-02-19,1100 UTC,24.9,66.0,19,2,11,28.3,54.0
2025-02-19,1200 UTC,26.9,56.0,19,2,12,29.4,54.0
2025-02-19,1300 UTC,28.3,54.0,19,2,13,30.4,50.0
2025-02-19,1400 UTC,29.4,54.0,19,2,14,31.2,43.0
2025-02-19,1500 UTC,30.4,50.0,19,2,15,32.0,40.0
2025-02-19,1600 UTC,31.2,43.0,19,2,16,30.8,47.0
2025-02-19,1700 UTC,32.0,40.0,19,2,17,26.1,62.0
2025-02-19,1800 UTC,30.8,47.0,19,2,18,27.5,58.0
2025-02-19,1900 UTC,26.1,62.0,19,2,19,26.2,65.0
2025-02-19,2000 UTC,27.5,58.0,19,2,20,25.5,70.0
2025-02-19,2100 UTC,26.2,65.0,19,2,21,25.8,69.0
2025-02-19,2200 UTC,25.5,70.0,19,2,22,25.8,64.0
2025-02-19,2300 UTC,25.8,69.0,19,2,23,24.7,71.0
2025-02-20,0000 UTC,25.8,64.0,20,2,0,23.6,78.0
2025-02-20,0100 UTC,24.7,71.0,20,2,1,22.9,81.0
2025-02-20,0200 UTC,23.6,78.0,20,2,2,22.2,81.0
2025-02-20,0300 UTC,22.9,81.0,20,2,3,21.6,84.0
2025-02-20,0400 UTC,22.2,81.0,20,2,4,21.1,85.0
2025-02-20,0500 UTC,21.6,84.0,20,2,5,20.6,86.0
2025-02-20,0600 UTC,21.1,85.0,20,2,6,20.2,87.0
2025-02-20,0700 UTC,20.6,86.0,20,2,7,20.5,87.0
2025-02-20,0800 UTC,20.2,87.0,20,2,8,22.8,78.0
2025-02-20,0900 UTC,20.5,87.0,20,2,9,24.9,67.0
2025-02-20,1000 UTC,22.8,78.0,20,2,10,26.3,63.0
2025-02-20,1100 UTC,24.9,67.0,20,2,11,28.1,56.0
2025-02-20,1200 UTC,26.3,63.0,20,2,12,28.8,52.0
2025-02-20,1300 UTC,28.1,56.0,20,2,13,28.9,48.0
2025-02-20,1400 UTC,28.8,52.0,20,2,14,30.7,40.0
2025-02-20,1500 UTC,28.9,48.0,20,2,15,31.8,35.0
2025-02-20,1600 UTC,30.7,40.0,20,2,16,31.9,33.0
2025-02-20,1700 UTC,31.8,35.0,20,2,17,30.8,37.0
2025-02-20,1800 UTC,31.9,33.0,20,2,18,30.9,36.0
2025-02-20,1900 UTC,30.8,37.0,20,2,19,29.5,41.0
2025-02-20,2000 UTC,30.9,36.0,20,2,20,28.1,47.0
2025-02-20,2100 UTC,29.5,41.0,20,2,21,26.9,58.0
2025-02-20,2200 UTC,28.1,47.0,20,2,22,25.4,67.0
2025-02-20,2300 UTC,26.9,58.0,20,2,23,24.4,71.0
2025-02-21,0000 UTC,25.4,67.0,21,2,0,23.2,75.0
2025-02-21,0100 UTC,24.4,71.0,21,2,1,22.3,78.0
2025-02-21,0200 UTC,23.2,75.0,21,2,2,21.3,78.0
2025-02-21,0300 UTC,22.3,78.0,21,2,3,20.5,81.0
2025-02-21,0400 UTC,21.3,78.0,21,2,4,20.0,84.0
2025-02-21,0500 UTC,20.5,81.0,21,2,5,19.7,86.0
2025-02-21,0600 UTC,20.0,84.0,21,2,6,19.0,88.0
2025-02-21,0700 UTC,19.7,86.0,21,2,7,19.6,87.0
2025-02-21,0800 UTC,19.0,88.0,21,2,8,21.9,79.0
2025-02-21,0900 UTC,19.6,87.0,21,2,9,24.8,64.0
2025-02-21,1000 UTC,21.9,79.0,21,2,10,26.1,61.0
2025-02-21,1100 UTC,24.8,64.0,21,2,11,28.4,52.0
2025-02-21,1200 UTC,26.1,61.0,21,2,12,28.7,49.0
2025-02-21,1300 UTC,28.4,52.0,21,2,13,29.2,43.0
2025-02-21,1400 UTC,28.7,49.0,21,2,14,31.3,39.0
2025-02-21,1500 UTC,29.2,43.0,21,2,15,31.5,37.0
2025-02-21,1600 UTC,31.3,39.0,21,2,16,31.8,36.0
2025-02-21,1700 UTC,31.5,37.0,21,2,17,31.3,36.0
2025-02-21,1800 UTC,31.8,36.0,21,2,18,30.0,46.0
2025-02-21,1900 UTC,31.3,36.0,21,2,19,26.4,63.0
2025-02-21,2000 UTC,30.0,46.0,21,2,20,25.9,63.0
2025-02-21,2100 UTC,26.4,63.0,21,2,21,24.7,67.0
2025-02-21,2200 UTC,25.9,63.0,21,2,22,24.0,70.0
2025-02-21,2300 UTC,24.7,67.0,21,2,23,23.7,71.0
2025-02-22,0000 UTC,24.0,70.0,22,2,0,23.3,74.0
2025-02-22,0100 UTC,23.7,71.0,22,2,1,22.9,75.0
2025-02-22,0200 UTC,23.3,74.0,22,2,2,22.5,78.0
2025-02-22,0300 UTC,22.9,75.0,22,2,3,21.9,81.0
2025-02-22,0400 UTC,22.5,78.0,22,2,4,21.5,83.0
2025-02-22,0500 UTC,21.9,81.0,22,2,5,21.4,84.0
2025-02-22,0600 UTC,21.5,83.0,22,2,6,20.7,86.0
2025-02-22,0700 UTC,21.4,84.0,22,2,7,21.3,87.0
2025-02-22,0800 UTC,20.7,86.0,22,2,8,22.0,85.0
2025-02-22,0900 UTC,21.3,87.0,22,2,9,23.2,75.0
2025-02-22,1000 UTC,22.0,85.0,22,2,10,25.7,64.0
2025-02-22,1100 UTC,23.2,75.0,22,2,11,27.5,54.0
2025-02-22,1200 UTC,25.7,64.0,22,2,12,29.9,43.0
2025-02-22,1300 UTC,27.5,54.0,22,2,13,31.3,37.0
2025-02-22,1400 UTC,29.9,43.0,22,2,14,32.2,34.0
2025-02-22,1500 UTC,31.3,37.0,22,2,15,32.6,33.0
2025-02-22,1600 UTC,32.2,34.0,22,2,16,32.7,31.0
2025-02-22,1700 UTC,32.6,33.0,22,2,17,32.2,29.0
2025-02-22,1800 UTC,32.7,31.0,22,2,18,31.7,31.0
2025-02-22,1900 UTC,32.2,29.0,22,2,19,29.6,36.0
2025-02-22,2000 UTC,31.7,31.0,22,2,20,27.4,44.0
2025-02-22,2100 UTC,29.6,36.0,22,2,21,26.9,48.0
2025-02-22,2200 UTC,27.4,44.0,22,2,22,25.8,62.0
2025-02-22,2300 UTC,26.9,48.0,22,2,23,24.3,69.0
2025-02-23,0000 UTC,25.8,62.0,23,2,0,23.5,72.0
2025-02-23,0100 UTC,24.3,69.0,23,2,1,23.1,74.0
2025-02-23,0200 UTC,23.5,72.0,23,2,2,22.4,75.0
2025-02-23,0300 UTC,23.1,74.0,23,2,3,21.6,80.0
2025-02-23,0400 UTC,22.4,75.0,23,2,4,21.1,82.0
2025-02-23,0500 UTC,21.6,80.0,23,2,5,20.7,83.0
2025-02-23,0600 UTC,21.1,82.0,23,2,6,20.2,84.0
2025-02-23,0700 UTC,20.7,83.0,23,2,7,20.5,83.0
2025-02-23,0800 UTC,20.2,84.0,23,2,8,23.0,77.0
2025-02-23,0900 UTC,20.5,83.0,23,2,9,25.1,69.0
2025-02-23,1000 UTC,23.0,77.0,23,2,10,26.0,62.0
2025-02-23,1100 UTC,25.1,69.0,23,2,11,27.9,56.0
2025-02-23,1200 UTC,26.0,62.0,23,2,12,29.6,46.0
2025-02-23,1300 UTC,27.9,56.0,23,2,13,29.8,44.0
2025-02-23,1400 UTC,29.6,46.0,23,2,14,31.7,37.0
2025-02-23,1500 UTC,29.8,44.0,23,2,15,32.0,32.0
2025-02-23,1600 UTC,31.7,37.0,23,2,16,32.5,33.0
2025-02-23,1700 UTC,32.0,32.0,23,2,17,30.1,44.0
2025-02-23,1800 UTC,32.5,33.0,23,2,18,30.3,42.0
2025-02-23,1900 UTC,30.1,44.0,23,2,19,28.6,50.0
2025-02-23,2000 UTC,30.3,42.0,23,2,20,26.8,60.0
2025-02-23,2100 UTC,28.6,50.0,23,2,21,25.9,63.0
2025-02-23,2200 UTC,26.8,60.0,23,2,22,25.5,66.0
2025-02-23,2300 UTC,25.9,63.0,23,2,23,25.5,65.0
2025-02-24,0000 UTC,25.5,66.0,24,2,0,24.6,70.0
2025-02-24,0100 UTC,25.5,65.0,24,2,1,23.4,76.0
2025-02-24,0200 UTC,24.6,70.0,24,2,2,23.0,77.0
2025-02-24,0300 UTC,23.4,76.0,24,2,3,22.9,74.0
2025-02-24,0400 UTC,23.0,77.0,24,2,4,21.7,77.0
2025-02-24,0500 UTC,22.9,74.0,24,2,5,20.8,81.0
2025-02-24,0600 UTC,21.7,77.0,24,2,6,20.2,83.0
2025-02-24,0700 UTC,20.8,81.0,24,2,7,20.7,82.0
2025-02-24,0800 UTC,20.2,83.0,24,2,8,22.6,72.0
2025-02-24,0900 UTC,20.7,82.0,24,2,9,24.3,64.0
2025-02-24,1000 UTC,22.6,72.0,24,2,10,25.8,58.0
2025-02-24,1100 UTC,24.3,64.0,24,2,11,27.5,53.0
2025-02-24,1200 UTC,25.8,58.0,24,2,12,29.0,47.0
2025-02-24,1300 UTC,27.5,53.0,24,2,13,29.4,44.0
2025-02-24,1400 UTC,29.0,47.0,24,2,14,30.2,38.0
2025-02-24,1500 UTC,29.4,44.0,24,2,15,32.4,35.0
2025-02-24,1600 UTC,30.2,38.0,24,2,16,32.5,31.0
2025-02-24,1700 UTC,32.4,35.0,24,2,17,32.5,29.0
2025-02-24,1800 UTC,32.5,31.0,24,2,18,32.0,29.0
2025-02-24,1900 UTC,32.5,29.0,24,2,19,30.1,33.0
2025-02-24,2000 UTC,32.0,29.0,24,2,20,28.0,40.0
2025-02-24,2100 UTC,30.1,33.0,24,2,21,26.3,49.0
2025-02-24,2200 UTC,28.0,40.0,24,2,22,25.2,58.0
2025-02-24,2300 UTC,26.3,49.0,24,2,23,25.0,63.0
2025-02-25,0000 UTC,25.2,58.0,25,2,0,24.0,67.0
2025-02-25,0100 UTC,25.0,63.0,25,2,1,22.8,73.0
2025-02-25,0200 UTC,24.0,67.0,25,2,2,21.8,78.0
2025-02-25,0300 UTC,22.8,73.0,25,2,3,21.4,79.0
2025-02-25,0400 UTC,21.8,78.0,25,2,4,20.8,81.0
2025-02-25,0500 UTC,21.4,79.0,25,2,5,20.4,82.0
2025-02-25,0600 UTC,20.8,81.0,25,2,6,19.2,86.0
2025-02-25,0700 UTC,20.4,82.0,25,2,7,19.4,84.0
2025-02-25,0800 UTC,19.2,86.0,25,2,8,21.9,75.0
2025-02-25,0900 UTC,19.4,84.0,25,2,9,24.5,66.0
2025-02-25,1000 UTC,21.9,75.0,25,2,10,26.0,61.0
2025-02-25,1100 UTC,24.5,66.0,25,2,11,27.8,53.0
2025-02-25,1200 UTC,26.0,61.0,25,2,12,29.0,46.0
2025-02-25,1300 UTC,27.8,53.0,25,2,13,30.2,40.0
2025-02-25,1400 UTC,29.0,46.0,25,2,14,31.8,33.0
2025-02-25,1500 UTC,30.2,40.0,25,2,15,33.4,29.0
2025-02-25,1600 UTC,31.8,33.0,25,2,16,32.3,29.0
2025-02-25,1700 UTC,33.4,29.0,25,2,17,32.4,28.0
2025-02-25,1800 UTC,32.3,29.0,25,2,18,31.5,29.0
2025-02-25,1900 UTC,32.4,28.0,25,2,19,30.4,35.0
2025-02-25,2000 UTC,31.5,29.0,25,2,20,28.9,46.0
2025-02-25,2100 UTC,30.4,35.0,25,2,21,27.3,55.0
2025-02-25,2200 UTC,28.9,46.0,25,2,22,26.1,61.0
2025-02-25,2300 UTC,27.3,55.0,25,2,23,25.1,67.0
2025-02-26,0000 UTC,26.1,61.0,26,2,0,24.1,72.0
2025-02-26,0100 UTC,25.1,67.0,26,2,1,23.5,75.0
2025-02-26,0200 UTC,24.1,72.0,26,2,2,23.3,75.0
2025-02-26,0300 UTC,23.5,75.0,26,2,3,23.1,75.0
2025-02-26,0400 UTC,23.3,75.0,26,2,4,22.4,79.0
2025-02-26,0500 UTC,23.1,75.0,26,2,5,21.7,82.0
2025-02-26,0600 UTC,22.4,79.0,26,2,6,21.1,85.0
2025-02-26,0700 UTC,21.7,82.0,26,2,7,21.3,84.0
2025-02-26,0800 UTC,21.1,85.0,26,2,8,23.3,72.0
2025-02-26,0900 UTC,21.3,84.0,26,2,9,24.8,65.0
2025-02-26,1000 UTC,23.3,72.0,26,2,10,26.4,58.0
2025-02-26,1100 UTC,24.8,65.0,26,2,11,28.1,51.0
2025-02-26,1200 UTC,26.4,58.0,26,2,12,29.6,46.0
2025-02-26,1300 UTC,28.1,51.0,26,2,13,30.3,42.0
2025-02-26,1400 UTC,29.6,46.0,26,2,14,31.0,35.0
2025-02-26,1500 UTC,30.3,42.0,26,2,15,31.6,35.0
2025-02-26,1600 UTC,31.0,35.0,26,2,16,28.7,53.0
2025-02-26,1700 UTC,31.6,35.0,26,2,17,30.0,44.0
2025-02-26,1800 UTC,28.7,53.0,26,2,18,28.2,52.0
2025-02-26,1900 UTC,30.0,44.0,26,2,19,27.6,55.0
2025-02-26,2000 UTC,28.2,52.0,26,2,20,27.2,57.0
2025-02-26,2100 UTC,27.6,55.0,26,2,21,25.9,68.0
2025-02-26,2200 UTC,27.2,57.0,26,2,22,24.8,73.0
2025-02-26,2300 UTC,25.9,68.0,26,2,23,24.0,77.0
2025-02-27,0000 UTC,24.8,73.0,27,2,0,23.5,78.0
2025-02-27,0100 UTC,24.0,77.0,27,2,1,22.9,80.0
2025-02-27,0200 UTC,23.5,78.0,27,2,2,22.7,80.0
2025-02-27,0300 UTC,22.9,80.0,27,2,3,22.3,81.0
2025-02-27,0400 UTC,22.7,80.0,27,2,4,21.9,82.0
2025-02-27,0500 UTC,22.3,81.0,27,2,5,21.5,84.0
2025-02-27,0600 UTC,21.9,82.0,27,2,6,20.9,83.0
2025-02-27,0700 UTC,21.5,84.0,27,2,7,20.4,86.0
2025-02-27,0800 UTC,20.9,83.0,27,2,8,21.8,80.0
2025-02-27,0900 UTC,20.4,86.0,27,2,9,24.4,69.0
2025-02-27,1000 UTC,21.8,80.0,27,2,10,25.2,65.0
2025-02-27,1100 UTC,24.4,69.0,27,2,11,27.8,59.0
2025-02-27,1200 UTC,25.2,65.0,27,2,12,28.8,53.0
2025-02-27,1300 UTC,27.8,59.0,27,2,13,29.1,53.0
2025-02-27,1400 UTC,28.8,53.0,27,2,14,30.6,47.0
2025-02-27,1500 UTC,29.1,53.0,27,2,15,30.2,45.0
2025-02-27,1600 UTC,30.6,47.0,27,2,16,29.6,51.0
2025-02-27,1700 UTC,30.2,45.0,27,2,17,28.8,55.0
2025-02-27,1800 UTC,29.6,51.0,27,2,18,28.9,52.0
2025-02-27,1900 UTC,28.8,55.0,27,2,19,25.9,66.0
2025-02-27,2000 UTC,28.9,52.0,27,2,20,24.9,65.0
2025-02-27,2100 UTC,25.9,66.0,27,2,21,24.7,66.0
2025-02-27,2200 UTC,24.9,65.0,27,2,22,24.5,72.0
2025-02-27,2300 UTC,24.7,66.0,27,2,23,24.6,72.0
2025-02-28,0000 UTC,24.5,72.0,28,2,0,24.1,74.0
2025-02-28,0100 UTC,24.6,72.0,28,2,1,23.7,71.0
2025-02-28,0200 UTC,24.1,74.0,28,2,2,23.1,72.0
2025-02-28,0300 UTC,23.7,71.0,28,2,3,23.0,71.0
2025-02-28,0400 UTC,23.1,72.0,28,2,4,22.8,73.0
2025-02-28,0500 UTC,23.0,71.0,28,2,5,22.9,73.0
2025-02-28,0600 UTC,22.8,73.0,28,2,6,22.6,76.0
2025-02-28,0700 UTC,22.9,73.0,28,2,7,22.6,78.0
2025-02-28,0800 UTC,22.6,76.0,28,2,8,23.2,76.0
2025-02-28,0900 UTC,22.6,78.0,28,2,9,25.4,66.0
2025-02-28,1000 UTC,23.2,76.0,28,2,10,26.7,56.0
2025-02-28,1100 UTC,25.4,66.0,28,2,11,27.0,59.0
2025-02-28,1200 UTC,26.7,56.0,28,2,12,28.0,54.0
2025-02-28,1300 UTC,27.0,59.0,28,2,13,30.1,40.0
2025-02-28,1400 UTC,28.0,54.0,28,2,14,29.9,39.0
2025-02-28,1500 UTC,30.1,40.0,28,2,15,31.2,37.0
2025-02-28,1600 UTC,29.9,39.0,28,2,16,31.0,37.0
2025-02-28,1700 UTC,31.2,37.0,28,2,17,29.7,44.0
2025-02-28,1800 UTC,31.0,37.0,28,2,18,29.1,46.0
2025-02-28,1900 UTC,29.7,44.0,28,2,19,28.1,50.0
2025-02-28,2000 UTC,29.1,46.0,28,2,20,27.4,53.0
2025-02-28,2100 UTC,28.1,50.0,28,2,21,26.1,61.0
2025-02-28,2200 UTC,27.4,53.0,28,2,22,25.5,65.0
2025-02-28,2300 UTC,26.1,61.0,28,2,23,25.3,66.0
2025-03-01,0000 UTC,25.5,65.0,1,3,0,24.5,70.0
2025-03-01,0100 UTC,25.3,66.0,1,3,1,23.6,72.0
2025-03-01,0200 UTC,24.5,70.0,1,3,2,22.7,73.0
2025-03-01,0300 UTC,23.6,72.0,1,3,3,21.7,76.0
2025-03-01,0400 UTC,22.7,73.0,1,3,4,21.4,78.0
2025-03-01,0500 UTC,21.7,76.0,1,3,5,21.1,79.0
2025-03-01,0600 UTC,21.4,78.0,1,3,6,20.5,81.0
2025-03-01,0700 UTC,21.1,79.0,1,3,7,20.9,80.0
2025-03-01,0800 UTC,20.5,81.0,1,3,8,23.3,72.0
2025-03-01,0900 UTC,20.9,80.0,1,3,9,24.5,65.0
2025-03-01,1000 UTC,23.3,72.0,1,3,10,26.0,58.0
2025-03-01,1100 UTC,24.5,65.0,1,3,11,27.2,53.0
2025-03-01,1200 UTC,26.0,58.0,1,3,12,29.4,44.0
2025-03-01,1300 UTC,27.2,53.0,1,3,13,31.2,39.0
2025-03-01,1400 UTC,29.4,44.0,1,3,14,31.4,36.0
2025-03-01,1500 UTC,31.2,39.0,1,3,15,30.5,37.0
2025-03-01,1600 UTC,31.4,36.0,1,3,16,31.2,37.0
2025-03-01,1700 UTC,30.5,37.0,1,3,17,30.8,36.0
2025-03-01,1800 UTC,31.2,37.0,1,3,18,30.7,37.0
2025-03-01,1900 UTC,30.8,36.0,1,3,19,29.5,41.0
2025-03-01,2000 UTC,30.7,37.0,1,3,20,27.9,53.0
2025-03-01,2100 UTC,29.5,41.0,1,3,21,25.6,64.0
2025-03-01,2200 UTC,27.9,53.0,1,3,22,24.4,70.0
2025-03-01,2300 UTC,25.6,64.0,1,3,23,24.1,73.0
2025-03-02,0000 UTC,24.4,70.0,2,3,0,23.5,76.0
2025-03-02,0100 UTC,24.1,73.0,2,3,1,22.9,78.0
2025-03-02,0200 UTC,23.5,76.0,2,3,2,22.3,81.0
2025-03-02,0300 UTC,22.9,78.0,2,3,3,22.0,82.0
2025-03-02,0400 UTC,22.3,81.0,2,3,4,21.6,82.0
2025-03-02,0500 UTC,22.0,82.0,2,3,5,21.4,82.0
2025-03-02,0600 UTC,21.6,82.0,2,3,6,20.9,85.0
2025-03-02,0700 UTC,21.4,82.0,2,3,7,21.1,85.0
2025-03-02,0800 UTC,20.9,85.0,2,3,8,23.5,77.0
2025-03-02,0900 UTC,21.1,85.0,2,3,9,24.4,70.0
2025-03-02,1000 UTC,23.5,77.0,2,3,10,27.6,58.0
2025-03-02,1100 UTC,24.4,70.0,2,3,11,27.2,58.0
2025-03-02,1200 UTC,27.6,58.0,2,3,12,28.4,53.0
2025-03-02,1300 UTC,27.2,58.0,2,3,13,28.8,49.0
2025-03-02,1400 UTC,28.4,53.0,2,3,14,31.4,40.0
2025-03-02,1500 UTC,28.8,49.0,2,3,15,32.4,37.0
2025-03-02,1600 UTC,31.4,40.0,2,3,16,30.8,42.0
2025-03-02,1700 UTC,32.4,37.0,2,3,17,30.6,42.0
2025-03-02,1800 UTC,30.8,42.0,2,3,18,29.7,47.0
2025-03-02,1900 UTC,30.6,42.0,2,3,19,25.9,70.0
2025-03-02,2000 UTC,29.7,47.0,2,3,20,25.8,70.0
2025-03-02,2100 UTC,25.9,70.0,2,3,21,24.6,76.0
2025-03-02,2200 UTC,25.8,70.0,2,3,22,24.1,77.0
2025-03-02,2300 UTC,24.6,76.0,2,3,23,23.7,80.0
2025-03-03,0000 UTC,24.1,77.0,3,3,0,23.6,79.0
2025-03-03,0100 UTC,23.7,80.0,3,3,1,23.5,77.0
2025-03-03,0200 UTC,23.6,79.0,3,3,2,23.5,75.0
2025-03-03,0300 UTC,23.5,77.0,3,3,3,23.2,73.0
2025-03-03,0400 UTC,23.5,75.0,3,3,4,23.0,73.0
2025-03-03,0500 UTC,23.2,73.0,3,3,5,22.6,76.0
2025-03-03,0600 UTC,23.0,73.0,3,3,6,22.9,76.0
2025-03-03,0700 UTC,22.6,76.0,3,3,7,23.1,75.0
2025-03-03,0800 UTC,22.9,76.0,3,3,8,24.6,69.0
2025-03-03,0900 UTC,23.1,75.0,3,3,9,24.4,68.0
2025-03-03,1000 UTC,24.6,69.0,3,3,10,27.4,57.0
2025-03-03,1100 UTC,24.4,68.0,3,3,11,29.3,33.0
2025-03-03,1200 UTC,27.4,57.0,3,3,12,30.3,35.0
2025-03-03,1300 UTC,29.3,33.0,3,3,13,31.8,31.0
2025-03-03,1400 UTC,30.3,35.0,3,3,14,30.8,32.0
2025-03-03,1500 UTC,31.8,31.0,3,3,15,31.7,34.0
2025-03-03,1600 UTC,30.8,32.0,3,3,16,32.2,32.0
2025-03-03,1700 UTC,31.7,34.0,3,3,17,31.6,33.0
2025-03-03,1800 UTC,32.2,32.0,3,3,18,28.8,49.0
2025-03-03,1900 UTC,31.6,33.0,3,3,19,27.8,51.0
2025-03-03,2000 UTC,28.8,49.0,3,3,20,25.9,61.0
2025-03-03,2100 UTC,27.8,51.0,3,3,21,24.8,64.0
2025-03-03,2200 UTC,25.9,61.0,3,3,22,24.0,68.0
2025-03-03,2300 UTC,24.8,64.0,3,3,23,23.6,71.0
2025-03-04,0000 UTC,24.0,68.0,4,3,0,22.7,74.0
2025-03-04,0100 UTC,23.6,71.0,4,3,1,22.3,76.0
2025-03-04,0200 UTC,22.7,74.0,4,3,2,22.1,75.0
2025-03-04,0300 UTC,22.3,76.0,4,3,3,21.5,74.0
2025-03-04,0400 UTC,22.1,75.0,4,3,4,20.9,78.0
2025-03-04,0500 UTC,21.5,74.0,4,3,5,20.4,79.0
2025-03-04,0600 UTC,20.9,78.0,4,3,6,19.5,83.0
2025-03-04,0700 UTC,20.4,79.0,4,3,7,20.3,81.0
2025-03-04,0800 UTC,19.5,83.0,4,3,8,23.4,68.0
2025-03-04,0900 UTC,20.3,81.0,4,3,9,24.1,69.0
2025-03-04,1000 UTC,23.4,68.0,4,3,10,26.9,57.0
2025-03-04,1100 UTC,24.1,69.0,4,3,11,26.8,55.0
2025-03-04,1200 UTC,26.9,57.0,4,3,12,29.0,47.0
2025-03-04,1300 UTC,26.8,55.0,4,3,13,29.2,45.0
2025-03-04,1400 UTC,29.0,47.0,4,3,14,29.7,43.0
2025-03-04,1500 UTC,29.2,45.0,4,3,15,30.7,38.0
2025-03-04,1600 UTC,29.7,43.0,4,3,16,32.0,33.0
2025-03-04,1700 UTC,30.7,38.0,4,3,17,28.7,52.0
2025-03-04,1800 UTC,32.0,33.0,4,3,18,30.1,39.0
2025-03-04,1900 UTC,28.7,52.0,4,3,19,23.2,82.0
2025-03-04,2000 UTC,30.1,39.0,4,3,20,24.2,79.0
2025-03-04,2100 UTC,23.2,82.0,4,3,21,23.6,82.0
2025-03-04,2200 UTC,24.2,79.0,4,3,22,23.6,83.0
2025-03-04,2300 UTC,23.6,82.0,4,3,23,23.8,82.0
2025-03-05,0000 UTC,23.6,83.0,5,3,0,22.7,83.0
2025-03-05,0100 UTC,23.8,82.0,5,3,1,21.7,82.0
2025-03-05,0200 UTC,22.7,83.0,5,3,2,21.5,85.0
2025-03-05,0300 UTC,21.7,82.0,5,3,3,21.3,85.0
2025-03-05,0400 UTC,21.5,85.0,5,3,4,20.7,86.0
2025-03-05,0500 UTC,21.3,85.0,5,3,5,20.6,87.0
2025-03-05,0600 UTC,20.7,86.0,5,3,6,20.1,88.0
2025-03-05,0700 UTC,20.6,87.0,5,3,7,20.4,89.0
2025-03-05,0800 UTC,20.1,88.0,5,3,8,22.5,82.0
2025-03-05,0900 UTC,20.4,89.0,5,3,9,24.2,71.0
2025-03-05,1000 UTC,22.5,82.0,5,3,10,25.8,63.0
2025-03-05,1100 UTC,24.2,71.0,5,3,11,27.1,58.0
2025-03-05,1200 UTC,25.8,63.0,5,3,12,28.7,48.0
2025-03-05,1300 UTC,27.1,58.0,5,3,13,29.0,46.0
2025-03-05,1400 UTC,28.7,48.0,5,3,14,30.4,41.0
2025-03-05,1500 UTC,29.0,46.0,5,3,15,31.1,37.0
2025-03-05,1600 UTC,30.4,41.0,5,3,16,30.8,36.0
2025-03-05,1700 UTC,31.1,37.0,5,3,17,30.1,38.0
2025-03-05,1800 UTC,30.8,36.0,5,3,18,29.0,44.0
2025-03-05,1900 UTC,30.1,38.0,5,3,19,27.8,49.0
2025-03-05,2000 UTC,29.0,44.0,5,3,20,26.3,56.0
2025-03-05,2100 UTC,27.8,49.0,5,3,21,24.7,67.0
2025-03-05,2200 UTC,26.3,56.0,5,3,22,23.6,71.0
2025-03-05,2300 UTC,24.7,67.0,5,3,23,22.8,74.0
2025-03-06,0000 UTC,23.6,71.0,6,3,0,22.5,74.0
2025-03-06,0100 UTC,22.8,74.0,6,3,1,22.1,73.0
2025-03-06,0200 UTC,22.5,74.0,6,3,2,21.4,78.0
2025-03-06,0300 UTC,22.1,73.0,6,3,3,20.9,80.0
2025-03-06,0400 UTC,21.4,78.0,6,3,4,20.8,81.0
2025-03-06,0500 UTC,20.9,80.0,6,3,5,20.2,82.0
2025-03-06,0600 UTC,20.8,81.0,6,3,6,19.8,81.0
2025-03-06,0700 UTC,20.2,82.0,6,3,7,20.1,80.0
2025-03-06,0800 UTC,19.8,81.0,6,3,8,22.4,70.0
2025-03-06,0900 UTC,20.1,80.0,6,3,9,24.8,62.0
2025-03-06,1000 UTC,22.4,70.0,6,3,10,27.7,52.0
2025-03-06,1100 UTC,24.8,62.0,6,3,11,28.4,47.0
2025-03-06,1200 UTC,27.7,52.0,6,3,12,30.7,41.0
2025-03-06,1300 UTC,28.4,47.0,6,3,13,30.4,38.0
2025-03-06,1400 UTC,30.7,41.0,6,3,14,31.7,33.0
2025-03-06,1500 UTC,30.4,38.0,6,3,15,32.8,31.0
2025-03-06,1600 UTC,31.7,33.0,6,3,16,32.7,33.0
2025-03-06,1700 UTC,32.8,31.0,6,3,17,31.6,39.0
2025-03-06,1800 UTC,32.7,33.0,6,3,18,30.8,37.0
2025-03-06,1900 UTC,31.6,39.0,6,3,19,27.9,51.0
2025-03-06,2000 UTC,30.8,37.0,6,3,20,26.7,58.0
2025-03-06,2100 UTC,27.9,51.0,6,3,21,26.0,62.0
2025-03-06,2200 UTC,26.7,58.0,6,3,22,24.9,67.0
2025-03-06,2300 UTC,26.0,62.0,6,3,23,23.9,71.0
2025-03-07,0000 UTC,24.9,67.0,7,3,0,23.2,72.0
2025-03-07,0100 UTC,23.9,71.0,7,3,1,22.9,74.0
2025-03-07,0200 UTC,23.2,72.0,7,3,2,22.6,76.0
2025-03-07,0300 UTC,22.9,74.0,7,3,3,22.5,78.0
2025-03-07,0400 UTC,22.6,76.0,7,3,4,22.5,79.0
2025-03-07,0500 UTC,22.5,78.0,7,3,5,22.2,79.0
2025-03-07,0600 UTC,22.5,79.0,7,3,6,21.8,79.0
2025-03-07,0700 UTC,22.2,79.0,7,3,7,22.3,77.0
2025-03-07,0800 UTC,21.8,79.0,7,3,8,24.2,70.0
2025-03-07,0900 UTC,22.3,77.0,7,3,9,24.9,64.0
2025-03-07,1000 UTC,24.2,70.0,7,3,10,25.8,60.0
2025-03-07,1100 UTC,24.9,64.0,7,3,11,27.3,54.0
2025-03-07,1200 UTC,25.8,60.0,7,3,12,29.2,49.0
2025-03-07,1300 UTC,27.3,54.0,7,3,13,30.3,42.0
2025-03-07,1400 UTC,29.2,49.0,7,3,14,31.3,35.0
2025-03-07,1500 UTC,30.3,42.0,7,3,15,32.1,34.0
2025-03-07,1600 UTC,31.3,35.0,7,3,16,31.1,37.0
2025-03-07,1700 UTC,32.1,34.0,7,3,17,31.1,35.0
2025-03-07,1800 UTC,31.1,37.0,7,3,18,30.5,40.0
2025-03-07,1900 UTC,31.1,35.0,7,3,19,28.7,45.0
2025-03-07,2000 UTC,30.5,40.0,7,3,20,26.9,56.0
2025-03-07,2100 UTC,28.7,45.0,7,3,21,25.6,63.0
2025-03-07,2200 UTC,26.9,56.0,7,3,22,24.5,67.0
2025-03-07,2300 UTC,25.6,63.0,7,3,23,23.6,70.0
2025-03-08,0000 UTC,24.5,67.0,8,3,0,22.9,73.0
2025-03-08,0100 UTC,23.6,70.0,8,3,1,22.3,75.0
2025-03-08,0200 UTC,22.9,73.0,8,3,2,21.9,76.0
2025-03-08,0300 UTC,22.3,75.0,8,3,3,21.1,79.0
2025-03-08,0400 UTC,21.9,76.0,8,3,4,20.7,80.0
2025-03-08,0500 UTC,21.1,79.0,8,3,5,19.7,84.0
2025-03-08,0600 UTC,20.7,80.0,8,3,6,19.4,85.0
2025-03-08,0700 UTC,19.7,84.0,8,3,7,20.1,83.0
2025-03-08,0800 UTC,19.4,85.0,8,3,8,22.9,73.0
2025-03-08,0900 UTC,20.1,83.0,8,3,9,25.1,61.0
2025-03-08,1000 UTC,22.9,73.0,8,3,10,27.4,52.0
2025-03-08,1100 UTC,25.1,61.0,8,3,11,28.0,48.0
2025-03-08,1200 UTC,27.4,52.0,8,3,12,29.8,40.0
2025-03-08,1300 UTC,28.0,48.0,8,3,13,30.9,36.0
2025-03-08,1400 UTC,29.8,40.0,8,3,14,32.1,31.0
2025-03-08,1500 UTC,30.9,36.0,8,3,15,31.7,31.0
2025-03-08,1600 UTC,32.1,31.0,8,3,16,31.7,30.0
2025-03-08,1700 UTC,31.7,31.0,8,3,17,31.4,30.0
2025-03-08,1800 UTC,31.7,30.0,8,3,18,30.7,32.0
2025-03-08,1900 UTC,31.4,30.0,8,3,19,29.7,36.0
2025-03-08,2000 UTC,30.7,32.0,8,3,20,28.8,41.0
2025-03-08,2100 UTC,29.7,36.0,8,3,21,27.4,49.0
2025-03-08,2200 UTC,28.8,41.0,8,3,22,25.7,55.0
2025-03-08,2300 UTC,27.4,49.0,8,3,23,24.3,61.0
2025-03-09,0000 UTC,25.7,55.0,9,3,0,23.4,66.0
2025-03-09,0100 UTC,24.3,61.0,9,3,1,22.5,66.0
2025-03-09,0200 UTC,23.4,66.0,9,3,2,22.1,67.0
2025-03-09,0300 UTC,22.5,66.0,9,3,3,21.3,71.0
2025-03-09,0400 UTC,22.1,67.0,9,3,4,20.6,75.0
2025-03-09,0500 UTC,21.3,71.0,9,3,5,20.4,77.0
2025-03-09,0600 UTC,20.6,75.0,9,3,6,19.8,80.0
2025-03-09,0700 UTC,20.4,77.0,9,3,7,19.9,82.0
2025-03-09,0800 UTC,19.8,80.0,9,3,8,22.0,75.0
2025-03-09,0900 UTC,19.9,82.0,9,3,9,24.9,63.0
2025-03-09,1000 UTC,22.0,75.0,9,3,10,27.9,49.0
2025-03-09,1100 UTC,24.9,63.0,9,3,11,29.9,43.0
2025-03-09,1200 UTC,27.9,49.0,9,3,12,31.6,38.0
2025-03-09,1300 UTC,29.9,43.0,9,3,13,31.1,38.0
2025-03-09,1400 UTC,31.6,38.0,9,3,14,32.0,29.0
2025-03-09,1500 UTC,31.1,38.0,9,3,15,31.1,36.0
2025-03-09,1600 UTC,32.0,29.0,9,3,16,30.7,38.0
2025-03-09,1700 UTC,31.1,36.0,9,3,17,31.5,33.0
2025-03-09,1800 UTC,30.7,38.0,9,3,18,29.7,43.0
2025-03-09,1900 UTC,31.5,33.0,9,3,19,23.5,83.0
2025-03-09,2000 UTC,29.7,43.0,9,3,20,22.9,83.0
2025-03-09,2100 UTC,23.5,83.0,9,3,21,23.3,87.0
2025-03-09,2200 UTC,22.9,83.0,9,3,22,23.2,87.0
2025-03-09,2300 UTC,23.3,87.0,9,3,23,23.1,86.0
2025-03-10,0000 UTC,23.2,87.0,10,3,0,22.9,87.0
2025-03-10,0100 UTC,23.1,86.0,10,3,1,22.7,88.0
2025-03-10,0200 UTC,22.9,87.0,10,3,2,22.5,87.0
2025-03-10,0300 UTC,22.7,88.0,10,3,3,22.4,88.0
2025-03-10,0400 UTC,22.5,87.0,10,3,4,22.2,89.0
2025-03-10,0500 UTC,22.4,88.0,10,3,5,22.0,89.0
2025-03-10,0600 UTC,22.2,89.0,10,3,6,21.9,88.0
2025-03-10,0700 UTC,22.0,89.0,10,3,7,22.2,89.0
2025-03-10,0800 UTC,21.9,88.0,10,3,8,23.2,81.0
2025-03-10,0900 UTC,22.2,89.0,10,3,9,24.3,73.0
2025-03-10,1000 UTC,23.2,81.0,10,3,10,25.8,68.0
2025-03-10,1100 UTC,24.3,73.0,10,3,11,27.0,60.0
2025-03-10,1200 UTC,25.8,68.0,10,3,12,28.5,56.0
2025-03-10,1300 UTC,27.0,60.0,10,3,13,30.6,49.0
2025-03-10,1400 UTC,28.5,56.0,10,3,14,31.3,43.0
2025-03-10,1500 UTC,30.6,49.0,10,3,15,31.0,41.0
2025-03-10,1600 UTC,31.3,43.0,10,3,16,29.9,45.0
2025-03-10,1700 UTC,31.0,41.0,10,3,17,28.0,66.0
2025-03-10,1800 UTC,29.9,45.0,10,3,18,28.8,62.0
2025-03-10,1900 UTC,28.0,66.0,10,3,19,26.4,77.0
2025-03-10,2000 UTC,28.8,62.0,10,3,20,25.7,71.0
2025-03-10,2100 UTC,26.4,77.0,10,3,21,24.7,71.0
2025-03-10,2200 UTC,25.7,71.0,10,3,22,24.1,73.0
2025-03-10,2300 UTC,24.7,71.0,10,3,23,23.4,76.0
2025-03-11,0000 UTC,24.1,73.0,11,3,0,22.4,80.0
2025-03-11,0100 UTC,23.4,76.0,11,3,1,22.2,80.0
2025-03-11,0200 UTC,22.4,80.0,11,3,2,21.2,84.0
2025-03-11,0300 UTC,22.2,80.0,11,3,3,20.3,87.0
2025-03-11,0400 UTC,21.2,84.0,11,3,4,19.9,87.0
2025-03-11,0500 UTC,20.3,87.0,11,3,5,19.8,86.0
2025-03-11,0600 UTC,19.9,87.0,11,3,6,19.4,87.0
2025-03-11,0700 UTC,19.8,86.0,11,3,7,19.7,87.0
2025-03-11,0800 UTC,19.4,87.0,11,3,8,22.4,77.0
2025-03-11,0900 UTC,19.7,87.0,11,3,9,24.3,66.0
2025-03-11,1000 UTC,22.4,77.0,11,3,10,25.7,59.0
2025-03-11,1100 UTC,24.3,66.0,11,3,11,27.8,46.0
2025-03-11,1200 UTC,25.7,59.0,11,3,12,30.0,38.0
2025-03-11,1300 UTC,27.8,46.0,11,3,13,30.8,32.0
2025-03-11,1400 UTC,30.0,38.0,11,3,14,32.7,30.0
2025-03-11,1500 UTC,30.8,32.0,11,3,15,32.5,30.0
2025-03-11,1600 UTC,32.7,30.0,11,3,16,32.9,30.0
2025-03-11,1700 UTC,32.5,30.0,11,3,17,32.3,31.0
2025-03-11,1800 UTC,32.9,30.0,11,3,18,31.2,34.0
2025-03-11,1900 UTC,32.3,31.0,11,3,19,29.9,39.0
2025-03-11,2000 UTC,31.2,34.0,11,3,20,28.2,44.0
2025-03-11,2100 UTC,29.9,39.0,11,3,21,26.8,54.0
2025-03-11,2200 UTC,28.2,44.0,11,3,22,26.2,62.0
2025-03-11,2300 UTC,26.8,54.0,11,3,23,24.8,71.0
2025-03-12,0000 UTC,26.2,62.0,12,3,0,23.9,75.0
2025-03-12,0100 UTC,24.8,71.0,12,3,1,23.3,78.0
2025-03-12,0200 UTC,23.9,75.0,12,3,2,23.4,77.0
2025-03-12,0300 UTC,23.3,78.0,12,3,3,22.6,82.0
2025-03-12,0400 UTC,23.4,77.0,12,3,4,22.1,86.0
2025-03-12,0500 UTC,22.6,82.0,12,3,5,21.4,88.0
2025-03-12,0600 UTC,22.1,86.0,12,3,6,20.8,86.0
2025-03-12,0700 UTC,21.4,88.0,12,3,7,21.1,83.0
2025-03-12,0800 UTC,20.8,86.0,12,3,8,23.6,73.0
2025-03-12,0900 UTC,21.1,83.0,12,3,9,25.5,60.0
2025-03-12,1000 UTC,23.6,73.0,12,3,10,26.4,55.0
2025-03-12,1100 UTC,25.5,60.0,12,3,11,28.6,46.0
2025-03-12,1200 UTC,26.4,55.0,12,3,12,28.8,44.0
2025-03-12,1300 UTC,28.6,46.0,12,3,13,31.6,39.0
2025-03-12,1400 UTC,28.8,44.0,12,3,14,31.5,34.0
2025-03-12,1500 UTC,31.6,39.0,12,3,15,32.4,34.0
2025-03-12,1600 UTC,31.5,34.0,12,3,16,32.4,31.0
2025-03-12,1700 UTC,32.4,34.0,12,3,17,31.2,33.0
2025-03-12,1800 UTC,32.4,31.0,12,3,18,30.8,36.0
2025-03-12,1900 UTC,31.2,33.0,12,3,19,29.2,40.0
2025-03-12,2000 UTC,30.8,36.0,12,3,20,27.5,45.0
2025-03-12,2100 UTC,29.2,40.0,12,3,21,26.1,52.0
2025-03-12,2200 UTC,27.5,45.0,12,3,22,24.7,58.0
2025-03-12,2300 UTC,26.1,52.0,12,3,23,23.3,68.0
2025-03-13,0000 UTC,24.7,58.0,13,3,0,22.7,73.0
2025-03-13,0100 UTC,23.3,68.0,13,3,1,22.2,75.0
2025-03-13,0200 UTC,22.7,73.0,13,3,2,21.5,76.0
2025-03-13,0300 UTC,22.2,75.0,13,3,3,21.0,77.0
2025-03-13,0400 UTC,21.5,76.0,13,3,4,19.7,82.0
2025-03-13,0500 UTC,21.0,77.0,13,3,5,19.2,83.0
2025-03-13,0600 UTC,19.7,82.0,13,3,6,18.5,82.0
2025-03-13,0700 UTC,19.2,83.0,13,3,7,18.5,82.0
2025-03-13,0800 UTC,18.5,82.0,13,3,8,21.1,75.0
2025-03-13,0900 UTC,18.5,82.0,13,3,9,23.9,64.0
2025-03-13,1000 UTC,21.1,75.0,13,3,10,26.2,52.0
2025-03-13,1100 UTC,23.9,64.0,13,3,11,28.3,44.0
2025-03-13,1200 UTC,26.2,52.0,13,3,12,28.8,41.0
2025-03-13,1300 UTC,28.3,44.0,13,3,13,30.9,31.0
2025-03-13,1400 UTC,28.8,41.0,13,3,14,32.5,27.0
2025-03-13,1500 UTC,30.9,31.0,13,3,15,31.8,29.0
2025-03-13,1600 UTC,32.5,27.0,13,3,16,32.5,28.0
2025-03-13,1700 UTC,31.8,29.0,13,3,17,33.7,25.0
2025-03-13,1800 UTC,32.5,28.0,13,3,18,32.2,26.0
2025-03-13,1900 UTC,33.7,25.0,13,3,19,30.7,31.0
2025-03-13,2000 UTC,32.2,26.0,13,3,20,29.4,39.0
2025-03-13,2100 UTC,30.7,31.0,13,3,21,28.4,46.0
2025-03-13,2200 UTC,29.4,39.0,13,3,22,27.6,52.0
2025-03-13,2300 UTC,28.4,46.0,13,3,23,25.9,62.0
2025-03-14,0000 UTC,27.6,52.0,14,3,0,24.4,70.0
2025-03-14,0100 UTC,25.9,62.0,14,3,1,24.2,73.0
2025-03-14,0200 UTC,24.4,70.0,14,3,2,23.8,74.0
2025-03-14,0300 UTC,24.2,73.0,14,3,3,23.2,76.0
2025-03-14,0400 UTC,23.8,74.0,14,3,4,22.8,78.0
2025-03-14,0500 UTC,23.2,76.0,14,3,5,22.4,80.0
2025-03-14,0600 UTC,22.8,78.0,14,3,6,22.0,81.0
2025-03-14,0700 UTC,22.4,80.0,14,3,7,22.3,81.0
2025-03-14,0800 UTC,22.0,81.0,14,3,8,22.8,77.0
2025-03-14,0900 UTC,22.3,81.0,14,3,9,25.6,63.0
2025-03-14,1000 UTC,22.8,77.0,14,3,10,27.3,57.0
2025-03-14,1100 UTC,25.6,63.0,14,3,11,28.6,50.0
2025-03-14,1200 UTC,27.3,57.0,14,3,12,29.6,46.0
2025-03-14,1300 UTC,28.6,50.0,14,3,13,30.7,41.0
2025-03-14,1400 UTC,29.6,46.0,14,3,14,30.4,39.0
2025-03-14,1500 UTC,30.7,41.0,14,3,15,30.8,38.0
2025-03-14,1600 UTC,30.4,39.0,14,3,16,31.4,37.0
2025-03-14,1700 UTC,30.8,38.0,14,3,17,31.9,34.0
2025-03-14,1800 UTC,31.4,37.0,14,3,18,30.8,38.0
2025-03-14,1900 UTC,31.9,34.0,14,3,19,29.4,43.0
2025-03-14,2000 UTC,30.8,38.0,14,3,20,29.1,45.0
2025-03-14,2100 UTC,29.4,43.0,14,3,21,25.6,68.0
2025-03-14,2200 UTC,29.1,45.0,14,3,22,25.2,74.0
2025-03-14,2300 UTC,25.6,68.0,14,3,23,24.5,76.0
2025-03-15,0000 UTC,25.2,74.0,15,3,0,24.1,76.0
2025-03-15,0100 UTC,24.5,76.0,15,3,1,23.7,76.0
2025-03-15,0200 UTC,24.1,76.0,15,3,2,23.7,75.0
2025-03-15,0300 UTC,23.7,76.0,15,3,3,23.4,76.0
2025-03-15,0400 UTC,23.7,75.0,15,3,4,23.3,77.0
2025-03-15,0500 UTC,23.4,76.0,15,3,5,23.0,78.0
2025-03-15,0600 UTC,23.3,77.0,15,3,6,22.6,80.0
2025-03-15,0700 UTC,23.0,78.0,15,3,7,22.5,81.0
2025-03-15,0800 UTC,22.6,80.0,15,3,8,24.2,74.0
2025-03-15,0900 UTC,22.5,81.0,15,3,9,25.1,70.0
2025-03-15,1000 UTC,24.2,74.0,15,3,10,27.1,62.0
2025-03-15,1100 UTC,25.1,70.0,15,3,11,28.7,55.0
2025-03-15,1200 UTC,27.1,62.0,15,3,12,29.1,50.0
2025-03-15,1300 UTC,28.7,55.0,15,3,13,32.0,38.0
2025-03-15,1400 UTC,29.1,50.0,15,3,14,30.3,44.0
2025-03-15,1500 UTC,32.0,38.0,15,3,15,31.3,37.0
2025-03-15,1600 UTC,30.3,44.0,15,3,16,30.9,43.0
2025-03-15,1700 UTC,31.3,37.0,15,3,17,30.7,41.0
2025-03-15,1800 UTC,30.9,43.0,15,3,18,30.1,47.0
2025-03-15,1900 UTC,30.7,41.0,15,3,19,28.2,54.0
2025-03-15,2000 UTC,30.1,47.0,15,3,20,27.1,61.0
2025-03-15,2100 UTC,28.2,54.0,15,3,21,25.9,66.0
2025-03-15,2200 UTC,27.1,61.0,15,3,22,24.9,73.0
2025-03-15,2300 UTC,25.9,66.0,15,3,23,24.4,76.0
2025-03-16,0000 UTC,24.9,73.0,16,3,0,24.0,77.0
2025-03-16,0100 UTC,24.4,76.0,16,3,1,23.6,80.0
2025-03-16,0200 UTC,24.0,77.0,16,3,2,23.3,78.0
2025-03-16,0300 UTC,23.6,80.0,16,3,3,22.6,80.0
2025-03-16,0400 UTC,23.3,78.0,16,3,4,22.0,84.0
2025-03-16,0500 UTC,22.6,80.0,16,3,5,21.9,86.0
2025-03-16,0600 UTC,22.0,84.0,16,3,6,21.7,87.0
2025-03-16,0700 UTC,21.9,86.0,16,3,7,21.9,86.0
2025-03-16,0800 UTC,21.7,87.0,16,3,8,23.6,79.0
2025-03-16,0900 UTC,21.9,86.0,16,3,9,25.2,67.0
2025-03-16,1000 UTC,23.6,79.0,16,3,10,27.7,56.0
2025-03-16,1100 UTC,25.2,67.0,16,3,11,28.9,50.0
2025-03-16,1200 UTC,27.7,56.0,16,3,12,31.0,42.0
2025-03-16,1300 UTC,28.9,50.0,16,3,13,31.5,39.0
2025-03-16,1400 UTC,31.0,42.0,16,3,14,31.7,38.0
2025-03-16,1500 UTC,31.5,39.0,16,3,15,33.1,33.0
2025-03-16,1600 UTC,31.7,38.0,16,3,16,34.1,30.0
2025-03-16,1700 UTC,33.1,33.0,16,3,17,29.9,51.0
2025-03-16,1800 UTC,34.1,30.0,16,3,18,27.7,60.0
2025-03-16,1900 UTC,29.9,51.0,16,3,19,26.4,62.0
2025-03-16,2000 UTC,27.7,60.0,16,3,20,24.6,71.0
2025-03-16,2100 UTC,26.4,62.0,16,3,21,24.1,76.0
2025-03-16,2200 UTC,24.6,71.0,16,3,22,23.7,78.0
2025-03-16,2300 UTC,24.1,76.0,16,3,23,23.2,80.0
2025-03-17,0000 UTC,23.7,78.0,17,3,0,23.0,81.0
2025-03-17,0100 UTC,23.2,80.0,17,3,1,22.7,81.0
2025-03-17,0200 UTC,23.0,81.0,17,3,2,22.4,83.0
2025-03-17,0300 UTC,22.7,81.0,17,3,3,22.6,83.0
2025-03-17,0400 UTC,22.4,83.0,17,3,4,22.7,83.0
2025-03-17,0500 UTC,22.6,83.0,17,3,5,22.7,84.0
2025-03-17,0600 UTC,22.7,83.0,17,3,6,22.6,85.0
2025-03-17,0700 UTC,22.7,84.0,17,3,7,22.6,85.0
2025-03-17,0800 UTC,22.6,85.0,17,3,8,23.4,82.0
2025-03-17,0900 UTC,22.6,85.0,17,3,9,24.3,76.0
2025-03-17,1000 UTC,23.4,82.0,17,3,10,25.6,70.0
2025-03-17,1100 UTC,24.3,76.0,17,3,11,27.1,62.0
2025-03-17,1200 UTC,25.6,70.0,17,3,12,29.3,53.0
2025-03-17,1300 UTC,27.1,62.0,17,3,13,30.7,43.0
2025-03-17,1400 UTC,29.3,53.0,17,3,14,31.5,42.0
2025-03-17,1500 UTC,30.7,43.0,17,3,15,30.0,45.0
2025-03-17,1600 UTC,31.5,42.0,17,3,16,30.5,42.0
2025-03-17,1700 UTC,30.0,45.0,17,3,17,30.3,42.0
2025-03-17,1800 UTC,30.5,42.0,17,3,18,29.6,45.0
2025-03-17,1900 UTC,30.3,42.0,17,3,19,23.9,83.0
2025-03-17,2000 UTC,29.6,45.0,17,3,20,23.4,85.0
2025-03-17,2100 UTC,23.9,83.0,17,3,21,22.7,88.0
2025-03-17,2200 UTC,23.4,85.0,17,3,22,21.7,87.0
2025-03-17,2300 UTC,22.7,88.0,17,3,23,21.6,89.0
2025-03-18,0000 UTC,21.7,87.0,18,3,0,21.4,90.0
2025-03-18,0100 UTC,21.6,89.0,18,3,1,21.7,90.0
2025-03-18,0200 UTC,21.4,90.0,18,3,2,21.7,91.0
2025-03-18,0300 UTC,21.7,90.0,18,3,3,21.3,92.0
2025-03-18,0400 UTC,21.7,91.0,18,3,4,21.4,91.0
2025-03-18,0500 UTC,21.3,92.0,18,3,5,21.1,91.0
2025-03-18,0600 UTC,21.4,91.0,18,3,6,21.0,91.0
2025-03-18,0700 UTC,21.1,91.0,18,3,7,20.8,90.0
2025-03-18,0800 UTC,21.0,91.0,18,3,8,21.8,86.0
2025-03-18,0900 UTC,20.8,90.0,18,3,9,23.0,84.0
2025-03-18,1000 UTC,21.8,86.0,18,3,10,25.4,75.0
2025-03-18,1100 UTC,23.0,84.0,18,3,11,26.8,64.0
2025-03-18,1200 UTC,25.4,75.0,18,3,12,28.4,54.0
2025-03-18,1300 UTC,26.8,64.0,18,3,13,29.5,47.0
2025-03-18,1400 UTC,28.4,54.0,18,3,14,31.2,39.0
2025-03-18,1500 UTC,29.5,47.0,18,3,15,31.9,36.0
2025-03-18,1600 UTC,31.2,39.0,18,3,16,31.5,36.0
2025-03-18,1700 UTC,31.9,36.0,18,3,17,31.6,35.0
2025-03-18,1800 UTC,31.5,36.0,18,3,18,29.4,45.0
2025-03-18,1900 UTC,31.6,35.0,18,3,19,28.9,48.0
2025-03-18,2000 UTC,29.4,45.0,18,3,20,24.9,70.0
2025-03-18,2100 UTC,28.9,48.0,18,3,21,24.9,73.0
2025-03-18,2200 UTC,24.9,70.0,18,3,22,24.9,75.0
2025-03-18,2300 UTC,24.9,73.0,18,3,23,24.4,76.0
2025-03-19,0000 UTC,24.9,75.0,19,3,0,23.6,80.0
2025-03-19,0100 UTC,24.4,76.0,19,3,1,23.3,82.0
2025-03-19,0200 UTC,23.6,80.0,19,3,2,22.7,83.0
2025-03-19,0300 UTC,23.3,82.0,19,3,3,22.4,85.0
2025-03-19,0400 UTC,22.7,83.0,19,3,4,22.0,87.0
2025-03-19,0500 UTC,22.4,85.0,19,3,5,22.3,85.0
2025-03-19,0600 UTC,22.0,87.0,19,3,6,22.2,86.0
2025-03-19,0700 UTC,22.3,85.0,19,3,7,22.3,84.0
2025-03-19,0800 UTC,22.2,86.0,19,3,8,23.2,80.0
2025-03-19,0900 UTC,22.3,84.0,19,3,9,25.6,69.0
2025-03-19,1000 UTC,23.2,80.0,19,3,10,26.3,65.0
2025-03-19,1200 UTC,26.3,65.0,19,3,12,29.1,49.0
2025-03-19,1400 UTC,29.1,49.0,19,3,14,31.0,42.0
2025-03-19,1500 UTC,30.7,48.0,19,3,15,30.5,45.0
2025-03-19,1600 UTC,31.0,42.0,19,3,16,25.1,69.0
2025-03-19,1700 UTC,30.5,45.0,19,3,17,24.4,79.0
2025-03-19,1800 UTC,25.1,69.0,19,3,18,24.5,74.0
2025-03-19,1900 UTC,24.4,79.0,19,3,19,24.7,71.0
2025-03-19,2000 UTC,24.5,74.0,19,3,20,24.4,76.0
2025-03-19,2100 UTC,24.7,71.0,19,3,21,23.6,83.0
2025-03-19,2200 UTC,24.4,76.0,19,3,22,23.5,84.0
2025-03-19,2300 UTC,23.6,83.0,19,3,23,23.5,84.0
2025-03-20,0000 UTC,23.5,84.0,20,3,0,23.4,84.0
2025-03-20,0100 UTC,23.5,84.0,20,3,1,23.4,83.0
2025-03-20,0200 UTC,23.4,84.0,20,3,2,23.4,79.0
2025-03-20,0300 UTC,23.4,83.0,20,3,3,23.0,81.0
2025-03-20,0400 UTC,23.4,79.0,20,3,4,22.9,84.0
2025-03-20,0500 UTC,23.0,81.0,20,3,5,22.6,85.0
2025-03-20,0600 UTC,22.9,84.0,20,3,6,22.4,86.0
2025-03-20,0700 UTC,22.6,85.0,20,3,7,22.6,86.0
2025-03-20,0800 UTC,22.4,86.0,20,3,8,23.4,82.0
2025-03-20,0900 UTC,22.6,86.0,20,3,9,24.9,71.0
2025-03-20,1000 UTC,23.4,82.0,20,3,10,26.6,63.0
2025-03-20,1100 UTC,24.9,71.0,20,3,11,27.6,57.0
2025-03-20,1200 UTC,26.6,63.0,20,3,12,29.3,49.0
2025-03-20,1300 UTC,27.6,57.0,20,3,13,31.2,41.0
2025-03-20,1400 UTC,29.3,49.0,20,3,14,31.6,39.0
2025-03-20,1500 UTC,31.2,41.0,20,3,15,32.5,38.0
2025-03-20,1600 UTC,31.6,39.0,20,3,16,32.9,36.0
2025-03-20,1700 UTC,32.5,38.0,20,3,17,32.3,38.0
2025-03-20,1800 UTC,32.9,36.0,20,3,18,31.3,38.0
2025-03-20,1900 UTC,32.3,38.0,20,3,19,30.0,43.0
2025-03-20,2000 UTC,31.3,38.0,20,3,20,28.5,52.0
2025-03-20,2100 UTC,30.0,43.0,20,3,21,27.4,61.0
2025-03-20,2200 UTC,28.5,52.0,20,3,22,26.6,65.0
2025-03-20,2300 UTC,27.4,61.0,20,3,23,25.5,71.0
2025-03-21,0000 UTC,26.6,65.0,21,3,0,24.8,75.0
2025-03-21,0100 UTC,25.5,71.0,21,3,1,24.5,76.0
2025-03-21,0200 UTC,24.8,75.0,21,3,2,23.9,79.0
2025-03-21,0300 UTC,24.5,76.0,21,3,3,23.8,77.0
2025-03-21,0400 UTC,23.9,79.0,21,3,4,23.0,75.0
2025-03-21,0500 UTC,23.8,77.0,21,3,5,22.6,80.0
2025-03-21,0600 UTC,23.0,75.0,21,3,6,21.9,85.0
2025-03-21,0700 UTC,22.6,80.0,21,3,7,22.3,84.0
2025-03-21,0800 UTC,21.9,85.0,21,3,8,23.0,80.0
2025-03-21,0900 UTC,22.3,84.0,21,3,9,25.4,71.0
2025-03-21,1000 UTC,23.0,80.0,21,3,10,26.8,64.0
2025-03-21,1100 UTC,25.4,71.0,21,3,11,28.6,57.0
2025-03-21,1200 UTC,26.8,64.0,21,3,12,29.2,49.0
2025-03-21,1300 UTC,28.6,57.0,21,3,13,31.0,40.0
2025-03-21,1400 UTC,29.2,49.0,21,3,14,31.0,40.0
2025-03-21,1500 UTC,31.0,40.0,21,3,15,31.4,38.0
2025-03-21,1600 UTC,31.0,40.0,21,3,16,32.5,34.0
2025-03-21,1700 UTC,31.4,38.0,21,3,17,31.9,36.0
2025-03-21,1800 UTC,32.5,34.0,21,3,18,30.9,37.0
2025-03-21,1900 UTC,31.9,36.0,21,3,19,28.7,53.0
2025-03-21,2000 UTC,30.9,37.0,21,3,20,27.5,58.0
2025-03-21,2100 UTC,28.7,53.0,21,3,21,27.3,52.0
2025-03-21,2200 UTC,27.5,58.0,21,3,22,26.0,58.0
2025-03-21,2300 UTC,27.3,52.0,21,3,23,25.2,68.0
2025-03-22,0000 UTC,26.0,58.0,22,3,0,24.9,71.0
2025-03-22,0100 UTC,25.2,68.0,22,3,1,24.4,74.0
2025-03-22,0200 UTC,24.9,71.0,22,3,2,23.9,77.0
2025-03-22,0300 UTC,24.4,74.0,22,3,3,23.4,79.0
2025-03-22,0400 UTC,23.9,77.0,22,3,4,22.6,81.0
2025-03-22,0500 UTC,23.4,79.0,22,3,5,22.1,82.0
2025-03-22,0600 UTC,22.6,81.0,22,3,6,21.6,85.0
2025-03-22,0700 UTC,22.1,82.0,22,3,7,21.5,86.0
2025-03-22,0800 UTC,21.6,85.0,22,3,8,23.3,80.0
2025-03-22,0900 UTC,21.5,86.0,22,3,9,24.7,69.0
2025-03-22,1000 UTC,23.3,80.0,22,3,10,27.3,56.0
2025-03-22,1100 UTC,24.7,69.0,22,3,11,28.6,48.0
2025-03-22,1200 UTC,27.3,56.0,22,3,12,30.5,38.0
2025-03-22,1300 UTC,28.6,48.0,22,3,13,31.4,34.0
2025-03-22,1400 UTC,30.5,38.0,22,3,14,31.3,32.0
2025-03-22,1500 UTC,31.4,34.0,22,3,15,32.3,30.0
2025-03-22,1600 UTC,31.3,32.0,22,3,16,32.3,33.0
2025-03-22,1700 UTC,32.3,30.0,22,3,17,32.0,33.0
2025-03-22,1800 UTC,32.3,33.0,22,3,18,31.2,37.0
2025-03-22,1900 UTC,32.0,33.0,22,3,19,29.6,42.0
2025-03-22,2000 UTC,31.2,37.0,22,3,20,28.7,48.0
2025-03-22,2100 UTC,29.6,42.0,22,3,21,27.5,54.0
2025-03-22,2200 UTC,28.7,48.0,22,3,22,26.4,59.0
2025-03-22,2300 UTC,27.5,54.0,22,3,23,25.2,65.0
2025-03-23,0000 UTC,26.4,59.0,23,3,0,24.1,71.0
2025-03-23,0100 UTC,25.2,65.0,23,3,1,23.4,75.0
2025-03-23,0200 UTC,24.1,71.0,23,3,2,22.6,79.0
2025-03-23,0300 UTC,23.4,75.0,23,3,3,22.3,82.0
2025-03-23,0400 UTC,22.6,79.0,23,3,4,22.2,82.0
2025-03-23,0500 UTC,22.3,82.0,23,3,5,22.0,83.0
2025-03-23,0600 UTC,22.2,82.0,23,3,6,21.1,86.0
2025-03-23,0700 UTC,22.0,83.0,23,3,7,21.3,86.0
2025-03-23,0800 UTC,21.1,86.0,23,3,8,22.2,81.0
2025-03-23,0900 UTC,21.3,86.0,23,3,9,24.9,66.0
2025-03-23,1000 UTC,22.2,81.0,23,3,10,26.5,56.0
2025-03-23,1100 UTC,24.9,66.0,23,3,11,28.4,48.0
2025-03-23,1200 UTC,26.5,56.0,23,3,12,29.7,38.0
2025-03-23,1300 UTC,28.4,48.0,23,3,13,31.1,31.0
2025-03-23,1400 UTC,29.7,38.0,23,3,14,33.4,27.0
2025-03-23,1500 UTC,31.1,31.0,23,3,15,33.8,23.0
2025-03-23,1600 UTC,33.4,27.0,23,3,16,32.8,24.0
2025-03-23,1700 UTC,33.8,23.0,23,3,17,33.7,22.0
2025-03-23,1800 UTC,32.8,24.0,23,3,18,32.1,26.0
2025-03-23,1900 UTC,33.7,22.0,23,3,19,30.1,30.0
2025-03-23,2000 UTC,32.1,26.0,23,3,20,28.0,37.0
2025-03-23,2100 UTC,30.1,30.0,23,3,21,27.3,37.0
2025-03-23,2200 UTC,28.0,37.0,23,3,22,26.5,53.0
2025-03-23,2300 UTC,27.3,37.0,23,3,23,25.3,67.0
2025-03-24,0000 UTC,26.5,53.0,24,3,0,24.4,73.0
2025-03-24,0100 UTC,25.3,67.0,24,3,1,23.5,77.0
2025-03-24,0200 UTC,24.4,73.0,24,3,2,23.0,78.0
2025-03-24,0300 UTC,23.5,77.0,24,3,3,23.0,74.0
2025-03-24,0400 UTC,23.0,78.0,24,3,4,21.4,79.0
2025-03-24,0500 UTC,23.0,74.0,24,3,5,20.5,82.0
2025-03-24,0600 UTC,21.4,79.0,24,3,6,20.0,84.0
2025-03-24,0700 UTC,20.5,82.0,24,3,7,20.5,83.0
2025-03-24,0800 UTC,20.0,84.0,24,3,8,22.6,72.0
2025-03-24,0900 UTC,20.5,83.0,24,3,9,25.3,53.0
2025-03-24,1000 UTC,22.6,72.0,24,3,10,26.5,50.0
2025-03-24,1100 UTC,25.3,53.0,24,3,11,28.6,41.0
2025-03-24,1200 UTC,26.5,50.0,24,3,12,30.3,32.0
2025-03-24,1300 UTC,28.6,41.0,24,3,13,31.6,28.0
2025-03-24,1400 UTC,30.3,32.0,24,3,14,33.3,23.0
2025-03-24,1500 UTC,31.6,28.0,24,3,15,33.2,20.0
2025-03-24,1600 UTC,33.3,23.0,24,3,16,33.5,20.0
2025-03-24,1700 UTC,33.2,20.0,24,3,17,33.5,20.0
2025-03-24,1800 UTC,33.5,20.0,24,3,18,32.1,19.0
2025-03-24,1900 UTC,33.5,20.0,24,3,19,30.1,21.0
2025-03-24,2000 UTC,32.1,19.0,24,3,20,27.8,33.0
2025-03-24,2100 UTC,30.1,21.0,24,3,21,26.7,44.0
2025-03-24,2200 UTC,27.8,33.0,24,3,22,25.9,59.0
2025-03-24,2300 UTC,26.7,44.0,24,3,23,24.8,65.0
2025-03-25,0000 UTC,25.9,59.0,25,3,0,23.8,71.0
2025-03-25,0100 UTC,24.8,65.0,25,3,1,23.2,74.0
2025-03-25,0200 UTC,23.8,71.0,25,3,2,22.6,77.0
2025-03-25,0300 UTC,23.2,74.0,25,3,3,22.0,79.0
2025-03-25,0400 UTC,22.6,77.0,25,3,4,21.3,83.0
2025-03-25,0500 UTC,22.0,79.0,25,3,5,21.0,85.0
2025-03-25,0600 UTC,21.3,83.0,25,3,6,21.2,86.0
2025-03-25,0700 UTC,21.0,85.0,25,3,7,21.4,85.0
2025-03-25,0800 UTC,21.2,86.0,25,3,8,23.0,80.0
2025-03-25,0900 UTC,21.4,85.0,25,3,9,24.3,72.0
2025-03-25,1000 UTC,23.0,80.0,25,3,10,25.8,64.0
2025-03-25,1100 UTC,24.3,72.0,25,3,11,28.3,56.0
2025-03-25,1200 UTC,25.8,64.0,25,3,12,29.3,49.0
2025-03-25,1300 UTC,28.3,56.0,25,3,13,30.8,42.0
2025-03-25,1400 UTC,29.3,49.0,25,3,14,32.4,32.0
2025-03-25,1500 UTC,30.8,42.0,25,3,15,33.1,34.0
2025-03-25,1600 UTC,32.4,32.0,25,3,16,31.9,39.0
2025-03-25,1700 UTC,33.1,34.0,25,3,17,32.2,37.0
2025-03-25,1800 UTC,31.9,39.0,25,3,18,30.7,41.0
2025-03-25,1900 UTC,32.2,37.0,25,3,19,29.6,46.0
2025-03-25,2000 UTC,30.7,41.0,25,3,20,28.6,50.0
2025-03-25,2100 UTC,29.6,46.0,25,3,21,27.4,54.0
2025-03-25,2200 UTC,28.6,50.0,25,3,22,26.3,58.0
2025-03-25,2300 UTC,27.4,54.0,25,3,23,24.9,66.0
2025-03-26,0000 UTC,26.3,58.0,26,3,0,23.8,70.0
2025-03-26,0100 UTC,24.9,66.0,26,3,1,22.8,74.0
2025-03-26,0200 UTC,23.8,70.0,26,3,2,22.5,67.0
2025-03-26,0300 UTC,22.8,74.0,26,3,3,21.5,73.0
2025-03-26,0400 UTC,22.5,67.0,26,3,4,20.5,81.0
2025-03-26,0500 UTC,21.5,73.0,26,3,5,19.9,85.0
2025-03-26,0600 UTC,20.5,81.0,26,3,6,19.6,87.0
2025-03-26,0700 UTC,19.9,85.0,26,3,7,20.0,84.0
2025-03-26,0800 UTC,19.6,87.0,26,3,8,22.0,75.0
2025-03-26,0900 UTC,20.0,84.0,26,3,9,24.8,56.0
2025-03-26,1000 UTC,22.0,75.0,26,3,10,27.2,42.0
2025-03-26,1100 UTC,24.8,56.0,26,3,11,29.2,33.0
2025-03-26,1200 UTC,27.2,42.0,26,3,12,30.9,29.0
2025-03-26,1300 UTC,29.2,33.0,26,3,13,32.2,24.0
2025-03-26,1400 UTC,30.9,29.0,26,3,14,33.9,22.0
2025-03-26,1500 UTC,32.2,24.0,26,3,15,34.7,20.0
2025-03-26,1600 UTC,33.9,22.0,26,3,16,34.6,19.0
2025-03-26,1700 UTC,34.7,20.0,26,3,17,34.0,20.0
2025-03-26,1800 UTC,34.6,19.0,26,3,18,33.1,23.0
2025-03-26,1900 UTC,34.0,20.0,26,3,19,31.0,32.0
2025-03-26,2000 UTC,33.1,23.0,26,3,20,29.4,42.0
2025-03-26,2100 UTC,31.0,32.0,26,3,21,28.4,50.0
2025-03-26,2200 UTC,29.4,42.0,26,3,22,27.0,58.0
2025-03-26,2300 UTC,28.4,50.0,26,3,23,26.0,65.0
2025-03-27,0000 UTC,27.0,58.0,27,3,0,24.9,72.0
2025-03-27,0100 UTC,26.0,65.0,27,3,1,24.0,75.0
2025-03-27,0200 UTC,24.9,72.0,27,3,2,23.4,75.0
2025-03-27,0300 UTC,24.0,75.0,27,3,3,22.5,81.0
2025-03-27,0400 UTC,23.4,75.0,27,3,4,22.9,80.0
2025-03-27,0500 UTC,22.5,81.0,27,3,5,22.8,79.0
2025-03-27,0600 UTC,22.9,80.0,27,3,6,21.7,83.0
2025-03-27,0700 UTC,22.8,79.0,27,3,7,22.1,82.0
2025-03-27,0800 UTC,21.7,83.0,27,3,8,23.7,75.0
2025-03-27,0900 UTC,22.1,82.0,27,3,9,26.5,62.0
2025-03-27,1000 UTC,23.7,75.0,27,3,10,28.4,54.0
2025-03-27,1100 UTC,26.5,62.0,27,3,11,29.6,50.0
2025-03-27,1200 UTC,28.4,54.0,27,3,12,30.1,44.0
2025-03-27,1300 UTC,29.6,50.0,27,3,13,31.0,40.0
2025-03-27,1400 UTC,30.1,44.0,27,3,14,31.6,38.0
2025-03-27,1500 UTC,31.0,40.0,27,3,15,31.9,37.0
2025-03-27,1600 UTC,31.6,38.0,27,3,16,31.1,44.0
2025-03-27,1700 UTC,31.9,37.0,27,3,17,31.5,37.0
2025-03-27,1800 UTC,31.1,44.0,27,3,18,27.7,63.0
2025-03-27,1900 UTC,31.5,37.0,27,3,19,27.8,58.0
2025-03-27,2000 UTC,27.7,63.0,27,3,20,27.3,59.0
2025-03-27,2100 UTC,27.8,58.0,27,3,21,26.7,64.0
2025-03-27,2200 UTC,27.3,59.0,27,3,22,25.6,70.0
2025-03-27,2300 UTC,26.7,64.0,27,3,23,24.8,75.0
2025-03-28,0000 UTC,25.6,70.0,28,3,0,24.5,77.0
2025-03-28,0100 UTC,24.8,75.0,28,3,1,24.1,76.0
2025-03-28,0200 UTC,24.5,77.0,28,3,2,23.5,77.0
2025-03-28,0300 UTC,24.1,76.0,28,3,3,22.7,80.0
2025-03-28,0400 UTC,23.5,77.0,28,3,4,22.5,81.0
2025-03-28,0500 UTC,22.7,80.0,28,3,5,22.1,83.0
2025-03-28,0600 UTC,22.5,81.0,28,3,6,22.1,83.0
2025-03-28,0700 UTC,22.1,83.0,28,3,7,22.4,83.0
2025-03-28,0800 UTC,22.1,83.0,28,3,8,24.1,77.0
2025-03-28,0900 UTC,22.4,83.0,28,3,9,25.3,67.0
2025-03-28,1000 UTC,24.1,77.0,28,3,10,26.8,60.0
2025-03-28,1100 UTC,25.3,67.0,28,3,11,28.0,55.0
2025-03-28,1200 UTC,26.8,60.0,28,3,12,30.6,45.0
2025-03-28,1300 UTC,28.0,55.0,28,3,13,31.1,41.0
2025-03-28,1400 UTC,30.6,45.0,28,3,14,30.6,41.0
2025-03-28,1500 UTC,31.1,41.0,28,3,15,30.2,41.0
2025-03-28,1600 UTC,30.6,41.0,28,3,16,30.9,40.0
2025-03-28,1700 UTC,30.2,41.0,28,3,17,30.9,40.0
2025-03-28,1800 UTC,30.9,40.0,28,3,18,28.2,54.0
2025-03-28,1900 UTC,30.9,40.0,28,3,19,26.0,64.0
2025-03-28,2000 UTC,28.2,54.0,28,3,20,25.0,69.0
2025-03-28,2100 UTC,26.0,64.0,28,3,21,24.2,72.0
2025-03-28,2200 UTC,25.0,69.0,28,3,22,23.4,76.0
2025-03-28,2300 UTC,24.2,72.0,28,3,23,23.2,79.0
2025-03-29,0000 UTC,23.4,76.0,29,3,0,22.9,81.0
2025-03-29,0100 UTC,23.2,79.0,29,3,1,22.6,77.0
2025-03-29,0200 UTC,22.9,81.0,29,3,2,22.0,80.0
2025-03-29,0300 UTC,22.6,77.0,29,3,3,21.7,82.0
2025-03-29,0400 UTC,22.0,80.0,29,3,4,21.5,84.0
2025-03-29,0500 UTC,21.7,82.0,29,3,5,21.7,84.0
2025-03-29,0600 UTC,21.5,84.0,29,3,6,21.8,84.0
2025-03-29,0700 UTC,21.7,84.0,29,3,7,21.7,85.0
2025-03-29,0800 UTC,21.8,84.0,29,3,8,23.5,78.0
2025-03-29,0900 UTC,21.7,85.0,29,3,9,25.3,68.0
2025-03-29,1000 UTC,23.5,78.0,29,3,10,25.8,66.0
2025-03-29,1100 UTC,25.3,68.0,29,3,11,27.1,58.0
2025-03-29,1200 UTC,25.8,66.0,29,3,12,29.9,47.0
2025-03-29,1300 UTC,27.1,58.0,29,3,13,31.5,37.0
2025-03-29,1400 UTC,29.9,47.0,29,3,14,30.2,40.0
2025-03-29,1500 UTC,31.5,37.0,29,3,15,30.7,37.0
2025-03-29,1600 UTC,30.2,40.0,29,3,16,30.9,35.0
2025-03-29,1700 UTC,30.7,37.0,29,3,17,30.5,36.0
2025-03-29,1800 UTC,30.9,35.0,29,3,18,30.0,36.0
2025-03-29,1900 UTC,30.5,36.0,29,3,19,29.3,38.0
2025-03-29,2000 UTC,30.0,36.0,29,3,20,27.9,48.0
2025-03-29,2100 UTC,29.3,38.0,29,3,21,26.8,51.0
2025-03-29,2200 UTC,27.9,48.0,29,3,22,25.9,55.0
2025-03-29,2300 UTC,26.8,51.0,29,3,23,24.7,61.0
2025-03-30,0000 UTC,25.9,55.0,30,3,0,23.9,67.0
2025-03-30,0100 UTC,24.7,61.0,30,3,1,23.1,72.0
2025-03-30,0200 UTC,23.9,67.0,30,3,2,22.3,76.0
2025-03-30,0300 UTC,23.1,72.0,30,3,3,21.5,79.0
2025-03-30,0400 UTC,22.3,76.0,30,3,4,21.0,82.0
2025-03-30,0500 UTC,21.5,79.0,30,3,5,20.8,85.0
2025-03-30,0600 UTC,21.0,82.0,30,3,6,20.7,84.0
2025-03-30,0700 UTC,20.8,85.0,30,3,7,20.2,87.0
2025-03-30,0800 UTC,20.7,84.0,30,3,8,21.8,81.0
2025-03-30,0900 UTC,20.2,87.0,30,3,9,24.4,68.0
2025-03-30,1000 UTC,21.8,81.0,30,3,10,26.1,58.0
2025-03-30,1100 UTC,24.4,68.0,30,3,11,27.1,53.0
2025-03-30,1200 UTC,26.1,58.0,30,3,12,30.1,42.0
2025-03-30,1300 UTC,27.1,53.0,30,3,13,31.7,35.0
2025-03-30,1400 UTC,30.1,42.0,30,3,14,31.7,35.0
2025-03-30,1500 UTC,31.7,35.0,30,3,15,33.4,30.0
2025-03-30,1600 UTC,31.7,35.0,30,3,16,33.0,29.0
2025-03-30,1700 UTC,33.4,30.0,30,3,17,33.2,29.0
2025-03-30,1800 UTC,33.0,29.0,30,3,18,31.7,31.0
2025-03-30,1900 UTC,33.2,29.0,30,3,19,30.1,38.0
2025-03-30,2000 UTC,31.7,31.0,30,3,20,28.7,43.0
2025-03-30,2100 UTC,30.1,38.0,30,3,21,27.9,58.0
2025-03-30,2200 UTC,28.7,43.0,30,3,22,26.3,66.0
2025-03-30,2300 UTC,27.9,58.0,30,3,23,25.2,71.0
2025-03-31,0000 UTC,26.3,66.0,31,3,0,24.6,75.0
2025-03-31,0100 UTC,25.2,71.0,31,3,1,24.2,76.0
2025-03-31,0200 UTC,24.6,75.0,31,3,2,23.6,76.0
2025-03-31,0300 UTC,24.2,76.0,31,3,3,22.9,72.0
2025-03-31,0400 UTC,23.6,76.0,31,3,4,21.9,76.0
2025-03-31,0500 UTC,22.9,72.0,31,3,5,21.4,79.0
2025-03-31,0600 UTC,21.9,76.0,31,3,6,20.4,82.0
2025-03-31,0700 UTC,21.4,79.0,31,3,7,20.3,83.0
2025-03-31,0800 UTC,20.4,82.0,31,3,8,22.5,75.0
2025-03-31,0900 UTC,20.3,83.0,31,3,9,24.7,62.0
2025-03-31,1000 UTC,22.5,75.0,31,3,10,26.2,54.0
2025-03-31,1100 UTC,24.7,62.0,31,3,11,27.4,46.0
2025-03-31,1200 UTC,26.2,54.0,31,3,12,30.3,33.0
2025-03-31,1300 UTC,27.4,46.0,31,3,13,32.0,26.0
2025-03-31,1400 UTC,30.3,33.0,31,3,14,31.6,28.0
2025-03-31,1500 UTC,32.0,26.0,31,3,15,31.8,27.0
2025-03-31,1600 UTC,31.6,28.0,31,3,16,32.1,27.0
2025-03-31,1700 UTC,31.8,27.0,31,3,17,31.6,25.0
2025-03-31,1800 UTC,32.1,27.0,31,3,18,31.0,28.0
2025-03-31,1900 UTC,31.6,25.0,31,3,19,29.9,32.0
2025-03-31,2000 UTC,31.0,28.0,31,3,20,28.2,38.0
2025-03-31,2100 UTC,29.9,32.0,31,3,21,26.6,44.0
2025-03-31,2200 UTC,28.2,38.0,31,3,22,26.5,59.0
2025-03-31,2300 UTC,26.6,44.0,31,3,23,25.6,62.0
2025-04-01,0000 UTC,26.5,59.0,1,4,0,24.7,66.0
2025-04-01,0100 UTC,25.6,62.0,1,4,1,23.6,72.0
2025-04-01,0200 UTC,24.7,66.0,1,4,2,22.9,75.0
2025-04-01,0300 UTC,23.6,72.0,1,4,3,22.1,79.0
2025-04-01,0400 UTC,22.9,75.0,1,4,4,22.1,79.0
2025-04-01,0500 UTC,22.1,79.0,1,4,5,21.4,80.0
2025-04-01,0600 UTC,22.1,79.0,1,4,6,20.9,81.0
2025-04-01,0700 UTC,21.4,80.0,1,4,7,20.9,81.0
2025-04-01,0800 UTC,20.9,81.0,1,4,8,23.7,67.0
2025-04-01,0900 UTC,20.9,81.0,1,4,9,25.9,60.0
2025-04-01,1000 UTC,23.7,67.0,1,4,10,27.7,52.0
2025-04-01,1100 UTC,25.9,60.0,1,4,11,30.2,37.0
2025-04-01,1200 UTC,27.7,52.0,1,4,12,31.4,33.0
2025-04-01,1300 UTC,30.2,37.0,1,4,13,31.2,38.0
2025-04-01,1400 UTC,31.4,33.0,1,4,14,30.9,40.0
2025-04-01,1500 UTC,31.2,38.0,1,4,15,32.4,34.0
2025-04-01,1600 UTC,30.9,40.0,1,4,16,31.8,36.0
2025-04-01,1700 UTC,32.4,34.0,1,4,17,30.9,39.0
2025-04-01,1800 UTC,31.8,36.0,1,4,18,30.3,45.0
2025-04-01,1900 UTC,30.9,39.0,1,4,19,27.5,58.0
2025-04-01,2000 UTC,30.3,45.0,1,4,20,25.0,70.0
2025-04-01,2100 UTC,27.5,58.0,1,4,21,24.3,75.0
2025-04-01,2200 UTC,25.0,70.0,1,4,22,23.9,78.0
2025-04-01,2300 UTC,24.3,75.0,1,4,23,23.9,78.0
2025-04-02,0000 UTC,23.9,78.0,2,4,0,23.6,79.0
2025-04-02,0100 UTC,23.9,78.0,2,4,1,23.1,82.0
2025-04-02,0200 UTC,23.6,79.0,2,4,2,23.3,81.0
2025-04-02,0300 UTC,23.1,82.0,2,4,3,23.2,80.0
2025-04-02,0400 UTC,23.3,81.0,2,4,4,23.3,78.0
2025-04-02,0500 UTC,23.2,80.0,2,4,5,23.2,79.0
2025-04-02,0600 UTC,23.3,78.0,2,4,6,22.8,81.0
2025-04-02,0700 UTC,23.2,79.0,2,4,7,22.9,82.0
2025-04-02,0800 UTC,22.8,81.0,2,4,8,22.6,90.0
2025-04-02,0900 UTC,22.9,82.0,2,4,9,23.1,87.0
2025-04-02,1000 UTC,22.6,90.0,2,4,10,26.1,76.0
2025-04-02,1100 UTC,23.1,87.0,2,4,11,26.7,66.0
2025-04-02,1200 UTC,26.1,76.0,2,4,12,28.8,59.0
2025-04-02,1300 UTC,26.7,66.0,2,4,13,28.9,52.0
2025-04-02,1400 UTC,28.8,59.0,2,4,14,27.6,58.0
2025-04-02,1500 UTC,28.9,52.0,2,4,15,24.1,79.0
2025-04-02,1600 UTC,27.6,58.0,2,4,16,26.9,60.0
2025-04-02,1700 UTC,24.1,79.0,2,4,17,27.2,60.0
2025-04-02,1800 UTC,26.9,60.0,2,4,18,27.4,57.0
2025-04-02,1900 UTC,27.2,60.0,2,4,19,25.9,62.0
2025-04-02,2000 UTC,27.4,57.0,2,4,20,24.6,70.0
2025-04-02,2100 UTC,25.9,62.0,2,4,21,24.1,72.0
2025-04-02,2200 UTC,24.6,70.0,2,4,22,23.4,76.0
2025-04-02,2300 UTC,24.1,72.0,2,4,23,22.7,78.0
2025-04-03,0000 UTC,23.4,76.0,3,4,0,22.0,81.0
2025-04-03,0100 UTC,22.7,78.0,3,4,1,21.7,82.0
2025-04-03,0200 UTC,22.0,81.0,3,4,2,21.2,86.0
2025-04-03,0300 UTC,21.7,82.0,3,4,3,20.4,86.0
2025-04-03,0400 UTC,21.2,86.0,3,4,4,19.8,88.0
2025-04-03,0500 UTC,20.4,86.0,3,4,5,19.5,88.0
2025-04-03,0600 UTC,19.8,88.0,3,4,6,19.2,89.0
2025-04-03,0700 UTC,19.5,88.0,3,4,7,19.5,88.0
2025-04-03,0800 UTC,19.2,89.0,3,4,8,22.2,79.0
2025-04-03,0900 UTC,19.5,88.0,3,4,9,24.4,65.0
2025-04-03,1000 UTC,22.2,79.0,3,4,10,27.1,54.0
2025-04-03,1100 UTC,24.4,65.0,3,4,11,28.9,46.0
2025-04-03,1200 UTC,27.1,54.0,3,4,12,30.0,37.0
2025-04-03,1300 UTC,28.9,46.0,3,4,13,31.9,31.0
2025-04-03,1400 UTC,30.0,37.0,3,4,14,32.5,27.0
2025-04-03,1500 UTC,31.9,31.0,3,4,15,33.6,25.0
2025-04-03,1600 UTC,32.5,27.0,3,4,16,31.8,27.0
2025-04-03,1700 UTC,33.6,25.0,3,4,17,31.9,27.0
2025-04-03,1800 UTC,31.8,27.0,3,4,18,30.6,30.0
2025-04-03,1900 UTC,31.9,27.0,3,4,19,28.9,33.0
2025-04-03,2000 UTC,30.6,30.0,3,4,20,27.3,40.0
2025-04-03,2100 UTC,28.9,33.0,3,4,21,25.3,50.0
2025-04-03,2200 UTC,27.3,40.0,3,4,22,24.5,61.0
2025-04-03,2300 UTC,25.3,50.0,3,4,23,24.4,70.0
2025-04-04,0000 UTC,24.5,61.0,4,4,0,23.2,75.0
2025-04-04,0100 UTC,24.4,70.0,4,4,1,23.2,76.0
2025-04-04,0200 UTC,23.2,75.0,4,4,2,22.9,77.0
2025-04-04,0300 UTC,23.2,76.0,4,4,3,22.4,79.0
2025-04-04,0400 UTC,22.9,77.0,4,4,4,21.4,82.0
2025-04-04,0500 UTC,22.4,79.0,4,4,5,20.7,86.0
2025-04-04,0600 UTC,21.4,82.0,4,4,6,20.2,87.0
2025-04-04,0700 UTC,20.7,86.0,4,4,7,20.1,88.0
2025-04-04,0800 UTC,20.2,87.0,4,4,8,21.7,82.0
2025-04-04,0900 UTC,20.1,88.0,4,4,9,23.9,68.0
2025-04-04,1000 UTC,21.7,82.0,4,4,10,27.0,55.0
2025-04-04,1100 UTC,23.9,68.0,4,4,11,29.3,41.0
2025-04-04,1200 UTC,27.0,55.0,4,4,12,30.2,33.0
2025-04-04,1300 UTC,29.3,41.0,4,4,13,31.1,30.0
2025-04-04,1400 UTC,30.2,33.0,4,4,14,32.1,29.0
2025-04-04,1500 UTC,31.1,30.0,4,4,15,32.8,26.0
2025-04-04,1600 UTC,32.1,29.0,4,4,16,32.9,25.0
2025-04-04,1700 UTC,32.8,26.0,4,4,17,32.5,25.0
2025-04-04,1800 UTC,32.9,25.0,4,4,18,31.3,28.0
2025-04-04,1900 UTC,32.5,25.0,4,4,19,29.5,34.0
2025-04-04,2000 UTC,31.3,28.0,4,4,20,27.8,43.0
2025-04-04,2100 UTC,29.5,34.0,4,4,21,26.4,56.0
2025-04-04,2200 UTC,27.8,43.0,4,4,22,25.0,63.0
2025-04-04,2300 UTC,26.4,56.0,4,4,23,23.7,69.0
2025-04-05,0000 UTC,25.0,63.0,5,4,0,23.1,73.0
2025-04-05,0100 UTC,23.7,69.0,5,4,1,22.4,77.0
2025-04-05,0200 UTC,23.1,73.0,5,4,2,21.7,80.0
2025-04-05,0300 UTC,22.4,77.0,5,4,3,21.2,82.0
2025-04-05,0400 UTC,21.7,80.0,5,4,4,20.7,84.0
2025-04-05,0500 UTC,21.2,82.0,5,4,5,20.5,85.0
2025-04-05,0600 UTC,20.7,84.0,5,4,6,20.2,85.0
2025-04-05,0700 UTC,20.5,85.0,5,4,7,20.6,81.0
2025-04-05,0800 UTC,20.2,85.0,5,4,8,21.5,78.0
2025-04-05,0900 UTC,20.6,81.0,5,4,9,24.8,60.0
2025-04-05,1000 UTC,21.5,78.0,5,4,10,25.1,59.0
2025-04-05,1100 UTC,24.8,60.0,5,4,11,26.7,52.0
2025-04-05,1200 UTC,25.1,59.0,5,4,12,26.9,57.0
2025-04-05,1300 UTC,26.7,52.0,5,4,13,29.7,45.0
2025-04-05,1400 UTC,26.9,57.0,5,4,14,31.4,36.0
2025-04-05,1500 UTC,29.7,45.0,5,4,15,31.2,36.0
2025-04-05,1600 UTC,31.4,36.0,5,4,16,31.2,32.0
2025-04-05,1700 UTC,31.2,36.0,5,4,17,31.5,33.0
2025-04-05,1800 UTC,31.2,32.0,5,4,18,30.6,36.0
2025-04-05,1900 UTC,31.5,33.0,5,4,19,28.9,45.0
2025-04-05,2000 UTC,30.6,36.0,5,4,20,27.8,52.0
2025-04-05,2100 UTC,28.9,45.0,5,4,21,26.5,57.0
2025-04-05,2200 UTC,27.8,52.0,5,4,22,25.5,61.0
2025-04-05,2300 UTC,26.5,57.0,5,4,23,24.9,63.0
2025-04-06,0000 UTC,25.5,61.0,6,4,0,23.9,68.0
2025-04-06,0100 UTC,24.9,63.0,6,4,1,23.0,71.0
2025-04-06,0200 UTC,23.9,68.0,6,4,2,22.4,75.0
2025-04-06,0300 UTC,23.0,71.0,6,4,3,21.7,77.0
2025-04-06,0400 UTC,22.4,75.0,6,4,4,21.1,79.0
2025-04-06,0500 UTC,21.7,77.0,6,4,5,20.8,81.0
2025-04-06,0600 UTC,21.1,79.0,6,4,6,20.2,82.0
2025-04-06,0700 UTC,20.8,81.0,6,4,7,20.6,82.0
2025-04-06,0800 UTC,20.2,82.0,6,4,8,24.3,71.0
2025-04-06,0900 UTC,20.6,82.0,6,4,9,27.0,59.0
2025-04-06,1000 UTC,24.3,71.0,6,4,10,26.5,61.0
2025-04-06,1100 UTC,27.0,59.0,6,4,11,29.3,46.0
2025-04-06,1200 UTC,26.5,61.0,6,4,12,30.0,44.0
2025-04-06,1300 UTC,29.3,46.0,6,4,13,30.5,37.0
2025-04-06,1400 UTC,30.0,44.0,6,4,14,32.5,33.0
2025-04-06,1500 UTC,30.5,37.0,6,4,15,31.8,33.0
2025-04-06,1600 UTC,32.5,33.0,6,4,16,32.7,32.0
2025-04-06,1700 UTC,31.8,33.0,6,4,17,32.0,34.0
2025-04-06,1800 UTC,32.7,32.0,6,4,18,30.5,38.0
2025-04-06,1900 UTC,32.0,34.0,6,4,19,29.0,46.0
2025-04-06,2000 UTC,30.5,38.0,6,4,20,26.4,62.0
2025-04-06,2100 UTC,29.0,46.0,6,4,21,24.7,67.0
2025-04-06,2200 UTC,26.4,62.0,6,4,22,23.8,70.0
2025-04-06,2300 UTC,24.7,67.0,6,4,23,23.3,71.0
2025-04-07,0000 UTC,23.8,70.0,7,4,0,23.2,71.0
2025-04-07,0100 UTC,23.3,71.0,7,4,1,22.4,74.0
2025-04-07,0200 UTC,23.2,71.0,7,4,2,22.0,76.0
2025-04-07,0300 UTC,22.4,74.0,7,4,3,21.6,76.0
2025-04-07,0400 UTC,22.0,76.0,7,4,4,20.7,79.0
2025-04-07,0500 UTC,21.6,76.0,7,4,5,20.5,80.0
2025-04-07,0600 UTC,20.7,79.0,7,4,6,20.1,82.0
2025-04-07,0700 UTC,20.5,80.0,7,4,7,19.8,81.0
2025-04-07,0800 UTC,20.1,82.0,7,4,8,20.9,78.0
2025-04-07,0900 UTC,19.8,81.0,7,4,9,24.2,59.0
2025-04-07,1000 UTC,20.9,78.0,7,4,10,26.4,47.0
2025-04-07,1200 UTC,26.4,47.0,7,4,12,28.2,38.0
2025-04-07,1400 UTC,28.2,38.0,7,4,14,29.5,33.0
2025-04-07,1500 UTC,28.9,36.0,7,4,15,30.3,29.0
2025-04-07,1600 UTC,29.5,33.0,7,4,16,30.0,30.0
2025-04-07,1700 UTC,30.3,29.0,7,4,17,29.7,30.0
2025-04-07,1800 UTC,30.0,30.0,7,4,18,29.1,31.0
2025-04-07,1900 UTC,29.7,30.0,7,4,19,27.3,39.0
2025-04-07,2000 UTC,29.1,31.0,7,4,20,25.4,46.0
2025-04-07,2100 UTC,27.3,39.0,7,4,21,24.8,53.0
2025-04-07,2200 UTC,25.4,46.0,7,4,22,23.9,59.0
2025-04-07,2300 UTC,24.8,53.0,7,4,23,23.1,61.0
2025-04-08,0000 UTC,23.9,59.0,8,4,0,22.6,64.0
2025-04-08,0100 UTC,23.1,61.0,8,4,1,22.1,66.0
2025-04-08,0200 UTC,22.6,64.0,8,4,2,20.6,72.0
2025-04-08,0300 UTC,22.1,66.0,8,4,3,20.0,76.0
2025-04-08,0400 UTC,20.6,72.0,8,4,4,19.3,79.0
2025-04-08,0500 UTC,20.0,76.0,8,4,5,19.6,78.0
2025-04-08,0600 UTC,19.3,79.0,8,4,6,18.3,80.0
2025-04-08,0700 UTC,19.6,78.0,8,4,7,18.9,81.0
2025-04-08,0800 UTC,18.3,80.0,8,4,8,21.4,73.0
2025-04-08,0900 UTC,18.9,81.0,8,4,9,24.9,59.0
2025-04-08,1000 UTC,21.4,73.0,8,4,10,26.7,50.0
2025-04-08,1100 UTC,24.9,59.0,8,4,11,28.8,44.0
2025-04-08,1200 UTC,26.7,50.0,8,4,12,30.8,35.0
2025-04-08,1300 UTC,28.8,44.0,8,4,13,31.0,32.0
2025-04-08,1400 UTC,30.8,35.0,8,4,14,33.3,28.0
2025-04-08,1500 UTC,31.0,32.0,8,4,15,33.5,25.0
2025-04-08,1600 UTC,33.3,28.0,8,4,16,33.7,24.0
2025-04-08,1700 UTC,33.5,25.0,8,4,17,32.1,27.0
2025-04-08,1800 UTC,33.7,24.0,8,4,18,31.6,28.0
2025-04-08,1900 UTC,32.1,27.0,8,4,19,30.2,32.0
2025-04-08,2000 UTC,31.6,28.0,8,4,20,28.2,40.0
2025-04-08,2100 UTC,30.2,32.0,8,4,21,26.8,48.0
2025-04-08,2200 UTC,28.2,40.0,8,4,22,25.8,58.0
2025-04-08,2300 UTC,26.8,48.0,8,4,23,24.6,65.0
2025-04-09,0000 UTC,25.8,58.0,9,4,0,23.5,71.0
2025-04-09,0100 UTC,24.6,65.0,9,4,1,22.9,75.0
2025-04-09,0200 UTC,23.5,71.0,9,4,2,22.1,78.0
2025-04-09,0300 UTC,22.9,75.0,9,4,3,21.7,82.0
2025-04-09,0400 UTC,22.1,78.0,9,4,4,21.2,82.0
2025-04-09,0500 UTC,21.7,82.0,9,4,5,20.7,83.0
2025-04-09,0600 UTC,21.2,82.0,9,4,6,19.7,83.0
2025-04-09,0700 UTC,20.7,83.0,9,4,7,20.7,83.0
2025-04-09,0800 UTC,19.7,83.0,9,4,8,22.6,78.0
2025-04-09,0900 UTC,20.7,83.0,9,4,9,24.8,67.0
2025-04-09,1000 UTC,22.6,78.0,9,4,10,26.9,57.0
2025-04-09,1100 UTC,24.8,67.0,9,4,11,28.4,49.0
2025-04-09,1200 UTC,26.9,57.0,9,4,12,30.7,40.0
2025-04-09,1300 UTC,28.4,49.0,9,4,13,31.4,37.0
2025-04-09,1400 UTC,30.7,40.0,9,4,14,32.1,32.0
2025-04-09,1500 UTC,31.4,37.0,9,4,15,32.9,28.0
2025-04-09,1600 UTC,32.1,32.0,9,4,16,34.3,25.0
2025-04-09,1700 UTC,32.9,28.0,9,4,17,34.0,25.0
2025-04-09,1800 UTC,34.3,25.0,9,4,18,32.4,27.0
2025-04-09,1900 UTC,34.0,25.0,9,4,19,30.7,30.0
2025-04-09,2000 UTC,32.4,27.0,9,4,20,29.7,31.0
2025-04-09,2100 UTC,30.7,30.0,9,4,21,28.4,50.0
2025-04-09,2200 UTC,29.7,31.0,9,4,22,26.9,62.0
2025-04-09,2300 UTC,28.4,50.0,9,4,23,25.7,70.0
2025-04-10,0000 UTC,26.9,62.0,10,4,0,24.7,75.0
2025-04-10,0100 UTC,25.7,70.0,10,4,1,24.1,77.0
2025-04-10,0200 UTC,24.7,75.0,10,4,2,23.8,78.0
2025-04-10,0300 UTC,24.1,77.0,10,4,3,23.8,78.0
2025-04-10,0400 UTC,23.8,78.0,10,4,4,23.7,78.0
2025-04-10,0500 UTC,23.8,78.0,10,4,5,23.5,79.0
2025-04-10,0600 UTC,23.7,78.0,10,4,6,22.8,81.0
2025-04-10,0700 UTC,23.5,79.0,10,4,7,23.3,80.0
2025-04-10,0800 UTC,22.8,81.0,10,4,8,25.2,71.0
2025-04-10,0900 UTC,23.3,80.0,10,4,9,27.0,61.0
2025-04-10,1000 UTC,25.2,71.0,10,4,10,28.8,54.0
2025-04-10,1100 UTC,27.0,61.0,10,4,11,30.1,47.0
2025-04-10,1200 UTC,28.8,54.0,10,4,12,31.0,41.0
2025-04-10,1300 UTC,30.1,47.0,10,4,13,33.3,34.0
2025-04-10,1400 UTC,31.0,41.0,10,4,14,33.3,32.0
2025-04-10,1500 UTC,33.3,34.0,10,4,15,34.6,27.0
2025-04-10,1600 UTC,33.3,32.0,10,4,16,35.0,26.0
2025-04-10,1700 UTC,34.6,27.0,10,4,17,32.1,36.0
2025-04-10,1800 UTC,35.0,26.0,10,4,18,30.1,44.0
2025-04-10,1900 UTC,32.1,36.0,10,4,19,30.4,40.0
2025-04-10,2000 UTC,30.1,44.0,10,4,20,28.6,51.0
2025-04-10,2100 UTC,30.4,40.0,10,4,21,25.8,66.0
2025-04-10,2200 UTC,28.6,51.0,10,4,22,24.8,68.0
2025-04-10,2300 UTC,25.8,66.0,10,4,23,24.6,66.0
2025-04-11,0000 UTC,24.8,68.0,11,4,0,24.6,71.0
2025-04-11,0100 UTC,24.6,66.0,11,4,1,24.5,78.0
2025-04-11,0200 UTC,24.6,71.0,11,4,2,24.2,79.0
2025-04-11,0300 UTC,24.5,78.0,11,4,3,23.8,79.0
2025-04-11,0400 UTC,24.2,79.0,11,4,4,23.4,80.0
2025-04-11,0500 UTC,23.8,79.0,11,4,5,23.6,77.0
2025-04-11,0600 UTC,23.4,80.0,11,4,6,23.4,77.0
2025-04-11,0700 UTC,23.6,77.0,11,4,7,23.6,77.0
2025-04-11,0800 UTC,23.4,77.0,11,4,8,24.0,76.0
2025-04-11,0900 UTC,23.6,77.0,11,4,9,25.4,68.0
2025-04-11,1000 UTC,24.0,76.0,11,4,10,28.3,58.0
2025-04-11,1100 UTC,25.4,68.0,11,4,11,29.4,53.0
2025-04-11,1200 UTC,28.3,58.0,11,4,12,30.7,45.0
2025-04-11,1300 UTC,29.4,53.0,11,4,13,31.7,40.0
2025-04-11,1400 UTC,30.7,45.0,11,4,14,33.3,36.0
2025-04-11,1500 UTC,31.7,40.0,11,4,15,34.4,30.0
2025-04-11,1600 UTC,33.3,36.0,11,4,16,33.8,31.0
2025-04-11,1700 UTC,34.4,30.0,11,4,17,34.2,29.0
2025-04-11,1800 UTC,33.8,31.0,11,4,18,30.9,40.0
2025-04-11,1900 UTC,34.2,29.0,11,4,19,30.6,41.0
2025-04-11,2000 UTC,30.9,40.0,11,4,20,29.9,46.0
2025-04-11,2100 UTC,30.6,41.0,11,4,21,27.1,58.0
2025-04-11,2200 UTC,29.9,46.0,11,4,22,23.9,82.0
2025-04-11,2300 UTC,27.1,58.0,11,4,23,23.7,85.0
2025-04-12,0000 UTC,23.9,82.0,12,4,0,22.3,88.0
2025-04-12,0100 UTC,23.7,85.0,12,4,1,21.9,90.0
2025-04-12,0200 UTC,22.3,88.0,12,4,2,22.0,89.0
2025-04-12,0300 UTC,21.9,90.0,12,4,3,21.3,91.0
2025-04-12,0400 UTC,22.0,89.0,12,4,4,21.2,90.0
2025-04-12,0500 UTC,21.3,91.0,12,4,5,21.2,91.0
2025-04-12,0600 UTC,21.2,90.0,12,4,6,21.7,91.0
2025-04-12,0700 UTC,21.2,91.0,12,4,7,22.2,92.0
2025-04-12,0800 UTC,21.7,91.0,12,4,8,22.6,90.0
2025-04-12,0900 UTC,22.2,92.0,12,4,9,23.4,87.0
2025-04-12,1000 UTC,22.6,90.0,12,4,10,24.3,81.0
2025-04-12,1100 UTC,23.4,87.0,12,4,11,26.5,71.0
2025-04-12,1200 UTC,24.3,81.0,12,4,12,28.5,60.0
2025-04-12,1300 UTC,26.5,71.0,12,4,13,28.9,52.0
2025-04-12,1400 UTC,28.5,60.0,12,4,14,30.1,47.0
2025-04-12,1500 UTC,28.9,52.0,12,4,15,29.6,48.0
2025-04-12,1600 UTC,30.1,47.0,12,4,16,28.2,60.0
2025-04-12,1700 UTC,29.6,48.0,12,4,17,28.0,62.0
2025-04-12,1800 UTC,28.2,60.0,12,4,18,27.1,68.0
2025-04-12,1900 UTC,28.0,62.0,12,4,19,25.9,74.0
2025-04-12,2000 UTC,27.1,68.0,12,4,20,25.2,77.0
2025-04-12,2100 UTC,25.9,74.0,12,4,21,24.5,80.0
2025-04-12,2200 UTC,25.2,77.0,12,4,22,24.0,81.0
2025-04-12,2300 UTC,24.5,80.0,12,4,23,23.9,81.0
2025-04-13,0000 UTC,24.0,81.0,13,4,0,24.1,81.0
2025-04-13,0100 UTC,23.9,81.0,13,4,1,24.1,84.0
2025-04-13,0200 UTC,24.1,81.0,13,4,2,23.6,84.0
2025-04-13,0300 UTC,24.1,84.0,13,4,3,23.0,87.0
2025-04-13,0400 UTC,23.6,84.0,13,4,4,23.0,87.0
2025-04-13,0500 UTC,23.0,87.0,13,4,5,22.9,86.0
2025-04-13,0600 UTC,23.0,87.0,13,4,6,22.8,87.0
2025-04-13,0700 UTC,22.9,86.0,13,4,7,22.8,88.0
2025-04-13,0800 UTC,22.8,87.0,13,4,8,23.7,84.0
2025-04-13,0900 UTC,22.8,88.0,13,4,9,24.9,74.0
2025-04-13,1000 UTC,23.7,84.0,13,4,10,25.0,73.0
2025-04-13,1100 UTC,24.9,74.0,13,4,11,25.9,70.0
2025-04-13,1200 UTC,25.0,73.0,13,4,12,26.4,67.0
2025-04-13,1300 UTC,25.9,70.0,13,4,13,27.2,65.0
2025-04-13,1400 UTC,26.4,67.0,13,4,14,29.7,52.0
2025-04-13,1500 UTC,27.2,65.0,13,4,15,26.6,65.0
2025-04-13,1600 UTC,29.7,52.0,13,4,16,27.7,61.0
2025-04-13,1700 UTC,26.6,65.0,13,4,17,28.5,58.0
2025-04-13,1800 UTC,27.7,61.0,13,4,18,27.9,62.0
2025-04-13,1900 UTC,28.5,58.0,13,4,19,26.7,69.0
2025-04-13,2000 UTC,27.9,62.0,13,4,20,25.7,71.0
2025-04-13,2100 UTC,26.7,69.0,13,4,21,25.0,75.0
2025-04-13,2200 UTC,25.7,71.0,13,4,22,24.0,79.0
2025-04-13,2300 UTC,25.0,75.0,13,4,23,23.4,80.0
2025-04-14,0000 UTC,24.0,79.0,14,4,0,23.1,82.0
2025-04-14,0100 UTC,23.4,80.0,14,4,1,22.6,84.0
2025-04-14,0200 UTC,23.1,82.0,14,4,2,21.9,87.0
2025-04-14,0300 UTC,22.6,84.0,14,4,3,21.6,89.0
2025-04-14,0400 UTC,21.9,87.0,14,4,4,21.8,90.0
2025-04-14,0500 UTC,21.6,89.0,14,4,5,21.5,91.0
2025-04-14,0600 UTC,21.8,90.0,14,4,6,21.3,92.0
2025-04-14,0700 UTC,21.5,91.0,14,4,7,21.8,92.0
2025-04-14,0800 UTC,21.3,92.0,14,4,8,22.3,88.0
2025-04-14,0900 UTC,21.8,92.0,14,4,9,25.3,74.0
2025-04-14,1000 UTC,22.3,88.0,14,4,10,26.0,64.0
2025-04-14,1100 UTC,25.3,74.0,14,4,11,28.5,55.0
2025-04-14,1200 UTC,26.0,64.0,14,4,12,29.9,48.0
2025-04-14,1300 UTC,28.5,55.0,14,4,13,31.7,42.0
2025-04-14,1400 UTC,29.9,48.0,14,4,14,32.7,40.0
2025-04-14,1500 UTC,31.7,42.0,14,4,15,31.6,42.0
2025-04-14,1600 UTC,32.7,40.0,14,4,16,31.6,40.0
2025-04-14,1700 UTC,31.6,42.0,14,4,17,31.7,42.0
2025-04-14,1800 UTC,31.6,40.0,14,4,18,30.3,49.0
2025-04-14,1900 UTC,31.7,42.0,14,4,19,28.0,59.0
2025-04-14,2000 UTC,30.3,49.0,14,4,20,26.8,63.0
2025-04-14,2100 UTC,28.0,59.0,14,4,21,26.5,66.0
2025-04-14,2200 UTC,26.8,63.0,14,4,22,25.8,70.0
2025-04-14,2300 UTC,26.5,66.0,14,4,23,24.9,75.0
2025-04-15,0000 UTC,25.8,70.0,15,4,0,25.1,75.0
2025-04-15,0100 UTC,24.9,75.0,15,4,1,24.5,77.0
2025-04-15,0200 UTC,25.1,75.0,15,4,2,24.2,79.0
2025-04-15,0300 UTC,24.5,77.0,15,4,3,23.7,82.0
2025-04-15,0400 UTC,24.2,79.0,15,4,4,23.6,81.0
2025-04-15,0500 UTC,23.7,82.0,15,4,5,23.2,84.0
2025-04-15,0600 UTC,23.6,81.0,15,4,6,23.0,85.0
2025-04-15,0700 UTC,23.2,84.0,15,4,7,23.0,87.0
2025-04-15,0800 UTC,23.0,85.0,15,4,8,23.8,81.0
2025-04-15,0900 UTC,23.0,87.0,15,4,9,26.0,70.0
2025-04-15,1000 UTC,23.8,81.0,15,4,10,27.7,59.0
2025-04-15,1100 UTC,26.0,70.0,15,4,11,28.4,52.0
2025-04-15,1200 UTC,27.7,59.0,15,4,12,30.0,45.0
2025-04-15,1300 UTC,28.4,52.0,15,4,13,32.4,38.0
2025-04-15,1400 UTC,30.0,45.0,15,4,14,32.9,33.0
2025-04-15,1500 UTC,32.4,38.0,15,4,15,34.4,30.0
2025-04-15,1600 UTC,32.9,33.0,15,4,16,32.2,31.0
2025-04-15,1700 UTC,34.4,30.0,15,4,17,32.3,31.0
2025-04-15,1800 UTC,32.2,31.0,15,4,18,31.4,33.0
2025-04-15,1900 UTC,32.3,31.0,15,4,19,29.8,35.0
2025-04-15,2000 UTC,31.4,33.0,15,4,20,28.4,40.0
2025-04-15,2100 UTC,29.8,35.0,15,4,21,27.8,46.0
2025-04-15,2200 UTC,28.4,40.0,15,4,22,26.8,55.0
2025-04-15,2300 UTC,27.8,46.0,15,4,23,25.7,61.0
2025-04-16,0000 UTC,26.8,55.0,16,4,0,24.5,68.0
2025-04-16,0100 UTC,25.7,61.0,16,4,1,23.6,72.0
2025-04-16,0200 UTC,24.5,68.0,16,4,2,22.6,77.0
2025-04-16,0300 UTC,23.6,72.0,16,4,3,22.1,81.0
2025-04-16,0400 UTC,22.6,77.0,16,4,4,21.5,83.0
2025-04-16,0500 UTC,22.1,81.0,16,4,5,21.0,86.0
2025-04-16,0600 UTC,21.5,83.0,16,4,6,20.7,87.0
2025-04-16,0700 UTC,21.0,86.0,16,4,7,21.1,87.0
2025-04-16,0800 UTC,20.7,87.0,16,4,8,23.0,76.0
2025-04-16,0900 UTC,21.1,87.0,16,4,9,25.0,62.0
2025-04-16,1000 UTC,23.0,76.0,16,4,10,26.2,57.0
2025-04-16,1100 UTC,25.0,62.0,16,4,11,27.9,51.0
2025-04-16,1200 UTC,26.2,57.0,16,4,12,29.8,43.0
2025-04-16,1300 UTC,27.9,51.0,16,4,13,30.9,35.0
2025-04-16,1400 UTC,29.8,43.0,16,4,14,33.4,24.0
2025-04-16,1500 UTC,30.9,35.0,16,4,15,33.3,23.0
2025-04-16,1600 UTC,33.4,24.0,16,4,16,33.1,24.0
2025-04-16,1700 UTC,33.3,23.0,16,4,17,32.8,24.0
2025-04-16,1800 UTC,33.1,24.0,16,4,18,31.6,26.0
2025-04-16,1900 UTC,32.8,24.0,16,4,19,29.5,36.0
2025-04-16,2000 UTC,31.6,26.0,16,4,20,27.9,40.0
2025-04-16,2100 UTC,29.5,36.0,16,4,21,26.2,46.0
2025-04-16,2200 UTC,27.9,40.0,16,4,22,25.7,50.0
2025-04-16,2300 UTC,26.2,46.0,16,4,23,24.9,59.0
2025-04-17,0000 UTC,25.7,50.0,17,4,0,23.9,66.0
2025-04-17,0100 UTC,24.9,59.0,17,4,1,22.8,74.0
2025-04-17,0200 UTC,23.9,66.0,17,4,2,21.8,80.0
2025-04-17,0300 UTC,22.8,74.0,17,4,3,21.4,85.0
2025-04-17,0400 UTC,21.8,80.0,17,4,4,21.7,87.0
2025-04-17,0500 UTC,21.4,85.0,17,4,5,21.9,85.0
2025-04-17,0600 UTC,21.7,87.0,17,4,6,21.6,88.0
2025-04-17,0700 UTC,21.9,85.0,17,4,7,21.7,86.0
2025-04-17,0800 UTC,21.6,88.0,17,4,8,23.5,78.0
2025-04-17,0900 UTC,21.7,86.0,17,4,9,24.5,66.0
2025-04-17,1000 UTC,23.5,78.0,17,4,10,27.2,48.0
2025-04-17,1100 UTC,24.5,66.0,17,4,11,28.8,46.0
2025-04-17,1200 UTC,27.2,48.0,17,4,12,29.8,39.0
2025-04-17,1300 UTC,28.8,46.0,17,4,13,32.6,30.0
2025-04-17,1400 UTC,29.8,39.0,17,4,14,32.4,29.0
2025-04-17,1500 UTC,32.6,30.0,17,4,15,33.6,25.0
2025-04-17,1600 UTC,32.4,29.0,17,4,16,33.3,27.0
2025-04-17,1700 UTC,33.6,25.0,17,4,17,32.8,27.0
2025-04-17,1800 UTC,33.3,27.0,17,4,18,31.3,30.0
2025-04-17,1900 UTC,32.8,27.0,17,4,19,29.2,34.0
2025-04-17,2000 UTC,31.3,30.0,17,4,20,27.6,44.0
2025-04-17,2100 UTC,29.2,34.0,17,4,21,26.3,51.0
2025-04-17,2200 UTC,27.6,44.0,17,4,22,25.3,56.0
2025-04-17,2300 UTC,26.3,51.0,17,4,23,24.7,64.0
2025-04-18,0000 UTC,25.3,56.0,18,4,0,23.9,68.0
2025-04-18,0100 UTC,24.7,64.0,18,4,1,22.7,72.0
2025-04-18,0200 UTC,23.9,68.0,18,4,2,21.8,76.0
2025-04-18,0300 UTC,22.7,72.0,18,4,3,21.0,79.0
2025-04-18,0400 UTC,21.8,76.0,18,4,4,20.4,81.0
2025-04-18,0500 UTC,21.0,79.0,18,4,5,20.0,83.0
2025-04-18,0600 UTC,20.4,81.0,18,4,6,19.2,85.0
2025-04-18,0700 UTC,20.0,83.0,18,4,7,18.5,84.0
2025-04-18,0800 UTC,19.2,85.0,18,4,8,22.1,74.0
2025-04-18,0900 UTC,18.5,84.0,18,4,9,24.3,65.0
2025-04-18,1000 UTC,22.1,74.0,18,4,10,25.7,58.0
2025-04-18,1100 UTC,24.3,65.0,18,4,11,27.7,49.0
2025-04-18,1200 UTC,25.7,58.0,18,4,12,29.2,40.0
2025-04-18,1300 UTC,27.7,49.0,18,4,13,31.6,30.0
2025-04-18,1400 UTC,29.2,40.0,18,4,14,32.6,29.0
2025-04-18,1500 UTC,31.6,30.0,18,4,15,33.4,25.0
2025-04-18,1600 UTC,32.6,29.0,18,4,16,32.9,21.0
2025-04-18,1700 UTC,33.4,25.0,18,4,17,32.0,24.0
2025-04-18,1800 UTC,32.9,21.0,18,4,18,31.1,25.0
2025-04-18,1900 UTC,32.0,24.0,18,4,19,29.0,33.0
2025-04-18,2000 UTC,31.1,25.0,18,4,20,27.5,41.0
2025-04-18,2100 UTC,29.0,33.0,18,4,21,26.8,49.0
2025-04-18,2200 UTC,27.5,41.0,18,4,22,25.9,57.0
2025-04-18,2300 UTC,26.8,49.0,18,4,23,24.5,62.0
2025-04-19,0000 UTC,25.9,57.0,19,4,0,23.3,68.0
2025-04-19,0100 UTC,24.5,62.0,19,4,1,22.3,73.0
2025-04-19,0200 UTC,23.3,68.0,19,4,2,21.4,75.0
2025-04-19,0300 UTC,22.3,73.0,19,4,3,20.6,79.0
2025-04-19,0400 UTC,21.4,75.0,19,4,4,19.8,83.0
2025-04-19,0500 UTC,20.6,79.0,19,4,5,18.9,84.0
2025-04-19,0600 UTC,19.8,83.0,19,4,6,18.8,84.0
2025-04-19,0700 UTC,18.9,84.0,19,4,7,18.5,84.0
2025-04-19,0800 UTC,18.8,84.0,19,4,8,21.8,72.0
2025-04-19,0900 UTC,18.5,84.0,19,4,9,24.4,56.0
2025-04-19,1000 UTC,21.8,72.0,19,4,10,27.7,40.0
2025-04-19,1100 UTC,24.4,56.0,19,4,11,29.1,30.0
2025-04-19,1200 UTC,27.7,40.0,19,4,12,31.0,23.0
2025-04-19,1300 UTC,29.1,30.0,19,4,13,32.2,21.0
2025-04-19,1400 UTC,31.0,23.0,19,4,14,33.3,18.0
2025-04-19,1500 UTC,32.2,21.0,19,4,15,34.1,16.0
2025-04-19,1600 UTC,33.3,18.0,19,4,16,34.8,17.0
2025-04-19,1700 UTC,34.1,16.0,19,4,17,33.4,19.0
2025-04-19,1800 UTC,34.8,17.0,19,4,18,32.2,20.0
2025-04-19,1900 UTC,33.4,19.0,19,4,19,30.5,26.0
2025-04-19,2000 UTC,32.2,20.0,19,4,20,28.5,34.0
2025-04-19,2100 UTC,30.5,26.0,19,4,21,27.8,43.0
2025-04-19,2200 UTC,28.5,34.0,19,4,22,26.7,57.0
2025-04-19,2300 UTC,27.8,43.0,19,4,23,25.2,67.0
2025-04-20,0000 UTC,26.7,57.0,20,4,0,24.2,70.0
2025-04-20,0100 UTC,25.2,67.0,20,4,1,23.4,74.0
2025-04-20,0200 UTC,24.2,70.0,20,4,2,22.8,78.0
2025-04-20,0300 UTC,23.4,74.0,20,4,3,22.4,80.0
2025-04-20,0400 UTC,22.8,78.0,20,4,4,22.1,79.0
2025-04-20,0500 UTC,22.4,80.0,20,4,5,21.7,83.0
2025-04-20,0600 UTC,22.1,79.0,20,4,6,21.5,84.0
2025-04-20,0700 UTC,21.7,83.0,20,4,7,22.0,83.0
2025-04-20,0800 UTC,21.5,84.0,20,4,8,24.3,73.0
2025-04-20,0900 UTC,22.0,83.0,20,4,9,25.9,63.0
2025-04-20,1000 UTC,24.3,73.0,20,4,10,27.6,56.0
2025-04-20,1100 UTC,25.9,63.0,20,4,11,28.3,51.0
2025-04-20,1200 UTC,27.6,56.0,20,4,12,30.1,41.0
2025-04-20,1300 UTC,28.3,51.0,20,4,13,31.3,34.0
2025-04-20,1400 UTC,30.1,41.0,20,4,14,32.2,32.0
2025-04-20,1500 UTC,31.3,34.0,20,4,15,32.1,31.0
2025-04-20,1600 UTC,32.2,32.0,20,4,16,33.4,27.0
2025-04-20,1700 UTC,32.1,31.0,20,4,17,33.3,26.0
2025-04-20,1800 UTC,33.4,27.0,20,4,18,32.2,29.0
2025-04-20,1900 UTC,33.3,26.0,20,4,19,29.6,43.0
2025-04-20,2000 UTC,32.2,29.0,20,4,20,27.4,59.0
2025-04-20,2100 UTC,29.6,43.0,20,4,21,25.5,71.0
2025-04-20,2200 UTC,27.4,59.0,20,4,22,25.0,75.0
2025-04-20,2300 UTC,25.5,71.0,20,4,23,24.2,81.0
2025-04-21,0000 UTC,25.0,75.0,21,4,0,24.0,82.0
2025-04-21,0100 UTC,24.2,81.0,21,4,1,23.9,82.0
2025-04-21,0200 UTC,24.0,82.0,21,4,2,23.4,83.0
2025-04-21,0300 UTC,23.9,82.0,21,4,3,23.0,83.0
2025-04-21,0400 UTC,23.4,83.0,21,4,4,22.9,84.0
2025-04-21,0500 UTC,23.0,83.0,21,4,5,22.4,86.0
2025-04-21,0600 UTC,22.9,84.0,21,4,6,22.2,87.0
2025-04-21,0700 UTC,22.4,86.0,21,4,7,22.6,88.0
2025-04-21,0800 UTC,22.2,87.0,21,4,8,23.0,87.0
2025-04-21,0900 UTC,22.6,88.0,21,4,9,24.5,77.0
2025-04-21,1000 UTC,23.0,87.0,21,4,10,27.0,63.0
2025-04-21,1100 UTC,24.5,77.0,21,4,11,28.0,58.0
2025-04-21,1200 UTC,27.0,63.0,21,4,12,29.7,49.0
2025-04-21,1300 UTC,28.0,58.0,21,4,13,31.6,39.0
2025-04-21,1400 UTC,29.7,49.0,21,4,14,32.8,34.0
2025-04-21,1500 UTC,31.6,39.0,21,4,15,32.3,34.0
2025-04-21,1600 UTC,32.8,34.0,21,4,16,29.7,48.0
2025-04-21,1700 UTC,32.3,34.0,21,4,17,30.4,40.0
2025-04-21,1800 UTC,29.7,48.0,21,4,18,29.5,45.0
2025-04-21,1900 UTC,30.4,40.0,21,4,19,27.7,58.0
2025-04-21,2000 UTC,29.5,45.0,21,4,20,27.2,63.0
2025-04-21,2100 UTC,27.7,58.0,21,4,21,25.9,69.0
2025-04-21,2200 UTC,27.2,63.0,21,4,22,25.7,69.0
2025-04-21,2300 UTC,25.9,69.0,21,4,23,24.0,81.0
2025-04-22,0000 UTC,25.7,69.0,22,4,0,22.8,84.0
2025-04-22,0100 UTC,24.0,81.0,22,4,1,23.0,84.0
2025-04-22,0200 UTC,22.8,84.0,22,4,2,22.7,85.0
2025-04-22,0300 UTC,23.0,84.0,22,4,3,22.7,85.0
2025-04-22,0400 UTC,22.7,85.0,22,4,4,22.4,87.0
2025-04-22,0500 UTC,22.7,85.0,22,4,5,22.8,86.0
2025-04-22,0600 UTC,22.4,87.0,22,4,6,22.7,89.0
2025-04-22,0700 UTC,22.8,86.0,22,4,7,22.8,90.0
2025-04-22,0800 UTC,22.7,89.0,22,4,8,23.7,85.0
2025-04-22,0900 UTC,22.8,90.0,22,4,9,25.2,75.0
2025-04-22,1000 UTC,23.7,85.0,22,4,10,27.4,61.0
2025-04-22,1100 UTC,25.2,75.0,22,4,11,28.2,51.0
2025-04-22,1200 UTC,27.4,61.0,22,4,12,30.3,43.0
2025-04-22,1300 UTC,28.2,51.0,22,4,13,30.7,37.0
2025-04-22,1400 UTC,30.3,43.0,22,4,14,31.6,33.0
2025-04-22,1500 UTC,30.7,37.0,22,4,15,32.6,30.0
2025-04-22,1600 UTC,31.6,33.0,22,4,16,32.3,32.0
2025-04-22,1700 UTC,32.6,30.0,22,4,17,32.9,28.0
2025-04-22,1800 UTC,32.3,32.0,22,4,18,31.4,36.0
2025-04-22,1900 UTC,32.9,28.0,22,4,19,30.3,37.0
2025-04-22,2000 UTC,31.4,36.0,22,4,20,30.0,40.0
2025-04-22,2100 UTC,30.3,37.0,22,4,21,28.3,49.0
2025-04-22,2200 UTC,30.0,40.0,22,4,22,26.5,60.0
2025-04-22,2300 UTC,28.3,49.0,22,4,23,25.5,66.0
2025-04-23,0000 UTC,26.5,60.0,23,4,0,24.3,72.0
2025-04-23,0100 UTC,25.5,66.0,23,4,1,24.0,73.0
2025-04-23,0200 UTC,24.3,72.0,23,4,2,23.9,74.0
2025-04-23,0300 UTC,24.0,73.0,23,4,3,23.6,73.0
2025-04-23,0400 UTC,23.9,74.0,23,4,4,23.4,73.0
2025-04-23,0500 UTC,23.6,73.0,23,4,5,23.2,74.0
2025-04-23,0600 UTC,23.4,73.0,23,4,6,22.3,76.0
2025-04-23,0700 UTC,23.2,74.0,23,4,7,22.0,79.0
2025-04-23,0800 UTC,22.3,76.0,23,4,8,23.5,70.0
2025-04-23,0900 UTC,22.0,79.0,23,4,9,24.9,59.0
2025-04-23,1000 UTC,23.5,70.0,23,4,10,27.0,50.0
2025-04-23,1100 UTC,24.9,59.0,23,4,11,28.4,43.0
2025-04-23,1200 UTC,27.0,50.0,23,4,12,29.7,38.0
2025-04-23,1300 UTC,28.4,43.0,23,4,13,30.4,31.0
2025-04-23,1400 UTC,29.7,38.0,23,4,14,31.4,28.0
2025-04-23,1500 UTC,30.4,31.0,23,4,15,32.3,23.0
2025-04-23,1600 UTC,31.4,28.0,23,4,16,31.8,25.0
2025-04-23,1700 UTC,32.3,23.0,23,4,17,30.8,28.0
2025-04-23,1800 UTC,31.8,25.0,23,4,18,29.8,32.0
2025-04-23,1900 UTC,30.8,28.0,23,4,19,28.2,37.0
2025-04-23,2000 UTC,29.8,32.0,23,4,20,27.2,42.0
2025-04-23,2100 UTC,28.2,37.0,23,4,21,26.1,46.0
2025-04-23,2200 UTC,27.2,42.0,23,4,22,25.4,50.0
2025-04-23,2300 UTC,26.1,46.0,23,4,23,24.8,68.0
2025-04-24,0000 UTC,25.4,50.0,24,4,0,24.0,73.0
2025-04-24,0100 UTC,24.8,68.0,24,4,1,23.2,77.0
2025-04-24,0200 UTC,24.0,73.0,24,4,2,22.3,81.0
2025-04-24,0300 UTC,23.2,77.0,24,4,3,22.3,80.0
2025-04-24,0400 UTC,22.3,81.0,24,4,4,21.8,78.0
2025-04-24,0500 UTC,22.3,80.0,24,4,5,21.1,84.0
2025-04-24,0600 UTC,21.8,78.0,24,4,6,20.3,86.0
2025-04-24,0700 UTC,21.1,84.0,24,4,7,20.3,84.0
2025-04-24,0800 UTC,20.3,86.0,24,4,8,22.9,73.0
2025-04-24,0900 UTC,20.3,84.0,24,4,9,24.8,63.0
2025-04-24,1000 UTC,22.9,73.0,24,4,10,27.7,52.0
2025-04-24,1100 UTC,24.8,63.0,24,4,11,28.1,49.0
2025-04-24,1200 UTC,27.7,52.0,24,4,12,28.9,48.0
2025-04-24,1300 UTC,28.1,49.0,24,4,13,29.9,42.0
2025-04-24,1400 UTC,28.9,48.0,24,4,14,30.1,44.0
2025-04-24,1500 UTC,29.9,42.0,24,4,15,30.3,43.0
2025-04-24,1600 UTC,30.1,44.0,24,4,16,29.7,47.0
2025-04-24,1700 UTC,30.3,43.0,24,4,17,30.3,44.0
2025-04-24,1800 UTC,29.7,47.0,24,4,18,27.4,59.0
2025-04-24,1900 UTC,30.3,44.0,24,4,19,25.7,71.0
2025-04-24,2000 UTC,27.4,59.0,24,4,20,25.1,71.0
2025-04-24,2100 UTC,25.7,71.0,24,4,21,24.4,72.0
2025-04-24,2200 UTC,25.1,71.0,24,4,22,24.2,72.0
2025-04-24,2300 UTC,24.4,72.0,24,4,23,23.8,72.0
2025-04-25,0000 UTC,24.2,72.0,25,4,0,23.6,73.0
2025-04-25,0100 UTC,23.8,72.0,25,4,1,23.1,77.0
2025-04-25,0200 UTC,23.6,73.0,25,4,2,22.9,79.0
2025-04-25,0300 UTC,23.1,77.0,25,4,3,22.7,79.0
2025-04-25,0400 UTC,22.9,79.0,25,4,4,22.4,80.0
2025-04-25,0500 UTC,22.7,79.0,25,4,5,22.2,82.0
2025-04-25,0600 UTC,22.4,80.0,25,4,6,21.9,78.0
2025-04-25,0700 UTC,22.2,82.0,25,4,7,21.9,77.0
2025-04-25,0800 UTC,21.9,78.0,25,4,8,23.6,69.0
2025-04-25,0900 UTC,21.9,77.0,25,4,9,25.8,59.0
2025-04-25,1000 UTC,23.6,69.0,25,4,10,27.5,52.0
2025-04-25,1100 UTC,25.8,59.0,25,4,11,28.5,45.0
2025-04-25,1200 UTC,27.5,52.0,25,4,12,31.2,36.0
2025-04-25,1300 UTC,28.5,45.0,25,4,13,31.5,31.0
2025-04-25,1400 UTC,31.2,36.0,25,4,14,32.6,30.0
2025-04-25,1500 UTC,31.5,31.0,25,4,15,31.5,34.0
2025-04-25,1600 UTC,32.6,30.0,25,4,16,31.7,32.0
2025-04-25,1700 UTC,31.5,34.0,25,4,17,31.7,31.0
2025-04-25,1800 UTC,31.7,32.0,25,4,18,30.0,43.0
2025-04-25,1900 UTC,31.7,31.0,25,4,19,29.3,46.0
2025-04-25,2000 UTC,30.0,43.0,25,4,20,28.3,49.0
2025-04-25,2100 UTC,29.3,46.0,25,4,21,27.1,54.0
2025-04-25,2200 UTC,28.3,49.0,25,4,22,25.7,64.0
2025-04-25,2300 UTC,27.1,54.0,25,4,23,24.6,71.0
2025-04-26,0000 UTC,25.7,64.0,26,4,0,23.8,76.0
2025-04-26,0100 UTC,24.6,71.0,26,4,1,23.2,79.0
2025-04-26,0200 UTC,23.8,76.0,26,4,2,22.8,79.0
2025-04-26,0300 UTC,23.2,79.0,26,4,3,22.3,81.0
2025-04-26,0400 UTC,22.8,79.0,26,4,4,21.6,84.0
2025-04-26,0500 UTC,22.3,81.0,26,4,5,21.2,85.0
2025-04-26,0600 UTC,21.6,84.0,26,4,6,20.6,87.0
2025-04-26,0700 UTC,21.2,85.0,26,4,7,20.3,85.0
2025-04-26,0800 UTC,20.6,87.0,26,4,8,22.9,77.0
2025-04-26,0900 UTC,20.3,85.0,26,4,9,24.8,67.0
2025-04-26,1000 UTC,22.9,77.0,26,4,10,26.7,54.0
2025-04-26,1100 UTC,24.8,67.0,26,4,11,29.5,43.0
2025-04-26,1200 UTC,26.7,54.0,26,4,12,31.0,33.0
2025-04-26,1300 UTC,29.5,43.0,26,4,13,32.4,28.0
2025-04-26,1400 UTC,31.0,33.0,26,4,14,32.7,25.0
2025-04-26,1500 UTC,32.4,28.0,26,4,15,33.2,24.0
2025-04-26,1600 UTC,32.7,25.0,26,4,16,33.6,21.0
2025-04-26,1700 UTC,33.2,24.0,26,4,17,32.8,24.0
2025-04-26,1800 UTC,33.6,21.0,26,4,18,31.9,26.0
2025-04-26,1900 UTC,32.8,24.0,26,4,19,30.3,31.0
2025-04-26,2000 UTC,31.9,26.0,26,4,20,28.8,36.0
2025-04-26,2100 UTC,30.3,31.0,26,4,21,27.7,44.0
2025-04-26,2200 UTC,28.8,36.0,26,4,22,26.5,56.0
2025-04-26,2300 UTC,27.7,44.0,26,4,23,25.0,68.0
2025-04-27,0000 UTC,26.5,56.0,27,4,0,23.9,75.0
2025-04-27,0100 UTC,25.0,68.0,27,4,1,23.2,79.0
2025-04-27,0200 UTC,23.9,75.0,27,4,2,22.6,78.0
2025-04-27,0300 UTC,23.2,79.0,27,4,3,21.8,81.0
2025-04-27,0400 UTC,22.6,78.0,27,4,4,21.0,85.0
2025-04-27,0500 UTC,21.8,81.0,27,4,5,20.4,87.0
2025-04-27,0600 UTC,21.0,85.0,27,4,6,20.0,89.0
2025-04-27,0700 UTC,20.4,87.0,27,4,7,20.6,88.0
2025-04-27,0800 UTC,20.0,89.0,27,4,8,22.4,80.0
2025-04-27,0900 UTC,20.6,88.0,27,4,9,25.2,64.0
2025-04-27,1000 UTC,22.4,80.0,27,4,10,27.7,48.0
2025-04-27,1100 UTC,25.2,64.0,27,4,11,29.1,40.0
2025-04-27,1200 UTC,27.7,48.0,27,4,12,30.5,29.0
2025-04-27,1300 UTC,29.1,40.0,27,4,13,32.0,25.0
2025-04-27,1400 UTC,30.5,29.0,27,4,14,32.7,21.0
2025-04-27,1500 UTC,32.0,25.0,27,4,15,33.6,20.0
2025-04-27,1600 UTC,32.7,21.0,27,4,16,33.6,21.0
2025-04-27,1700 UTC,33.6,20.0,27,4,17,32.9,25.0
2025-04-27,1800 UTC,33.6,21.0,27,4,18,31.9,27.0
2025-04-27,1900 UTC,32.9,25.0,27,4,19,30.1,32.0
2025-04-27,2000 UTC,31.9,27.0,27,4,20,28.8,38.0
2025-04-27,2100 UTC,30.1,32.0,27,4,21,27.6,44.0
2025-04-27,2200 UTC,28.8,38.0,27,4,22,26.3,57.0
2025-04-27,2300 UTC,27.6,44.0,27,4,23,25.0,66.0
2025-04-28,0000 UTC,26.3,57.0,28,4,0,24.0,70.0
2025-04-28,0100 UTC,25.0,66.0,28,4,1,23.3,69.0
2025-04-28,0200 UTC,24.0,70.0,28,4,2,22.4,71.0
2025-04-28,0300 UTC,23.3,69.0,28,4,3,21.8,73.0
2025-04-28,0400 UTC,22.4,71.0,28,4,4,21.3,76.0
2025-04-28,0500 UTC,21.8,73.0,28,4,5,20.9,79.0
2025-04-28,0600 UTC,21.3,76.0,28,4,6,20.4,81.0
2025-04-28,0700 UTC,20.9,79.0,28,4,7,20.8,81.0
2025-04-28,0800 UTC,20.4,81.0,28,4,8,23.4,69.0
2025-04-28,0900 UTC,20.8,81.0,28,4,9,25.8,54.0
2025-04-28,1000 UTC,23.4,69.0,28,4,10,27.7,45.0
2025-04-28,1100 UTC,25.8,54.0,28,4,11,29.5,42.0
2025-04-28,1200 UTC,27.7,45.0,28,4,12,31.0,36.0
2025-04-28,1300 UTC,29.5,42.0,28,4,13,31.7,33.0
2025-04-28,1400 UTC,31.0,36.0,28,4,14,33.0,29.0
2025-04-28,1500 UTC,31.7,33.0,28,4,15,32.7,28.0
2025-04-28,1600 UTC,33.0,29.0,28,4,16,33.0,26.0
2025-04-28,1700 UTC,32.7,28.0,28,4,17,32.8,27.0
2025-04-28,1800 UTC,33.0,26.0,28,4,18,31.7,31.0
2025-04-28,1900 UTC,32.8,27.0,28,4,19,31.0,33.0
2025-04-28,2000 UTC,31.7,31.0,28,4,20,30.1,35.0
2025-04-28,2100 UTC,31.0,33.0,28,4,21,29.3,38.0
2025-04-28,2200 UTC,30.1,35.0,28,4,22,27.4,51.0
2025-04-28,2300 UTC,29.3,38.0,28,4,23,26.2,61.0
2025-04-29,0000 UTC,27.4,51.0,29,4,0,25.1,71.0
2025-04-29,0100 UTC,26.2,61.0,29,4,1,24.4,76.0
2025-04-29,0200 UTC,25.1,71.0,29,4,2,24.0,76.0
2025-04-29,0300 UTC,24.4,76.0,29,4,3,23.4,77.0
2025-04-29,0400 UTC,24.0,76.0,29,4,4,23.0,79.0
2025-04-29,0500 UTC,23.4,77.0,29,4,5,22.7,80.0
2025-04-29,0600 UTC,23.0,79.0,29,4,6,22.0,82.0
2025-04-29,0700 UTC,22.7,80.0,29,4,7,22.1,82.0
2025-04-29,0800 UTC,22.0,82.0,29,4,8,24.2,73.0
2025-04-29,0900 UTC,22.1,82.0,29,4,9,25.6,65.0
2025-04-29,1000 UTC,24.2,73.0,29,4,10,27.0,59.0
2025-04-29,1100 UTC,25.6,65.0,29,4,11,29.2,49.0
2025-04-29,1200 UTC,27.0,59.0,29,4,12,30.7,42.0
2025-04-29,1300 UTC,29.2,49.0,29,4,13,32.9,29.0
2025-04-29,1400 UTC,30.7,42.0,29,4,14,32.9,24.0
2025-04-29,1500 UTC,32.9,29.0,29,4,15,34.0,23.0
2025-04-29,1600 UTC,32.9,24.0,29,4,16,33.9,24.0
2025-04-29,1700 UTC,34.0,23.0,29,4,17,33.4,24.0
2025-04-29,1800 UTC,33.9,24.0,29,4,18,32.4,26.0
2025-04-29,1900 UTC,33.4,24.0,29,4,19,30.9,30.0
2025-04-29,2000 UTC,32.4,26.0,29,4,20,29.6,35.0
2025-04-29,2100 UTC,30.9,30.0,29,4,21,28.0,42.0
2025-04-29,2200 UTC,29.6,35.0,29,4,22,27.5,55.0
2025-04-29,2300 UTC,28.0,42.0,29,4,23,26.0,65.0
2025-04-30,0000 UTC,27.5,55.0,30,4,0,25.1,69.0
2025-04-30,0100 UTC,26.0,65.0,30,4,1,24.1,74.0
2025-04-30,0200 UTC,25.1,69.0,30,4,2,23.9,76.0
2025-04-30,0300 UTC,24.1,74.0,30,4,3,23.7,77.0
2025-04-30,0400 UTC,23.9,76.0,30,4,4,23.5,78.0
2025-04-30,0500 UTC,23.7,77.0,30,4,5,23.7,74.0
2025-04-30,0600 UTC,23.5,78.0,30,4,6,23.1,75.0
2025-04-30,0700 UTC,23.7,74.0,30,4,7,23.2,74.0
2025-04-30,0800 UTC,23.1,75.0,30,4,8,23.3,73.0
2025-04-30,0900 UTC,23.2,74.0,30,4,9,24.4,68.0
2025-04-30,1000 UTC,23.3,73.0,30,4,10,25.3,65.0
2025-04-30,1100 UTC,24.4,68.0,30,4,11,27.6,57.0
2025-04-30,1200 UTC,25.3,65.0,30,4,12,28.9,50.0
2025-04-30,1300 UTC,27.6,57.0,30,4,13,29.9,39.0
2025-04-30,1400 UTC,28.9,50.0,30,4,14,32.0,33.0
2025-04-30,1500 UTC,29.9,39.0,30,4,15,33.4,29.0
2025-04-30,1600 UTC,32.0,33.0,30,4,16,33.0,27.0
2025-04-30,1700 UTC,33.4,29.0,30,4,17,32.9,25.0
2025-04-30,1800 UTC,33.0,27.0,30,4,18,32.0,24.0
2025-04-30,1900 UTC,32.9,25.0,30,4,19,29.9,27.0
2025-04-30,2000 UTC,32.0,24.0,30,4,20,28.1,32.0
2025-04-30,2100 UTC,29.9,27.0,30,4,21,26.6,35.0
2025-04-30,2200 UTC,28.1,32.0,30,4,22,25.8,37.0
2025-04-30,2300 UTC,26.6,35.0,30,4,23,25.0,46.0
2025-05-01,0000 UTC,25.8,37.0,1,5,0,24.2,61.0
2025-05-01,0100 UTC,25.0,46.0,1,5,1,22.9,69.0
2025-05-01,0200 UTC,24.2,61.0,1,5,2,22.2,74.0
2025-05-01,0300 UTC,22.9,69.0,1,5,3,21.8,77.0
2025-05-01,0400 UTC,22.2,74.0,1,5,4,22.4,75.0
2025-05-01,0500 UTC,21.8,77.0,1,5,5,22.2,73.0
2025-05-01,0600 UTC,22.4,75.0,1,5,6,21.7,77.0
2025-05-01,0700 UTC,22.2,73.0,1,5,7,21.2,80.0
2025-05-01,0800 UTC,21.7,77.0,1,5,8,22.7,72.0
2025-05-01,0900 UTC,21.2,80.0,1,5,9,23.8,63.0
2025-05-01,1000 UTC,22.7,72.0,1,5,10,26.1,53.0
2025-05-01,1100 UTC,23.8,63.0,1,5,11,28.0,42.0
2025-05-01,1200 UTC,26.1,53.0,1,5,12,29.5,36.0
2025-05-01,1300 UTC,28.0,42.0,1,5,13,30.9,28.0
2025-05-01,1400 UTC,29.5,36.0,1,5,14,32.1,26.0
2025-05-01,1500 UTC,30.9,28.0,1,5,15,32.9,21.0
2025-05-01,1600 UTC,32.1,26.0,1,5,16,33.4,19.0
2025-05-01,1700 UTC,32.9,21.0,1,5,17,32.9,17.0
2025-05-01,1800 UTC,33.4,19.0,1,5,18,31.7,19.0
2025-05-01,1900 UTC,32.9,17.0,1,5,19,29.5,25.0
2025-05-01,2000 UTC,31.7,19.0,1,5,20,28.1,31.0
2025-05-01,2100 UTC,29.5,25.0,1,5,21,26.7,45.0
2025-05-01,2200 UTC,28.1,31.0,1,5,22,25.8,54.0
2025-05-01,2300 UTC,26.7,45.0,1,5,23,25.2,65.0
2025-05-02,0000 UTC,25.8,54.0,2,5,0,24.1,72.0
2025-05-02,0100 UTC,25.2,65.0,2,5,1,23.2,76.0
2025-05-02,0200 UTC,24.1,72.0,2,5,2,22.5,78.0
2025-05-02,0300 UTC,23.2,76.0,2,5,3,21.8,81.0
2025-05-02,0400 UTC,22.5,78.0,2,5,4,21.1,83.0
2025-05-02,0500 UTC,21.8,81.0,2,5,5,20.8,83.0
2025-05-02,0600 UTC,21.1,83.0,2,5,6,20.0,85.0
2025-05-02,0700 UTC,20.8,83.0,2,5,7,20.0,86.0
2025-05-02,0800 UTC,20.0,85.0,2,5,8,22.4,75.0
2025-05-02,0900 UTC,20.0,86.0,2,5,9,24.7,60.0
2025-05-02,1000 UTC,22.4,75.0,2,5,10,26.1,52.0
2025-05-02,1100 UTC,24.7,60.0,2,5,11,27.9,42.0
2025-05-02,1200 UTC,26.1,52.0,2,5,12,29.9,32.0
2025-05-02,1300 UTC,27.9,42.0,2,5,13,30.5,28.0
2025-05-02,1400 UTC,29.9,32.0,2,5,14,31.5,26.0
2025-05-02,1500 UTC,30.5,28.0,2,5,15,32.3,24.0
2025-05-02,1600 UTC,31.5,26.0,2,5,16,32.7,24.0
2025-05-02,1700 UTC,32.3,24.0,2,5,17,32.5,25.0
2025-05-02,1800 UTC,32.7,24.0,2,5,18,31.0,27.0
2025-05-02,1900 UTC,32.5,25.0,2,5,19,29.3,31.0
2025-05-02,2000 UTC,31.0,27.0,2,5,20,27.7,37.0
2025-05-02,2100 UTC,29.3,31.0,2,5,21,26.5,42.0
2025-05-02,2200 UTC,27.7,37.0,2,5,22,25.6,46.0
2025-05-02,2300 UTC,26.5,42.0,2,5,23,24.9,53.0
2025-05-03,0000 UTC,25.6,46.0,3,5,0,23.9,62.0
2025-05-03,0100 UTC,24.9,53.0,3,5,1,22.9,66.0
2025-05-03,0200 UTC,23.9,62.0,3,5,2,22.1,71.0
2025-05-03,0300 UTC,22.9,66.0,3,5,3,21.0,74.0
2025-05-03,0400 UTC,22.1,71.0,3,5,4,19.7,76.0
2025-05-03,0500 UTC,21.0,74.0,3,5,5,18.9,82.0
2025-05-03,0600 UTC,19.7,76.0,3,5,6,18.5,81.0
2025-05-03,0700 UTC,18.9,82.0,3,5,7,17.5,82.0
2025-05-03,0800 UTC,18.5,81.0,3,5,8,20.6,76.0
2025-05-03,0900 UTC,17.5,82.0,3,5,9,24.7,58.0
2025-05-03,1000 UTC,20.6,76.0,3,5,10,27.0,41.0
2025-05-03,1100 UTC,24.7,58.0,3,5,11,28.7,35.0
2025-05-03,1200 UTC,27.0,41.0,3,5,12,30.4,32.0
2025-05-03,1300 UTC,28.7,35.0,3,5,13,31.9,28.0
2025-05-03,1400 UTC,30.4,32.0,3,5,14,32.8,26.0
2025-05-03,1500 UTC,31.9,28.0,3,5,15,32.4,27.0
2025-05-03,1600 UTC,32.8,26.0,3,5,16,32.7,27.0
2025-05-03,1700 UTC,32.4,27.0,3,5,17,32.3,26.0
2025-05-03,1800 UTC,32.7,27.0,3,5,18,31.5,28.0
2025-05-03,1900 UTC,32.3,26.0,3,5,19,29.7,33.0
2025-05-03,2000 UTC,31.5,28.0,3,5,20,28.0,37.0
2025-05-03,2100 UTC,29.7,33.0,3,5,21,27.0,42.0
2025-05-03,2200 UTC,28.0,37.0,3,5,22,26.2,60.0
2025-05-03,2300 UTC,27.0,42.0,3,5,23,25.0,67.0
2025-05-04,0000 UTC,26.2,60.0,4,5,0,24.2,70.0
2025-05-04,0100 UTC,25.0,67.0,4,5,1,23.4,74.0
2025-05-04,0200 UTC,24.2,70.0,4,5,2,23.2,75.0
2025-05-04,0300 UTC,23.4,74.0,4,5,3,22.9,77.0
2025-05-04,0400 UTC,23.2,75.0,4,5,4,22.7,77.0
2025-05-04,0500 UTC,22.9,77.0,4,5,5,22.5,78.0
2025-05-04,0600 UTC,22.7,77.0,4,5,6,21.9,81.0
2025-05-04,0700 UTC,22.5,78.0,4,5,7,21.9,83.0
2025-05-04,0800 UTC,21.9,81.0,4,5,8,23.2,77.0
2025-05-04,0900 UTC,21.9,83.0,4,5,9,24.9,63.0
2025-05-04,1000 UTC,23.2,77.0,4,5,10,26.7,54.0
2025-05-04,1100 UTC,24.9,63.0,4,5,11,28.6,46.0
2025-05-04,1200 UTC,26.7,54.0,4,5,12,29.9,38.0
2025-05-04,1300 UTC,28.6,46.0,4,5,13,29.5,39.0
2025-05-04,1400 UTC,29.9,38.0,4,5,14,29.2,43.0
2025-05-04,1500 UTC,29.5,39.0,4,5,15,30.4,37.0
2025-05-04,1600 UTC,29.2,43.0,4,5,16,30.9,36.0
2025-05-04,1700 UTC,30.4,37.0,4,5,17,29.0,46.0
2025-05-04,1800 UTC,30.9,36.0,4,5,18,26.7,57.0
2025-05-04,1900 UTC,29.0,46.0,4,5,19,24.5,70.0
2025-05-04,2000 UTC,26.7,57.0,4,5,20,24.8,70.0
2025-05-04,2100 UTC,24.5,70.0,4,5,21,24.7,71.0
2025-05-04,2200 UTC,24.8,70.0,4,5,22,23.6,75.0
2025-05-04,2300 UTC,24.7,71.0,4,5,23,23.2,78.0
2025-05-05,0000 UTC,23.6,75.0,5,5,0,22.9,76.0
2025-05-05,0100 UTC,23.2,78.0,5,5,1,22.1,80.0
2025-05-05,0200 UTC,22.9,76.0,5,5,2,21.9,77.0
2025-05-05,0300 UTC,22.1,80.0,5,5,3,21.1,79.0
2025-05-05,0400 UTC,21.9,77.0,5,5,4,20.4,83.0
2025-05-05,0500 UTC,21.1,79.0,5,5,5,19.4,84.0
2025-05-05,0600 UTC,20.4,83.0,5,5,6,18.8,85.0
2025-05-05,0700 UTC,19.4,84.0,5,5,7,18.5,86.0
2025-05-05,0800 UTC,18.8,85.0,5,5,8,21.3,79.0
2025-05-05,0900 UTC,18.5,86.0,5,5,9,24.8,61.0
2025-05-05,1000 UTC,21.3,79.0,5,5,10,25.9,57.0
2025-05-05,1100 UTC,24.8,61.0,5,5,11,28.5,48.0
2025-05-05,1200 UTC,25.9,57.0,5,5,12,29.0,44.0
2025-05-05,1300 UTC,28.5,48.0,5,5,13,31.4,34.0
2025-05-05,1400 UTC,29.0,44.0,5,5,14,32.5,31.0
2025-05-05,1500 UTC,31.4,34.0,5,5,15,32.1,28.0
2025-05-05,1600 UTC,32.5,31.0,5,5,16,32.4,27.0
2025-05-05,1700 UTC,32.1,28.0,5,5,17,31.8,28.0
2025-05-05,1800 UTC,32.4,27.0,5,5,18,31.4,29.0
2025-05-05,1900 UTC,31.8,28.0,5,5,19,29.5,32.0
2025-05-05,2000 UTC,31.4,29.0,5,5,20,27.5,39.0
2025-05-05,2100 UTC,29.5,32.0,5,5,21,26.9,43.0
2025-05-05,2200 UTC,27.5,39.0,5,5,22,26.1,53.0
2025-05-05,2300 UTC,26.9,43.0,5,5,23,25.2,59.0
2025-05-06,0000 UTC,26.1,53.0,6,5,0,24.7,69.0
2025-05-06,0100 UTC,25.2,59.0,6,5,1,23.7,74.0
2025-05-06,0200 UTC,24.7,69.0,6,5,2,22.8,77.0
2025-05-06,0300 UTC,23.7,74.0,6,5,3,22.3,79.0
2025-05-06,0400 UTC,22.8,77.0,6,5,4,21.7,81.0
2025-05-06,0500 UTC,22.3,79.0,6,5,5,21.2,83.0
2025-05-06,0600 UTC,21.7,81.0,6,5,6,20.6,84.0
2025-05-06,0700 UTC,21.2,83.0,6,5,7,20.7,84.0
2025-05-06,0800 UTC,20.6,84.0,6,5,8,23.4,73.0
2025-05-06,0900 UTC,20.7,84.0,6,5,9,25.2,62.0
2025-05-06,1000 UTC,23.4,73.0,6,5,10,27.1,54.0
2025-05-06,1100 UTC,25.2,62.0,6,5,11,29.1,46.0
2025-05-06,1200 UTC,27.1,54.0,6,5,12,30.0,42.0
2025-05-06,1300 UTC,29.1,46.0,6,5,13,31.1,36.0
2025-05-06,1400 UTC,30.0,42.0,6,5,14,31.7,32.0
2025-05-06,1500 UTC,31.1,36.0,6,5,15,32.2,31.0
2025-05-06,1600 UTC,31.7,32.0,6,5,16,32.7,31.0
2025-05-06,1700 UTC,32.2,31.0,6,5,17,32.6,31.0
2025-05-06,1800 UTC,32.7,31.0,6,5,18,31.2,33.0
2025-05-06,1900 UTC,32.6,31.0,6,5,19,30.0,39.0
2025-05-06,2000 UTC,31.2,33.0,6,5,20,28.7,49.0
2025-05-06,2100 UTC,30.0,39.0,6,5,21,27.1,58.0
2025-05-06,2200 UTC,28.7,49.0,6,5,22,26.2,63.0
2025-05-06,2300 UTC,27.1,58.0,6,5,23,25.1,70.0
2025-05-07,0000 UTC,26.2,63.0,7,5,0,24.6,71.0
2025-05-07,0100 UTC,25.1,70.0,7,5,1,24.2,74.0
2025-05-07,0200 UTC,24.6,71.0,7,5,2,23.9,75.0
2025-05-07,0300 UTC,24.2,74.0,7,5,3,23.6,76.0
2025-05-07,0400 UTC,23.9,75.0,7,5,4,23.4,76.0
2025-05-07,0500 UTC,23.6,76.0,7,5,5,23.5,74.0
2025-05-07,0600 UTC,23.4,76.0,7,5,6,23.4,74.0
2025-05-07,0700 UTC,23.5,74.0,7,5,7,23.3,76.0
2025-05-07,0800 UTC,23.4,74.0,7,5,8,23.7,74.0
2025-05-07,0900 UTC,23.3,76.0,7,5,9,25.6,63.0
2025-05-07,1000 UTC,23.7,74.0,7,5,10,26.7,53.0
2025-05-07,1100 UTC,25.6,63.0,7,5,11,28.7,42.0
2025-05-07,1200 UTC,26.7,53.0,7,5,12,30.1,39.0
2025-05-07,1300 UTC,28.7,42.0,7,5,13,30.6,35.0
2025-05-07,1400 UTC,30.1,39.0,7,5,14,31.8,28.0
2025-05-07,1500 UTC,30.6,35.0,7,5,15,32.9,25.0
2025-05-07,1600 UTC,31.8,28.0,7,5,16,32.6,24.0
2025-05-07,1700 UTC,32.9,25.0,7,5,17,32.1,26.0
2025-05-07,1800 UTC,32.6,24.0,7,5,18,31.1,27.0
2025-05-07,1900 UTC,32.1,26.0,7,5,19,29.7,29.0
2025-05-07,2000 UTC,31.1,27.0,7,5,20,28.1,34.0
2025-05-07,2100 UTC,29.7,29.0,7,5,21,27.1,42.0
2025-05-07,2200 UTC,28.1,34.0,7,5,22,26.0,56.0
2025-05-07,2300 UTC,27.1,42.0,7,5,23,24.8,66.0
2025-05-08,0000 UTC,26.0,56.0,8,5,0,23.7,73.0
2025-05-08,0100 UTC,24.8,66.0,8,5,1,22.9,75.0
2025-05-08,0200 UTC,23.7,73.0,8,5,2,22.1,78.0
2025-05-08,0300 UTC,22.9,75.0,8,5,3,21.2,80.0
2025-05-08,0400 UTC,22.1,78.0,8,5,4,20.7,83.0
2025-05-08,0500 UTC,21.2,80.0,8,5,5,20.3,86.0
2025-05-08,0600 UTC,20.7,83.0,8,5,6,19.7,88.0
2025-05-08,0700 UTC,20.3,86.0,8,5,7,19.8,87.0
2025-05-08,0800 UTC,19.7,88.0,8,5,8,22.2,78.0
2025-05-08,0900 UTC,19.8,87.0,8,5,9,25.2,58.0
2025-05-08,1000 UTC,22.2,78.0,8,5,10,27.2,44.0
2025-05-08,1100 UTC,25.2,58.0,8,5,11,29.7,35.0
2025-05-08,1200 UTC,27.2,44.0,8,5,12,31.2,34.0
2025-05-08,1300 UTC,29.7,35.0,8,5,13,31.6,31.0
2025-05-08,1400 UTC,31.2,34.0,8,5,14,33.4,26.0
2025-05-08,1500 UTC,31.6,31.0,8,5,15,32.1,29.0
2025-05-08,1600 UTC,33.4,26.0,8,5,16,31.8,29.0
2025-05-08,1700 UTC,32.1,29.0,8,5,17,32.5,27.0
2025-05-08,1800 UTC,31.8,29.0,8,5,18,30.3,34.0
2025-05-08,1900 UTC,32.5,27.0,8,5,19,28.7,36.0
2025-05-08,2000 UTC,30.3,34.0,8,5,20,27.4,41.0
2025-05-08,2100 UTC,28.7,36.0,8,5,21,26.6,57.0
2025-05-08,2200 UTC,27.4,41.0,8,5,22,25.2,65.0
2025-05-08,2300 UTC,26.6,57.0,8,5,23,24.4,68.0
2025-05-09,0000 UTC,25.2,65.0,9,5,0,23.4,72.0
2025-05-09,0100 UTC,24.4,68.0,9,5,1,22.9,75.0
2025-05-09,0200 UTC,23.4,72.0,9,5,2,22.2,79.0
2025-05-09,0300 UTC,22.9,75.0,9,5,3,21.8,81.0
2025-05-09,0400 UTC,22.2,79.0,9,5,4,21.2,82.0
2025-05-09,0500 UTC,21.8,81.0,9,5,5,20.8,81.0
2025-05-09,0600 UTC,21.2,82.0,9,5,6,20.4,84.0
2025-05-09,0700 UTC,20.8,81.0,9,5,7,20.6,82.0
2025-05-09,0800 UTC,20.4,84.0,9,5,8,23.1,73.0
2025-05-09,0900 UTC,20.6,82.0,9,5,9,25.0,66.0
2025-05-09,1000 UTC,23.1,73.0,9,5,10,26.1,60.0
2025-05-09,1100 UTC,25.0,66.0,9,5,11,27.6,52.0
2025-05-09,1200 UTC,26.1,60.0,9,5,12,29.6,44.0
2025-05-09,1300 UTC,27.6,52.0,9,5,13,30.5,35.0
2025-05-09,1400 UTC,29.6,44.0,9,5,14,31.6,31.0
2025-05-09,1500 UTC,30.5,35.0,9,5,15,32.0,34.0
2025-05-09,1600 UTC,31.6,31.0,9,5,16,31.7,33.0
2025-05-09,1700 UTC,32.0,34.0,9,5,17,31.1,31.0
2025-05-09,1800 UTC,31.7,33.0,9,5,18,30.7,30.0
2025-05-09,1900 UTC,31.1,31.0,9,5,19,29.1,38.0
2025-05-09,2000 UTC,30.7,30.0,9,5,20,28.3,43.0
2025-05-09,2100 UTC,29.1,38.0,9,5,21,26.4,53.0
2025-05-09,2200 UTC,28.3,43.0,9,5,22,25.1,59.0
2025-05-09,2300 UTC,26.4,53.0,9,5,23,24.2,60.0
2025-05-10,0000 UTC,25.1,59.0,10,5,0,23.4,61.0
2025-05-10,0100 UTC,24.2,60.0,10,5,1,22.5,69.0
2025-05-10,0200 UTC,23.4,61.0,10,5,2,21.8,73.0
2025-05-10,0300 UTC,22.5,69.0,10,5,3,20.4,78.0
2025-05-10,0400 UTC,21.8,73.0,10,5,4,19.9,78.0
2025-05-10,0500 UTC,20.4,78.0,10,5,5,19.0,80.0
2025-05-10,0600 UTC,19.9,78.0,10,5,6,18.3,83.0
2025-05-10,0700 UTC,19.0,80.0,10,5,7,18.0,82.0
2025-05-10,0800 UTC,18.3,83.0,10,5,8,21.2,71.0
2025-05-10,0900 UTC,18.0,82.0,10,5,9,24.8,57.0
2025-05-10,1000 UTC,21.2,71.0,10,5,10,26.6,49.0
2025-05-10,1100 UTC,24.8,57.0,10,5,11,28.7,48.0
2025-05-10,1200 UTC,26.6,49.0,10,5,12,29.3,47.0
2025-05-10,1300 UTC,28.7,48.0,10,5,13,29.2,48.0
2025-05-10,1400 UTC,29.3,47.0,10,5,14,27.8,54.0
2025-05-10,1500 UTC,29.2,48.0,10,5,15,29.8,46.0
2025-05-10,1600 UTC,27.8,54.0,10,5,16,30.1,41.0
2025-05-10,1700 UTC,29.8,46.0,10,5,17,30.0,40.0
2025-05-10,1800 UTC,30.1,41.0,10,5,18,28.8,44.0
2025-05-10,1900 UTC,30.0,40.0,10,5,19,27.3,47.0
2025-05-10,2000 UTC,28.8,44.0,10,5,20,26.0,50.0
2025-05-10,2100 UTC,27.3,47.0,10,5,21,25.3,56.0
2025-05-10,2200 UTC,26.0,50.0,10,5,22,24.1,60.0
2025-05-10,2300 UTC,25.3,56.0,10,5,23,23.1,65.0
2025-05-11,0000 UTC,24.1,60.0,11,5,0,22.7,69.0
2025-05-11,0100 UTC,23.1,65.0,11,5,1,21.6,73.0
2025-05-11,0200 UTC,22.7,69.0,11,5,2,21.2,77.0
2025-05-11,0300 UTC,21.6,73.0,11,5,3,20.2,77.0
2025-05-11,0400 UTC,21.2,77.0,11,5,4,19.7,79.0
2025-05-11,0500 UTC,20.2,77.0,11,5,5,19.0,81.0
2025-05-11,0600 UTC,19.7,79.0,11,5,6,18.6,83.0
2025-05-11,0700 UTC,19.0,81.0,11,5,7,18.8,83.0
2025-05-11,0800 UTC,18.6,83.0,11,5,8,21.6,73.0
2025-05-11,0900 UTC,18.8,83.0,11,5,9,25.4,62.0
2025-05-11,1000 UTC,21.6,73.0,11,5,10,27.0,51.0
2025-05-11,1100 UTC,25.4,62.0,11,5,11,28.4,46.0
2025-05-11,1200 UTC,27.0,51.0,11,5,12,29.8,38.0
2025-05-11,1300 UTC,28.4,46.0,11,5,13,31.1,29.0
2025-05-11,1400 UTC,29.8,38.0,11,5,14,32.1,27.0
2025-05-11,1500 UTC,31.1,29.0,11,5,15,32.3,27.0
2025-05-11,1600 UTC,32.1,27.0,11,5,16,32.4,26.0
2025-05-11,1700 UTC,32.3,27.0,11,5,17,32.3,25.0
2025-05-11,1800 UTC,32.4,26.0,11,5,18,31.2,27.0
2025-05-11,1900 UTC,32.3,25.0,11,5,19,29.5,30.0
2025-05-11,2000 UTC,31.2,27.0,11,5,20,27.3,37.0
2025-05-11,2100 UTC,29.5,30.0,11,5,21,27.5,42.0
2025-05-11,2200 UTC,27.3,37.0,11,5,22,26.3,55.0
2025-05-11,2300 UTC,27.5,42.0,11,5,23,24.8,64.0
2025-05-12,0000 UTC,26.3,55.0,12,5,0,23.9,66.0
2025-05-12,0100 UTC,24.8,64.0,12,5,1,23.0,68.0
2025-05-12,0200 UTC,23.9,66.0,12,5,2,22.2,71.0
2025-05-12,0300 UTC,23.0,68.0,12,5,3,21.5,73.0
2025-05-12,0400 UTC,22.2,71.0,12,5,4,21.0,76.0
2025-05-12,0500 UTC,21.5,73.0,12,5,5,20.2,79.0
2025-05-12,0600 UTC,21.0,76.0,12,5,6,19.0,81.0
2025-05-12,0700 UTC,20.2,79.0,12,5,7,18.9,81.0
2025-05-12,0800 UTC,19.0,81.0,12,5,8,21.6,72.0
2025-05-12,0900 UTC,18.9,81.0,12,5,9,24.5,63.0
2025-05-12,1000 UTC,21.6,72.0,12,5,10,26.6,54.0
2025-05-12,1100 UTC,24.5,63.0,12,5,11,28.7,44.0
2025-05-12,1200 UTC,26.6,54.0,12,5,12,30.3,37.0
2025-05-12,1300 UTC,28.7,44.0,12,5,13,31.3,32.0
2025-05-12,1400 UTC,30.3,37.0,12,5,14,32.6,27.0
2025-05-12,1500 UTC,31.3,32.0,12,5,15,31.5,31.0
2025-05-12,1600 UTC,32.6,27.0,12,5,16,31.8,26.0
2025-05-12,1700 UTC,31.5,31.0,12,5,17,31.7,27.0
2025-05-12,1800 UTC,31.8,26.0,12,5,18,30.6,32.0
2025-05-12,1900 UTC,31.7,27.0,12,5,19,28.6,40.0
2025-05-12,2000 UTC,30.6,32.0,12,5,20,27.3,44.0
2025-05-12,2100 UTC,28.6,40.0,12,5,21,25.8,50.0
2025-05-12,2200 UTC,27.3,44.0,12,5,22,24.5,56.0
2025-05-12,2300 UTC,25.8,50.0,12,5,23,23.6,61.0
2025-05-13,0000 UTC,24.5,56.0,13,5,0,22.3,67.0
2025-05-13,0100 UTC,23.6,61.0,13,5,1,21.6,70.0
2025-05-13,0200 UTC,22.3,67.0,13,5,2,20.9,71.0
2025-05-13,0300 UTC,21.6,70.0,13,5,3,19.9,77.0
2025-05-13,0400 UTC,20.9,71.0,13,5,4,19.5,81.0
2025-05-13,0500 UTC,19.9,77.0,13,5,5,19.1,82.0
2025-05-13,0600 UTC,19.5,81.0,13,5,6,18.6,84.0
2025-05-13,0700 UTC,19.1,82.0,13,5,7,19.5,83.0
2025-05-13,0800 UTC,18.6,84.0,13,5,8,22.2,70.0
2025-05-13,0900 UTC,19.5,83.0,13,5,9,24.4,61.0
2025-05-13,1000 UTC,22.2,70.0,13,5,10,26.5,52.0
2025-05-13,1100 UTC,24.4,61.0,13,5,11,27.1,47.0
2025-05-13,1200 UTC,26.5,52.0,13,5,12,29.0,38.0
2025-05-13,1300 UTC,27.1,47.0,13,5,13,29.3,39.0
2025-05-13,1400 UTC,29.0,38.0,13,5,14,29.6,38.0
2025-05-13,1500 UTC,29.3,39.0,13,5,15,29.1,37.0
2025-05-13,1600 UTC,29.6,38.0,13,5,16,29.6,35.0
2025-05-13,1700 UTC,29.1,37.0,13,5,17,29.2,37.0
2025-05-13,1800 UTC,29.6,35.0,13,5,18,28.4,40.0
2025-05-13,1900 UTC,29.2,37.0,13,5,19,27.4,44.0
2025-05-13,2000 UTC,28.4,40.0,13,5,20,26.1,52.0
2025-05-13,2100 UTC,27.4,44.0,13,5,21,24.9,54.0
2025-05-13,2200 UTC,26.1,52.0,13,5,22,24.0,58.0
2025-05-13,2300 UTC,24.9,54.0,13,5,23,23.1,65.0
2025-05-14,0000 UTC,24.0,58.0,14,5,0,22.4,68.0
2025-05-14,0100 UTC,23.1,65.0,14,5,1,21.3,72.0
2025-05-14,0200 UTC,22.4,68.0,14,5,2,20.4,75.0
2025-05-14,0300 UTC,21.3,72.0,14,5,3,20.0,77.0
2025-05-14,0400 UTC,20.4,75.0,14,5,4,19.7,78.0
2025-05-14,0500 UTC,20.0,77.0,14,5,5,19.2,81.0
2025-05-14,0600 UTC,19.7,78.0,14,5,6,19.0,82.0
2025-05-14,0700 UTC,19.2,81.0,14,5,7,19.5,82.0
2025-05-14,0800 UTC,19.0,82.0,14,5,8,22.2,72.0
2025-05-14,0900 UTC,19.5,82.0,14,5,9,23.9,60.0
2025-05-14,1000 UTC,22.2,72.0,14,5,10,24.9,55.0
2025-05-14,1100 UTC,23.9,60.0,14,5,11,26.3,53.0
2025-05-14,1200 UTC,24.9,55.0,14,5,12,26.7,48.0
2025-05-14,1300 UTC,26.3,53.0,14,5,13,28.9,44.0
2025-05-14,1400 UTC,26.7,48.0,14,5,14,30.7,34.0
2025-05-14,1500 UTC,28.9,44.0,14,5,15,30.3,33.0
2025-05-14,1600 UTC,30.7,34.0,14,5,16,30.3,31.0
2025-05-14,1700 UTC,30.3,33.0,14,5,17,29.8,36.0
2025-05-14,1800 UTC,30.3,31.0,14,5,18,29.3,38.0
2025-05-14,1900 UTC,29.8,36.0,14,5,19,27.5,47.0
2025-05-14,2000 UTC,29.3,38.0,14,5,20,26.0,53.0
2025-05-14,2100 UTC,27.5,47.0,14,5,21,24.9,59.0
2025-05-14,2200 UTC,26.0,53.0,14,5,22,23.9,64.0
2025-05-14,2300 UTC,24.9,59.0,14,5,23,23.2,68.0
2025-05-15,0000 UTC,23.9,64.0,15,5,0,22.5,67.0
2025-05-15,0100 UTC,23.2,68.0,15,5,1,21.8,67.0
2025-05-15,0200 UTC,22.5,67.0,15,5,2,21.1,72.0
2025-05-15,0300 UTC,21.8,67.0,15,5,3,20.4,75.0
2025-05-15,0400 UTC,21.1,72.0,15,5,4,20.1,76.0
2025-05-15,0500 UTC,20.4,75.0,15,5,5,19.9,77.0
2025-05-15,0600 UTC,20.1,76.0,15,5,6,19.9,78.0
2025-05-15,0700 UTC,19.9,77.0,15,5,7,20.0,80.0
2025-05-15,0800 UTC,19.9,78.0,15,5,8,21.9,76.0
2025-05-15,0900 UTC,20.0,80.0,15,5,9,23.6,69.0
2025-05-15,1000 UTC,21.9,76.0,15,5,10,25.4,58.0
2025-05-15,1100 UTC,23.6,69.0,15,5,11,26.8,52.0
2025-05-15,1200 UTC,25.4,58.0,15,5,12,28.6,42.0
2025-05-15,1300 UTC,26.8,52.0,15,5,13,29.1,38.0
2025-05-15,1400 UTC,28.6,42.0,15,5,14,28.9,32.0
2025-05-15,1500 UTC,29.1,38.0,15,5,15,29.0,33.0
2025-05-15,1600 UTC,28.9,32.0,15,5,16,28.7,40.0
2025-05-15,1700 UTC,29.0,33.0,15,5,17,27.3,50.0
2025-05-15,1800 UTC,28.7,40.0,15,5,18,26.9,50.0
2025-05-15,1900 UTC,27.3,50.0,15,5,19,25.5,59.0
2025-05-15,2000 UTC,26.9,50.0,15,5,20,25.2,58.0
2025-05-15,2100 UTC,25.5,59.0,15,5,21,24.9,59.0
2025-05-15,2200 UTC,25.2,58.0,15,5,22,24.3,62.0
2025-05-15,2300 UTC,24.9,59.0,15,5,23,23.7,64.0
2025-05-16,0000 UTC,24.3,62.0,16,5,0,23.1,67.0
2025-05-16,0100 UTC,23.7,64.0,16,5,1,22.8,67.0
2025-05-16,0200 UTC,23.1,67.0,16,5,2,22.5,68.0
2025-05-16,0300 UTC,22.8,67.0,16,5,3,22.0,67.0
2025-05-16,0400 UTC,22.5,68.0,16,5,4,21.7,67.0
2025-05-16,0500 UTC,22.0,67.0,16,5,5,21.8,67.0
2025-05-16,0600 UTC,21.7,67.0,16,5,6,21.2,70.0
2025-05-16,0700 UTC,21.8,67.0,16,5,7,21.4,72.0
2025-05-16,0800 UTC,21.2,70.0,16,5,8,23.5,61.0
2025-05-16,0900 UTC,21.4,72.0,16,5,9,24.4,60.0
2025-05-16,1000 UTC,23.5,61.0,16,5,10,26.7,50.0
2025-05-16,1100 UTC,24.4,60.0,16,5,11,28.4,47.0
2025-05-16,1200 UTC,26.7,50.0,16,5,12,29.2,47.0
2025-05-16,1300 UTC,28.4,47.0,16,5,13,28.4,49.0
2025-05-16,1400 UTC,29.2,47.0,16,5,14,28.8,47.0
2025-05-16,1500 UTC,28.4,49.0,16,5,15,28.7,48.0
2025-05-16,1600 UTC,28.8,47.0,16,5,16,29.5,46.0
2025-05-16,1700 UTC,28.7,48.0,16,5,17,28.1,50.0
2025-05-16,1800 UTC,29.5,46.0,16,5,18,27.5,53.0
2025-05-16,1900 UTC,28.1,50.0,16,5,19,25.8,61.0
2025-05-16,2000 UTC,27.5,53.0,16,5,20,24.0,68.0
2025-05-16,2100 UTC,25.8,61.0,16,5,21,23.7,65.0
2025-05-16,2200 UTC,24.0,68.0,16,5,22,23.6,63.0
2025-05-16,2300 UTC,23.7,65.0,16,5,23,22.8,67.0
2025-05-17,0000 UTC,23.6,63.0,17,5,0,22.7,69.0
2025-05-17,0100 UTC,22.8,67.0,17,5,1,22.5,70.0
2025-05-17,0200 UTC,22.7,69.0,17,5,2,22.5,65.0
2025-05-17,0300 UTC,22.5,70.0,17,5,3,21.9,63.0
2025-05-17,0400 UTC,22.5,65.0,17,5,4,21.1,69.0
2025-05-17,0500 UTC,21.9,63.0,17,5,5,20.6,71.0
2025-05-17,0600 UTC,21.1,69.0,17,5,6,19.8,75.0
2025-05-17,0700 UTC,20.6,71.0,17,5,7,20.0,75.0
2025-05-17,0800 UTC,19.8,75.0,17,5,8,20.5,74.0
2025-05-17,0900 UTC,20.0,75.0,17,5,9,23.9,61.0
2025-05-17,1000 UTC,20.5,74.0,17,5,10,25.9,53.0
2025-05-17,1100 UTC,23.9,61.0,17,5,11,28.0,44.0
2025-05-17,1200 UTC,25.9,53.0,17,5,12,29.4,37.0
2025-05-17,1300 UTC,28.0,44.0,17,5,13,30.7,31.0
2025-05-17,1400 UTC,29.4,37.0,17,5,14,32.1,28.0
2025-05-17,1500 UTC,30.7,31.0,17,5,15,32.1,28.0
2025-05-17,1600 UTC,32.1,28.0,17,5,16,32.2,28.0
2025-05-17,1700 UTC,32.1,28.0,17,5,17,31.9,26.0
2025-05-17,1800 UTC,32.2,28.0,17,5,18,29.9,33.0
2025-05-17,1900 UTC,31.9,26.0,17,5,19,27.0,52.0
2025-05-17,2000 UTC,29.9,33.0,17,5,20,25.3,63.0
2025-05-17,2100 UTC,27.0,52.0,17,5,21,24.8,64.0
2025-05-17,2200 UTC,25.3,63.0,17,5,22,23.8,70.0
2025-05-17,2300 UTC,24.8,64.0,17,5,23,23.9,69.0
2025-05-18,0000 UTC,23.8,70.0,18,5,0,23.6,71.0
2025-05-18,0100 UTC,23.9,69.0,18,5,1,21.7,85.0
2025-05-18,0200 UTC,23.6,71.0,18,5,2,21.5,89.0
2025-05-18,0300 UTC,21.7,85.0,18,5,3,21.4,90.0
2025-05-18,0400 UTC,21.5,89.0,18,5,4,21.6,89.0
2025-05-18,0500 UTC,21.4,90.0,18,5,5,21.5,89.0
2025-05-18,0600 UTC,21.6,89.0,18,5,6,21.6,88.0
2025-05-18,0700 UTC,21.5,89.0,18,5,7,21.7,88.0
2025-05-18,0800 UTC,21.6,88.0,18,5,8,23.2,78.0
2025-05-18,0900 UTC,21.7,88.0,18,5,9,24.9,65.0
2025-05-18,1000 UTC,23.2,78.0,18,5,10,26.9,55.0
2025-05-18,1100 UTC,24.9,65.0,18,5,11,28.3,45.0
2025-05-18,1200 UTC,26.9,55.0,18,5,12,28.1,47.0
2025-05-18,1300 UTC,28.3,45.0,18,5,13,27.7,52.0
2025-05-18,1400 UTC,28.1,47.0,18,5,14,28.6,49.0
2025-05-18,1500 UTC,27.7,52.0,18,5,15,26.2,62.0
2025-05-18,1600 UTC,28.6,49.0,18,5,16,23.0,85.0
2025-05-18,1700 UTC,26.2,62.0,18,5,17,24.2,78.0
2025-05-18,1800 UTC,23.0,85.0,18,5,18,24.3,76.0
2025-05-18,1900 UTC,24.2,78.0,18,5,19,22.6,83.0
2025-05-18,2000 UTC,24.3,76.0,18,5,20,21.3,90.0
2025-05-18,2100 UTC,22.6,83.0,18,5,21,21.5,90.0
2025-05-18,2200 UTC,21.3,90.0,18,5,22,21.3,88.0
2025-05-18,2300 UTC,21.5,90.0,18,5,23,21.4,88.0
2025-05-19,0000 UTC,21.3,88.0,19,5,0,21.2,87.0
2025-05-19,0100 UTC,21.4,88.0,19,5,1,21.2,87.0
2025-05-19,0200 UTC,21.2,87.0,19,5,2,21.0,87.0
2025-05-19,0300 UTC,21.2,87.0,19,5,3,20.7,88.0
2025-05-19,0400 UTC,21.0,87.0,19,5,4,20.4,91.0
2025-05-19,0500 UTC,20.7,88.0,19,5,5,20.3,91.0
2025-05-19,0600 UTC,20.4,91.0,19,5,6,20.5,92.0
2025-05-19,0700 UTC,20.3,91.0,19,5,7,20.6,91.0
2025-05-19,0800 UTC,20.5,92.0,19,5,8,22.3,86.0
2025-05-19,0900 UTC,20.6,91.0,19,5,9,23.8,78.0
2025-05-19,1000 UTC,22.3,86.0,19,5,10,25.8,66.0
2025-05-19,1100 UTC,23.8,78.0,19,5,11,25.8,69.0
2025-05-19,1200 UTC,25.8,66.0,19,5,12,27.9,56.0
2025-05-19,1300 UTC,25.8,69.0,19,5,13,26.9,57.0
2025-05-19,1400 UTC,27.9,56.0,19,5,14,29.5,47.0
2025-05-19,1500 UTC,26.9,57.0,19,5,15,25.3,76.0
2025-05-19,1600 UTC,29.5,47.0,19,5,16,22.8,88.0
2025-05-19,1700 UTC,25.3,76.0,19,5,17,23.6,83.0
2025-05-19,1800 UTC,22.8,88.0,19,5,18,22.6,85.0
2025-05-19,1900 UTC,23.6,83.0,19,5,19,22.0,90.0
2025-05-19,2000 UTC,22.6,85.0,19,5,20,21.7,92.0
2025-05-19,2100 UTC,22.0,90.0,19,5,21,21.9,91.0
2025-05-19,2200 UTC,21.7,92.0,19,5,22,22.0,90.0
2025-05-19,2300 UTC,21.9,91.0,19,5,23,21.3,90.0
2025-05-20,0000 UTC,22.0,90.0,20,5,0,21.3,92.0
2025-05-20,0100 UTC,21.3,90.0,20,5,1,21.1,92.0
2025-05-20,0200 UTC,21.3,92.0,20,5,2,21.0,91.0
2025-05-20,0300 UTC,21.1,92.0,20,5,3,20.8,90.0
2025-05-20,0400 UTC,21.0,91.0,20,5,4,20.8,91.0
2025-05-20,0500 UTC,20.8,90.0,20,5,5,20.5,92.0
2025-05-20,0600 UTC,20.8,91.0,20,5,6,20.6,93.0
2025-05-20,0700 UTC,20.5,92.0,20,5,7,20.6,93.0
2025-05-20,0800 UTC,20.6,93.0,20,5,8,22.8,88.0
2025-05-20,0900 UTC,20.6,93.0,20,5,9,24.5,72.0
2025-05-20,1000 UTC,22.8,88.0,20,5,10,24.5,71.0
2025-05-20,1100 UTC,24.5,72.0,20,5,11,25.0,71.0
2025-05-20,1200 UTC,24.5,71.0,20,5,12,27.7,59.0
2025-05-20,1300 UTC,25.0,71.0,20,5,13,27.2,58.0
2025-05-20,1400 UTC,27.7,59.0,20,5,14,27.6,54.0
2025-05-20,1500 UTC,27.2,58.0,20,5,15,29.4,50.0
2025-05-20,1600 UTC,27.6,54.0,20,5,16,22.9,91.0
2025-05-20,1700 UTC,29.4,50.0,20,5,17,23.1,83.0
2025-05-20,1800 UTC,22.9,91.0,20,5,18,23.3,86.0
2025-05-20,1900 UTC,23.1,83.0,20,5,19,23.0,87.0
2025-05-20,2000 UTC,23.3,86.0,20,5,20,22.1,89.0
2025-05-20,2100 UTC,23.0,87.0,20,5,21,22.0,91.0
2025-05-20,2200 UTC,22.1,89.0,20,5,22,22.1,91.0
2025-05-20,2300 UTC,22.0,91.0,20,5,23,22.1,91.0
2025-05-21,0000 UTC,22.1,91.0,21,5,0,22.0,91.0
2025-05-21,0100 UTC,22.1,91.0,21,5,1,21.9,91.0
2025-05-21,0200 UTC,22.0,91.0,21,5,2,21.7,92.0
2025-05-21,0300 UTC,21.9,91.0,21,5,3,21.5,92.0
2025-05-21,0400 UTC,21.7,92.0,21,5,4,21.4,92.0
2025-05-21,0500 UTC,21.5,92.0,21,5,5,21.2,92.0
2025-05-21,0600 UTC,21.4,92.0,21,5,6,21.2,92.0
2025-05-21,0700 UTC,21.2,92.0,21,5,7,21.0,91.0
2025-05-21,0800 UTC,21.2,92.0,21,5,8,21.1,92.0
2025-05-21,0900 UTC,21.0,91.0,21,5,9,21.8,90.0
2025-05-21,1000 UTC,21.1,92.0,21,5,10,22.6,88.0
2025-05-21,1100 UTC,21.8,90.0,21,5,11,22.0,87.0
2025-05-21,1200 UTC,22.6,88.0,21,5,12,22.0,88.0
2025-05-21,1300 UTC,22.0,87.0,21,5,13,23.0,87.0
2025-05-21,1400 UTC,22.0,88.0,21,5,14,23.8,81.0
2025-05-21,1500 UTC,23.0,87.0,21,5,15,22.5,87.0
2025-05-21,1600 UTC,23.8,81.0,21,5,16,22.3,85.0
2025-05-21,1700 UTC,22.5,87.0,21,5,17,22.6,81.0
2025-05-21,1800 UTC,22.3,85.0,21,5,18,22.5,83.0
2025-05-21,1900 UTC,22.6,81.0,21,5,19,22.3,86.0
2025-05-21,2000 UTC,22.5,83.0,21,5,20,22.3,86.0
2025-05-21,2100 UTC,22.3,86.0,21,5,21,22.2,88.0
2025-05-21,2200 UTC,22.3,86.0,21,5,22,22.2,88.0
2025-05-21,2300 UTC,22.2,88.0,21,5,23,21.8,90.0
2025-05-22,0000 UTC,22.2,88.0,22,5,0,21.7,91.0
2025-05-22,0100 UTC,21.8,90.0,22,5,1,21.3,90.0
2025-05-22,0200 UTC,21.7,91.0,22,5,2,20.9,90.0
2025-05-22,0300 UTC,21.3,90.0,22,5,3,20.8,91.0
2025-05-22,0400 UTC,20.9,90.0,22,5,4,20.7,91.0
2025-05-22,0500 UTC,20.8,91.0,22,5,5,20.9,92.0
2025-05-22,0600 UTC,20.7,91.0,22,5,6,20.8,92.0
2025-05-22,0700 UTC,20.9,92.0,22,5,7,20.7,92.0
2025-05-22,0800 UTC,20.8,92.0,22,5,8,21.7,90.0
2025-05-22,0900 UTC,20.7,92.0,22,5,9,22.8,82.0
2025-05-22,1000 UTC,21.7,90.0,22,5,10,23.9,82.0
2025-05-22,1100 UTC,22.8,82.0,22,5,11,25.8,65.0
2025-05-22,1200 UTC,23.9,82.0,22,5,12,27.5,57.0
2025-05-22,1300 UTC,25.8,65.0,22,5,13,28.9,48.0
2025-05-22,1400 UTC,27.5,57.0,22,5,14,28.3,50.0
2025-05-22,1500 UTC,28.9,48.0,22,5,15,29.3,45.0
2025-05-22,1600 UTC,28.3,50.0,22,5,16,29.0,50.0
2025-05-22,1700 UTC,29.3,45.0,22,5,17,28.7,50.0
2025-05-22,1800 UTC,29.0,50.0,22,5,18,27.7,54.0
2025-05-22,1900 UTC,28.7,50.0,22,5,19,26.6,61.0
2025-05-22,2000 UTC,27.7,54.0,22,5,20,25.1,69.0
2025-05-22,2100 UTC,26.6,61.0,22,5,21,24.6,74.0
2025-05-22,2200 UTC,25.1,69.0,22,5,22,24.0,76.0
2025-05-22,2300 UTC,24.6,74.0,22,5,23,23.3,78.0
2025-05-23,0000 UTC,24.0,76.0,23,5,0,23.0,79.0
2025-05-23,0100 UTC,23.3,78.0,23,5,1,22.7,81.0
2025-05-23,0200 UTC,23.0,79.0,23,5,2,21.6,89.0
2025-05-23,0300 UTC,22.7,81.0,23,5,3,21.7,91.0
2025-05-23,0400 UTC,21.6,89.0,23,5,4,21.8,90.0
2025-05-23,0500 UTC,21.7,91.0,23,5,5,21.4,89.0
2025-05-23,0600 UTC,21.8,90.0,23,5,6,21.0,89.0
2025-05-23,0700 UTC,21.4,89.0,23,5,7,21.1,89.0
2025-05-23,0800 UTC,21.0,89.0,23,5,8,22.5,85.0
2025-05-23,0900 UTC,21.1,89.0,23,5,9,24.1,71.0
2025-05-23,1000 UTC,22.5,85.0,23,5,10,24.8,70.0
2025-05-23,1100 UTC,24.1,71.0,23,5,11,25.7,65.0
2025-05-23,1200 UTC,24.8,70.0,23,5,12,27.4,57.0
2025-05-23,1300 UTC,25.7,65.0,23,5,13,27.3,55.0
2025-05-23,1400 UTC,27.4,57.0,23,5,14,27.8,55.0
2025-05-23,1500 UTC,27.3,55.0,23,5,15,28.8,48.0
2025-05-23,1600 UTC,27.8,55.0,23,5,16,29.3,49.0
2025-05-23,1700 UTC,28.8,48.0,23,5,17,28.7,50.0
2025-05-23,1800 UTC,29.3,49.0,23,5,18,25.8,68.0
2025-05-23,1900 UTC,28.7,50.0,23,5,19,24.4,72.0
2025-05-23,2000 UTC,25.8,68.0,23,5,20,24.3,75.0
2025-05-23,2100 UTC,24.4,72.0,23,5,21,23.9,77.0
2025-05-23,2200 UTC,24.3,75.0,23,5,22,23.2,83.0
2025-05-23,2300 UTC,23.9,77.0,23,5,23,23.0,83.0
2025-05-24,0000 UTC,23.2,83.0,24,5,0,22.5,85.0
2025-05-24,0100 UTC,23.0,83.0,24,5,1,22.3,85.0
2025-05-24,0200 UTC,22.5,85.0,24,5,2,21.9,88.0
2025-05-24,0300 UTC,22.3,85.0,24,5,3,21.7,89.0
2025-05-24,0400 UTC,21.9,88.0,24,5,4,21.4,91.0
2025-05-24,0500 UTC,21.7,89.0,24,5,5,20.5,91.0
2025-05-24,0600 UTC,21.4,91.0,24,5,6,19.7,90.0
2025-05-24,0700 UTC,20.5,91.0,24,5,7,19.7,89.0
2025-05-24,0800 UTC,19.7,90.0,24,5,8,22.3,76.0
2025-05-24,0900 UTC,19.7,89.0,24,5,9,23.8,68.0
2025-05-24,1000 UTC,22.3,76.0,24,5,10,25.4,63.0
2025-05-24,1100 UTC,23.8,68.0,24,5,11,26.2,58.0
2025-05-24,1200 UTC,25.4,63.0,24,5,12,27.3,52.0
2025-05-24,1300 UTC,26.2,58.0,24,5,13,28.6,47.0
2025-05-24,1400 UTC,27.3,52.0,24,5,14,29.3,45.0
2025-05-24,1500 UTC,28.6,47.0,24,5,15,29.0,47.0
2025-05-24,1600 UTC,29.3,45.0,24,5,16,29.7,43.0
2025-05-24,1700 UTC,29.0,47.0,24,5,17,29.1,45.0
2025-05-24,1800 UTC,29.7,43.0,24,5,18,28.4,49.0
2025-05-24,1900 UTC,29.1,45.0,24,5,19,24.8,77.0
2025-05-24,2000 UTC,28.4,49.0,24,5,20,23.8,84.0
2025-05-24,2100 UTC,24.8,77.0,24,5,21,22.9,86.0
2025-05-24,2200 UTC,23.8,84.0,24,5,22,22.7,88.0
2025-05-24,2300 UTC,22.9,86.0,24,5,23,22.1,91.0
2025-05-25,0000 UTC,22.7,88.0,25,5,0,21.6,89.0
2025-05-25,0100 UTC,22.1,91.0,25,5,1,21.4,90.0
2025-05-25,0200 UTC,21.6,89.0,25,5,2,21.5,89.0
2025-05-25,0300 UTC,21.4,90.0,25,5,3,21.4,88.0
2025-05-25,0400 UTC,21.5,89.0,25,5,4,21.2,89.0
2025-05-25,0500 UTC,21.4,88.0,25,5,5,21.0,90.0
2025-05-25,0600 UTC,21.2,89.0,25,5,6,20.7,91.0
2025-05-25,0700 UTC,21.0,90.0,25,5,7,20.7,90.0
2025-05-25,0800 UTC,20.7,91.0,25,5,8,21.6,86.0
2025-05-25,0900 UTC,20.7,90.0,25,5,9,23.0,74.0
2025-05-25,1000 UTC,21.6,86.0,25,5,10,23.8,70.0
2025-05-25,1100 UTC,23.0,74.0,25,5,11,22.4,82.0
2025-05-25,1200 UTC,23.8,70.0,25,5,12,24.7,69.0
2025-05-25,1300 UTC,22.4,82.0,25,5,13,26.1,60.0
2025-05-25,1400 UTC,24.7,69.0,25,5,14,26.8,54.0
2025-05-25,1500 UTC,26.1,60.0,25,5,15,27.5,47.0
2025-05-25,1600 UTC,26.8,54.0,25,5,16,28.4,42.0
2025-05-25,1700 UTC,27.5,47.0,25,5,17,27.8,40.0
2025-05-25,1800 UTC,28.4,42.0,25,5,18,26.8,43.0
2025-05-25,1900 UTC,27.8,40.0,25,5,19,24.8,53.0
2025-05-25,2000 UTC,26.8,43.0,25,5,20,23.0,61.0
2025-05-25,2100 UTC,24.8,53.0,25,5,21,22.0,67.0
2025-05-25,2200 UTC,23.0,61.0,25,5,22,21.2,71.0
2025-05-25,2300 UTC,22.0,67.0,25,5,23,20.4,78.0
2025-05-26,0000 UTC,21.2,71.0,26,5,0,20.1,82.0
2025-05-26,0100 UTC,20.4,78.0,26,5,1,19.4,83.0
2025-05-26,0200 UTC,20.1,82.0,26,5,2,18.9,87.0
2025-05-26,0300 UTC,19.4,83.0,26,5,3,19.2,86.0
2025-05-26,0400 UTC,18.9,87.0,26,5,4,20.1,86.0
2025-05-26,0500 UTC,19.2,86.0,26,5,5,19.6,87.0
2025-05-26,0600 UTC,20.1,86.0,26,5,6,19.1,87.0
2025-05-26,0700 UTC,19.6,87.0,26,5,7,19.0,86.0
2025-05-26,0800 UTC,19.1,87.0,26,5,8,20.5,80.0
2025-05-26,0900 UTC,19.0,86.0,26,5,9,23.1,69.0
2025-05-26,1000 UTC,20.5,80.0,26,5,10,24.3,63.0
2025-05-26,1100 UTC,23.1,69.0,26,5,11,24.8,60.0
2025-05-26,1200 UTC,24.3,63.0,26,5,12,25.5,58.0
2025-05-26,1300 UTC,24.8,60.0,26,5,13,27.9,45.0
2025-05-26,1400 UTC,25.5,58.0,26,5,14,28.6,39.0
2025-05-26,1500 UTC,27.9,45.0,26,5,15,29.0,39.0
2025-05-26,1600 UTC,28.6,39.0,26,5,16,28.5,41.0
2025-05-26,1700 UTC,29.0,39.0,26,5,17,27.5,47.0
2025-05-26,1800 UTC,28.5,41.0,26,5,18,27.0,49.0
2025-05-26,1900 UTC,27.5,47.0,26,5,19,25.7,57.0
2025-05-26,2000 UTC,27.0,49.0,26,5,20,23.9,68.0
2025-05-26,2100 UTC,25.7,57.0,26,5,21,22.7,72.0
2025-05-26,2200 UTC,23.9,68.0,26,5,22,21.6,77.0
2025-05-26,2300 UTC,22.7,72.0,26,5,23,21.1,79.0
2025-05-27,0000 UTC,21.6,77.0,27,5,0,20.6,82.0
2025-05-27,0100 UTC,21.1,79.0,27,5,1,19.7,84.0
2025-05-27,0200 UTC,20.6,82.0,27,5,2,19.5,84.0
2025-05-27,0300 UTC,19.7,84.0,27,5,3,18.7,86.0
2025-05-27,0400 UTC,19.5,84.0,27,5,4,18.6,86.0
2025-05-27,0500 UTC,18.7,86.0,27,5,5,18.8,86.0
2025-05-27,0600 UTC,18.6,86.0,27,5,6,18.5,87.0
2025-05-27,0700 UTC,18.8,86.0,27,5,7,19.6,86.0
2025-05-27,0800 UTC,18.5,87.0,27,5,8,21.6,79.0
2025-05-27,0900 UTC,19.6,86.0,27,5,9,23.2,70.0
2025-05-27,1000 UTC,21.6,79.0,27,5,10,24.3,67.0
2025-05-27,1100 UTC,23.2,70.0,27,5,11,25.2,63.0
2025-05-27,1200 UTC,24.3,67.0,27,5,12,26.3,60.0
2025-05-27,1300 UTC,25.2,63.0,27,5,13,27.3,55.0
2025-05-27,1400 UTC,26.3,60.0,27,5,14,28.0,53.0
2025-05-27,1500 UTC,27.3,55.0,27,5,15,28.3,49.0
2025-05-27,1600 UTC,28.0,53.0,27,5,16,28.2,54.0
2025-05-27,1700 UTC,28.3,49.0,27,5,17,27.3,57.0
2025-05-27,1800 UTC,28.2,54.0,27,5,18,27.0,59.0
2025-05-27,1900 UTC,27.3,57.0,27,5,19,24.7,70.0
2025-05-27,2000 UTC,27.0,59.0,27,5,20,23.2,77.0
2025-05-27,2100 UTC,24.7,70.0,27,5,21,23.2,76.0
2025-05-27,2200 UTC,23.2,77.0,27,5,22,22.2,80.0
2025-05-27,2300 UTC,23.2,76.0,27,5,23,21.8,83.0
2025-05-28,0000 UTC,22.2,80.0,28,5,0,21.6,85.0
2025-05-28,0100 UTC,21.8,83.0,28,5,1,21.6,84.0
2025-05-28,0200 UTC,21.6,85.0,28,5,2,21.1,83.0
2025-05-28,0300 UTC,21.6,84.0,28,5,3,20.9,84.0
2025-05-28,0400 UTC,21.1,83.0,28,5,4,20.8,84.0
2025-05-28,0500 UTC,20.9,84.0,28,5,5,20.9,84.0
2025-05-28,0600 UTC,20.8,84.0,28,5,6,21.1,84.0
2025-05-28,0700 UTC,20.9,84.0,28,5,7,21.2,83.0
2025-05-28,0800 UTC,21.1,84.0,28,5,8,22.8,76.0
2025-05-28,0900 UTC,21.2,83.0,28,5,9,23.4,73.0
2025-05-28,1000 UTC,22.8,76.0,28,5,10,24.4,71.0
2025-05-28,1100 UTC,23.4,73.0,28,5,11,26.4,61.0
2025-05-28,1200 UTC,24.4,71.0,28,5,12,27.8,52.0
2025-05-28,1300 UTC,26.4,61.0,28,5,13,29.3,47.0
2025-05-28,1400 UTC,27.8,52.0,28,5,14,29.7,42.0
2025-05-28,1500 UTC,29.3,47.0,28,5,15,29.7,41.0
2025-05-28,1600 UTC,29.7,42.0,28,5,16,29.7,40.0
2025-05-28,1700 UTC,29.7,41.0,28,5,17,29.6,42.0
2025-05-28,1800 UTC,29.7,40.0,28,5,18,27.9,42.0
2025-05-28,1900 UTC,29.6,42.0,28,5,19,25.9,50.0
2025-05-28,2000 UTC,27.9,42.0,28,5,20,24.4,55.0
2025-05-28,2100 UTC,25.9,50.0,28,5,21,23.7,65.0
2025-05-28,2200 UTC,24.4,55.0,28,5,22,22.8,70.0
2025-05-28,2300 UTC,23.7,65.0,28,5,23,22.0,72.0
2025-05-29,0000 UTC,22.8,70.0,29,5,0,21.3,75.0
2025-05-29,0100 UTC,22.0,72.0,29,5,1,20.5,79.0
2025-05-29,0200 UTC,21.3,75.0,29,5,2,19.8,82.0
2025-05-29,0300 UTC,20.5,79.0,29,5,3,19.2,84.0
2025-05-29,0400 UTC,19.8,82.0,29,5,4,17.9,86.0
2025-05-29,0500 UTC,19.2,84.0,29,5,5,17.7,88.0
2025-05-29,0600 UTC,17.9,86.0,29,5,6,17.3,88.0
2025-05-29,0700 UTC,17.7,88.0,29,5,7,17.5,88.0
2025-05-29,0800 UTC,17.3,88.0,29,5,8,21.2,76.0
2025-05-29,0900 UTC,17.5,88.0,29,5,9,23.6,70.0
2025-05-29,1000 UTC,21.2,76.0,29,5,10,24.9,58.0
2025-05-29,1100 UTC,23.6,70.0,29,5,11,26.6,53.0
2025-05-29,1200 UTC,24.9,58.0,29,5,12,27.4,47.0
2025-05-29,1300 UTC,26.6,53.0,29,5,13,28.2,43.0
2025-05-29,1400 UTC,27.4,47.0,29,5,14,28.7,40.0
2025-05-29,1500 UTC,28.2,43.0,29,5,15,29.5,38.0
2025-05-29,1600 UTC,28.7,40.0,29,5,16,29.6,35.0
2025-05-29,1700 UTC,29.5,38.0,29,5,17,29.0,38.0
2025-05-29,1800 UTC,29.6,35.0,29,5,18,28.3,40.0
2025-05-29,1900 UTC,29.0,38.0,29,5,19,26.5,47.0
2025-05-29,2000 UTC,28.3,40.0,29,5,20,25.2,55.0
2025-05-29,2100 UTC,26.5,47.0,29,5,21,24.1,72.0
2025-05-29,2200 UTC,25.2,55.0,29,5,22,23.4,74.0
2025-05-29,2300 UTC,24.1,72.0,29,5,23,22.6,79.0
2025-05-30,0000 UTC,23.4,74.0,30,5,0,21.9,82.0
2025-05-30,0100 UTC,22.6,79.0,30,5,1,21.3,82.0
2025-05-30,0200 UTC,21.9,82.0,30,5,2,21.0,82.0
2025-05-30,0300 UTC,21.3,82.0,30,5,3,20.5,85.0
2025-05-30,0400 UTC,21.0,82.0,30,5,4,19.3,88.0
2025-05-30,0500 UTC,20.5,85.0,30,5,5,18.9,90.0
2025-05-30,0600 UTC,19.3,88.0,30,5,6,18.4,91.0
2025-05-30,0700 UTC,18.9,90.0,30,5,7,17.5,90.0
2025-05-30,0800 UTC,18.4,91.0,30,5,8,19.3,90.0
2025-05-30,0900 UTC,17.5,90.0,30,5,9,23.3,68.0
2025-05-30,1000 UTC,19.3,90.0,30,5,10,25.0,59.0
2025-05-30,1100 UTC,23.3,68.0,30,5,11,27.4,52.0
2025-05-30,1200 UTC,25.0,59.0,30,5,12,28.5,48.0
2025-05-30,1300 UTC,27.4,52.0,30,5,13,29.3,45.0
2025-05-30,1400 UTC,28.5,48.0,30,5,14,30.0,42.0
2025-10-04,2000 UTC,28.8,33.0,4,10,20,25.6,44.0
2025-10-04,2100 UTC,27.2,37.0,4,10,21,24.2,52.0
2025-10-04,2200 UTC,25.6,44.0,4,10,22,23.1,54.0
2025-10-04,2300 UTC,24.2,52.0,4,10,23,21.9,54.0
2025-10-05,0000 UTC,23.1,54.0,5,10,0,21.2,57.0
2025-10-05,0100 UTC,21.9,54.0,5,10,1,20.2,63.0
2025-10-05,0200 UTC,21.2,57.0,5,10,2,19.5,70.0
2025-10-05,0300 UTC,20.2,63.0,5,10,3,18.6,76.0
2025-10-05,0400 UTC,19.5,70.0,5,10,4,17.9,79.0
2025-10-05,0500 UTC,18.6,76.0,5,10,5,17.2,82.0
2025-10-05,0600 UTC,17.9,79.0,5,10,6,17.0,83.0
2025-10-05,0700 UTC,17.2,82.0,5,10,7,18.1,82.0
2025-10-05,0800 UTC,17.0,83.0,5,10,8,21.9,65.0
2025-10-05,0900 UTC,18.1,82.0,5,10,9,24.2,58.0
2025-10-05,1000 UTC,21.9,65.0,5,10,10,25.7,51.0
2025-10-05,1100 UTC,24.2,58.0,5,10,11,26.6,47.0
2025-10-05,1200 UTC,25.7,51.0,5,10,12,27.6,43.0
2025-10-05,1300 UTC,26.6,47.0,5,10,13,28.7,38.0
2025-10-05,1400 UTC,27.6,43.0,5,10,14,30.3,33.0
2025-10-05,1500 UTC,28.7,38.0,5,10,15,30.7,31.0
2025-10-05,1600 UTC,30.3,33.0,5,10,16,30.9,30.0
2025-10-05,1700 UTC,30.7,31.0,5,10,17,30.1,34.0
2025-10-05,1800 UTC,30.9,30.0,5,10,18,27.3,46.0
2025-10-05,1900 UTC,30.1,34.0,5,10,19,26.1,50.0
2025-10-05,2000 UTC,27.3,46.0,5,10,20,24.6,56.0
2025-10-05,2100 UTC,26.1,50.0,5,10,21,23.2,62.0
2025-10-05,2200 UTC,24.6,56.0,5,10,22,22.1,66.0
2025-10-05,2300 UTC,23.2,62.0,5,10,23,21.4,67.0
2025-10-06,0000 UTC,22.1,66.0,6,10,0,20.4,70.0
2025-10-06,0100 UTC,21.4,67.0,6,10,1,19.3,75.0
2025-10-06,0200 UTC,20.4,70.0,6,10,2,18.4,79.0
2025-10-06,0300 UTC,19.3,75.0,6,10,3,17.2,80.0
2025-10-06,0400 UTC,18.4,79.0,6,10,4,17.2,80.0
2025-10-06,0500 UTC,17.2,80.0,6,10,5,18.5,81.0
2025-10-06,0600 UTC,17.2,80.0,6,10,6,17.7,83.0
2025-10-06,0700 UTC,18.5,81.0,6,10,7,18.3,83.0
2025-10-06,0800 UTC,17.7,83.0,6,10,8,21.9,64.0
2025-10-06,0900 UTC,18.3,83.0,6,10,9,24.8,49.0
2025-10-06,1000 UTC,21.9,64.0,6,10,10,27.0,38.0
2025-10-06,1100 UTC,24.8,49.0,6,10,11,27.9,34.0
2025-10-06,1200 UTC,27.0,38.0,6,10,12,28.6,33.0
2025-10-06,1300 UTC,27.9,34.0,6,10,13,29.4,30.0
2025-10-06,1400 UTC,28.6,33.0,6,10,14,30.4,26.0
2025-10-06,1500 UTC,29.4,30.0,6,10,15,30.9,27.0
2025-10-06,1600 UTC,30.4,26.0,6,10,16,31.8,29.0
2025-10-06,1700 UTC,30.9,27.0,6,10,17,30.0,32.0
2025-10-06,1800 UTC,31.8,29.0,6,10,18,29.0,32.0
2025-10-06,1900 UTC,30.0,32.0,6,10,19,27.6,36.0
2025-10-06,2000 UTC,29.0,32.0,6,10,20,25.7,47.0
2025-10-06,2100 UTC,27.6,36.0,6,10,21,24.5,52.0
2025-10-06,2200 UTC,25.7,47.0,6,10,22,23.6,57.0
2025-10-06,2300 UTC,24.5,52.0,6,10,23,22.5,62.0
2025-10-07,0000 UTC,23.6,57.0,7,10,0,21.6,69.0
2025-10-07,0100 UTC,22.5,62.0,7,10,1,20.5,72.0
2025-10-07,0200 UTC,21.6,69.0,7,10,2,19.9,74.0
2025-10-07,0300 UTC,20.5,72.0,7,10,3,19.6,77.0
2025-10-07,0400 UTC,19.9,74.0,7,10,4,19.8,78.0
2025-10-07,0500 UTC,19.6,77.0,7,10,5,19.2,81.0
2025-10-07,0600 UTC,19.8,78.0,7,10,6,18.6,82.0
2025-10-07,0700 UTC,19.2,81.0,7,10,7,19.8,79.0
2025-10-07,0800 UTC,18.6,82.0,7,10,8,22.0,66.0
2025-10-07,0900 UTC,19.8,79.0,7,10,9,24.5,55.0
2025-10-07,1000 UTC,22.0,66.0,7,10,10,26.2,45.0
2025-10-07,1100 UTC,24.5,55.0,7,10,11,27.7,38.0
2025-10-07,1200 UTC,26.2,45.0,7,10,12,29.2,32.0
2025-10-07,1300 UTC,27.7,38.0,7,10,13,30.5,30.0
2025-10-07,1400 UTC,29.2,32.0,7,10,14,31.2,27.0
2025-10-07,1500 UTC,30.5,30.0,7,10,15,32.6,24.0
2025-10-07,1600 UTC,31.2,27.0,7,10,16,33.0,24.0
2025-10-07,1700 UTC,32.6,24.0,7,10,17,32.3,25.0
2025-10-07,1800 UTC,33.0,24.0,7,10,18,31.4,26.0
2025-10-07,1900 UTC,32.3,25.0,7,10,19,29.8,30.0
2025-10-07,2000 UTC,31.4,26.0,7,10,20,27.7,42.0
2025-10-07,2100 UTC,29.8,30.0,7,10,21,25.5,53.0
2025-10-07,2200 UTC,27.7,42.0,7,10,22,24.0,60.0
2025-10-07,2300 UTC,25.5,53.0,7,10,23,22.8,65.0
2025-10-08,0000 UTC,24.0,60.0,8,10,0,22.0,69.0
2025-10-08,0100 UTC,22.8,65.0,8,10,1,21.1,71.0
2025-10-08,0200 UTC,22.0,69.0,8,10,2,20.5,73.0
2025-10-08,0300 UTC,21.1,71.0,8,10,3,19.6,75.0
2025-10-08,0400 UTC,20.5,73.0,8,10,4,19.0,75.0
2025-10-08,0500 UTC,19.6,75.0,8,10,5,18.6,76.0
2025-10-08,0600 UTC,19.0,75.0,8,10,6,18.2,79.0
2025-10-08,0700 UTC,18.6,76.0,8,10,7,19.4,76.0
2025-10-08,0800 UTC,18.2,79.0,8,10,8,21.8,64.0
2025-10-08,0900 UTC,19.4,76.0,8,10,9,24.0,52.0
2025-10-08,1000 UTC,21.8,64.0,8,10,10,25.5,46.0
2025-10-08,1100 UTC,24.0,52.0,8,10,11,27.4,35.0
2025-10-08,1200 UTC,25.5,46.0,8,10,12,29.1,32.0
2025-10-08,1300 UTC,27.4,35.0,8,10,13,30.2,29.0
2025-10-08,1400 UTC,29.1,32.0,8,10,14,30.6,28.0
2025-10-08,1500 UTC,30.2,29.0,8,10,15,32.5,25.0
2025-10-08,1600 UTC,30.6,28.0,8,10,16,31.8,25.0
2025-10-08,1700 UTC,32.5,25.0,8,10,17,32.5,26.0
2025-10-08,1800 UTC,31.8,25.0,8,10,18,31.3,28.0
2025-10-08,1900 UTC,32.5,26.0,8,10,19,29.1,36.0
2025-10-08,2000 UTC,31.3,28.0,8,10,20,27.3,47.0
2025-10-08,2100 UTC,29.1,36.0,8,10,21,25.4,58.0
2025-10-08,2200 UTC,27.3,47.0,8,10,22,23.9,66.0
2025-10-08,2300 UTC,25.4,58.0,8,10,23,23.3,69.0
2025-10-09,0000 UTC,23.9,66.0,9,10,0,22.5,70.0
2025-10-09,0100 UTC,23.3,69.0,9,10,1,21.7,76.0
2025-10-09,0200 UTC,22.5,70.0,9,10,2,21.3,78.0
2025-10-09,0300 UTC,21.7,76.0,9,10,3,21.1,79.0
2025-10-09,0400 UTC,21.3,78.0,9,10,4,20.7,80.0
2025-10-09,0500 UTC,21.1,79.0,9,10,5,20.4,82.0
2025-10-09,0600 UTC,20.7,80.0,9,10,6,20.0,84.0
2025-10-09,0700 UTC,20.4,82.0,9,10,7,21.1,81.0
2025-10-09,0800 UTC,20.0,84.0,9,10,8,22.7,71.0
2025-10-09,0900 UTC,21.1,81.0,9,10,9,24.1,62.0
2025-10-09,1000 UTC,22.7,71.0,9,10,10,26.1,54.0
2025-10-09,1100 UTC,24.1,62.0,9,10,11,27.4,48.0
2025-10-09,1200 UTC,26.1,54.0,9,10,12,29.1,40.0
2025-10-09,1300 UTC,27.4,48.0,9,10,13,30.9,33.0
2025-10-09,1400 UTC,29.1,40.0,9,10,14,32.6,28.0
2025-10-09,1500 UTC,30.9,33.0,9,10,15,33.1,26.0
2025-10-09,1600 UTC,32.6,28.0,9,10,16,31.8,27.0
2025-10-09,1700 UTC,33.1,26.0,9,10,17,31.9,26.0
2025-10-09,1800 UTC,31.8,27.0,9,10,18,31.1,29.0
2025-10-09,1900 UTC,31.9,26.0,9,10,19,27.9,46.0
2025-10-09,2000 UTC,31.1,29.0,9,10,20,25.8,55.0
2025-10-09,2100 UTC,27.9,46.0,9,10,21,24.4,61.0
2025-10-09,2200 UTC,25.8,55.0,9,10,22,23.6,65.0
2025-10-09,2300 UTC,24.4,61.0,9,10,23,22.5,66.0
2025-10-10,0000 UTC,23.6,65.0,10,10,0,22.1,68.0
2025-10-10,0100 UTC,22.5,66.0,10,10,1,21.5,71.0
2025-10-10,0200 UTC,22.1,68.0,10,10,2,21.5,71.0
2025-10-10,0300 UTC,21.5,71.0,10,10,3,20.7,72.0
2025-10-10,0400 UTC,21.5,71.0,10,10,4,19.7,75.0
2025-10-10,0500 UTC,20.7,72.0,10,10,5,18.4,79.0
2025-10-10,0600 UTC,19.7,75.0,10,10,6,17.1,79.0
2025-10-10,0700 UTC,18.4,79.0,10,10,7,20.3,73.0
2025-10-10,0800 UTC,17.1,79.0,10,10,8,22.8,63.0
2025-10-10,0900 UTC,20.3,73.0,10,10,9,25.0,54.0
2025-10-10,1000 UTC,22.8,63.0,10,10,10,26.6,46.0
2025-10-10,1100 UTC,25.0,54.0,10,10,11,27.4,39.0
2025-10-10,1200 UTC,26.6,46.0,10,10,12,29.8,33.0
2025-10-10,1300 UTC,27.4,39.0,10,10,13,31.1,31.0
2025-10-10,1400 UTC,29.8,33.0,10,10,14,31.6,29.0
2025-10-10,1500 UTC,31.1,31.0,10,10,15,31.9,26.0
2025-10-10,1600 UTC,31.6,29.0,10,10,16,31.7,27.0
2025-10-10,1700 UTC,31.9,26.0,10,10,17,30.6,29.0
2025-10-10,1800 UTC,31.7,27.0,10,10,18,30.1,31.0
2025-10-10,1900 UTC,30.6,29.0,10,10,19,28.6,36.0
2025-10-10,2000 UTC,30.1,31.0,10,10,20,26.6,46.0
2025-10-10,2100 UTC,28.6,36.0,10,10,21,25.1,53.0
2025-10-10,2200 UTC,26.6,46.0,10,10,22,23.7,61.0
2025-10-10,2300 UTC,25.1,53.0,10,10,23,22.7,64.0
2025-10-11,0000 UTC,23.7,61.0,11,10,0,21.9,66.0
2025-10-11,0100 UTC,22.7,64.0,11,10,1,21.0,69.0
2025-10-11,0200 UTC,21.9,66.0,11,10,2,20.5,71.0
2025-10-11,0300 UTC,21.0,69.0,11,10,3,19.4,74.0
2025-10-11,0400 UTC,20.5,71.0,11,10,4,18.8,76.0
2025-10-11,0500 UTC,19.4,74.0,11,10,5,17.2,81.0
2025-10-11,0600 UTC,18.8,76.0,11,10,6,17.2,81.0
2025-10-11,0700 UTC,17.2,81.0,11,10,7,17.4,80.0
2025-10-11,0800 UTC,17.2,81.0,11,10,8,22.3,67.0
2025-10-11,0900 UTC,17.4,80.0,11,10,9,24.7,49.0
2025-10-11,1000 UTC,22.3,67.0,11,10,10,26.7,44.0
2025-10-11,1100 UTC,24.7,49.0,11,10,11,28.6,37.0
2025-10-11,1200 UTC,26.7,44.0,11,10,12,29.4,34.0
2025-10-11,1300 UTC,28.6,37.0,11,10,13,29.2,33.0
2025-10-11,1400 UTC,29.4,34.0,11,10,14,30.3,28.0
2025-10-11,1500 UTC,29.2,33.0,11,10,15,31.9,26.0
2025-10-11,1600 UTC,30.3,28.0,11,10,16,31.6,25.0
2025-10-11,1700 UTC,31.9,26.0,11,10,17,30.9,26.0
2025-10-11,1800 UTC,31.6,25.0,11,10,18,30.9,27.0
2025-10-11,1900 UTC,30.9,26.0,11,10,19,29.2,32.0
2025-10-11,2000 UTC,30.9,27.0,11,10,20,27.2,40.0
2025-10-11,2100 UTC,29.2,32.0,11,10,21,26.1,40.0
2025-10-11,2200 UTC,27.2,40.0,11,10,22,24.6,48.0
2025-10-11,2300 UTC,26.1,40.0,11,10,23,23.5,62.0
2025-10-12,0000 UTC,24.6,48.0,12,10,0,22.3,69.0
2025-10-12,0100 UTC,23.5,62.0,12,10,1,21.3,73.0
2025-10-12,0200 UTC,22.3,69.0,12,10,2,19.8,78.0
2025-10-12,0300 UTC,21.3,73.0,12,10,3,19.8,80.0
2025-10-12,0400 UTC,19.8,78.0,12,10,4,19.2,83.0
2025-10-12,0500 UTC,19.8,80.0,12,10,5,18.5,84.0
2025-10-12,0600 UTC,19.2,83.0,12,10,6,17.5,84.0
2025-10-12,0700 UTC,18.5,84.0,12,10,7,18.6,83.0
2025-10-12,0800 UTC,17.5,84.0,12,10,8,21.9,71.0
2025-10-12,0900 UTC,18.6,83.0,12,10,9,23.9,62.0
2025-10-12,1000 UTC,21.9,71.0,12,10,10,25.1,57.0
2025-10-12,1100 UTC,23.9,62.0,12,10,11,28.1,42.0
2025-10-12,1200 UTC,25.1,57.0,12,10,12,30.4,31.0
2025-10-12,1300 UTC,28.1,42.0,12,10,13,31.8,28.0
2025-10-12,1400 UTC,30.4,31.0,12,10,14,32.4,26.0
2025-10-12,1500 UTC,31.8,28.0,12,10,15,32.4,25.0
2025-10-12,1600 UTC,32.4,26.0,12,10,16,32.1,25.0
2025-10-12,1700 UTC,32.4,25.0,12,10,17,31.8,26.0
2025-10-12,1800 UTC,32.1,25.0,12,10,18,30.6,28.0
2025-10-12,1900 UTC,31.8,26.0,12,10,19,28.9,34.0
2025-10-12,2000 UTC,30.6,28.0,12,10,20,27.6,40.0
2025-10-12,2100 UTC,28.9,34.0,12,10,21,26.2,50.0
2025-10-12,2200 UTC,27.6,40.0,12,10,22,24.7,58.0
2025-10-12,2300 UTC,26.2,50.0,12,10,23,23.5,65.0
2025-10-13,0000 UTC,24.7,58.0,13,10,0,22.5,71.0
2025-10-13,0100 UTC,23.5,65.0,13,10,1,21.7,76.0
2025-10-13,0200 UTC,22.5,71.0,13,10,2,21.1,78.0
2025-10-13,0300 UTC,21.7,76.0,13,10,3,20.6,78.0
2025-10-13,0400 UTC,21.1,78.0,13,10,4,20.0,80.0
2025-10-13,0500 UTC,20.6,78.0,13,10,5,19.7,82.0
2025-10-13,0600 UTC,20.0,80.0,13,10,6,19.1,84.0
2025-10-13,0700 UTC,19.7,82.0,13,10,7,20.1,82.0
2025-10-13,0800 UTC,19.1,84.0,13,10,8,23.0,65.0
2025-10-13,0900 UTC,20.1,82.0,13,10,9,25.0,55.0
2025-10-13,1000 UTC,23.0,65.0,13,10,10,27.6,44.0
2025-10-13,1100 UTC,25.0,55.0,13,10,11,28.1,40.0
2025-10-13,1200 UTC,27.6,44.0,13,10,12,29.3,33.0
2025-10-13,1300 UTC,28.1,40.0,13,10,13,29.9,33.0
2025-10-13,1400 UTC,29.3,33.0,13,10,14,31.1,29.0
2025-10-13,1500 UTC,29.9,33.0,13,10,15,31.5,28.0
2025-10-13,1600 UTC,31.1,29.0,13,10,16,32.0,26.0
2025-10-13,1700 UTC,31.5,28.0,13,10,17,31.5,29.0
2025-10-13,1800 UTC,32.0,26.0,13,10,18,30.1,30.0
2025-10-13,1900 UTC,31.5,29.0,13,10,19,28.5,35.0
2025-10-13,2000 UTC,30.1,30.0,13,10,20,27.1,44.0
2025-10-13,2100 UTC,28.5,35.0,13,10,21,24.9,59.0
2025-10-13,2200 UTC,27.1,44.0,13,10,22,23.5,67.0
2025-10-13,2300 UTC,24.9,59.0,13,10,23,22.3,73.0
2025-10-14,0000 UTC,23.5,67.0,14,10,0,21.5,76.0
2025-10-14,0100 UTC,22.3,73.0,14,10,1,21.0,78.0
2025-10-14,0200 UTC,21.5,76.0,14,10,2,20.1,80.0
2025-10-14,0300 UTC,21.0,78.0,14,10,3,20.3,80.0
2025-10-14,0400 UTC,20.1,80.0,14,10,4,20.3,80.0
2025-10-14,0500 UTC,20.3,80.0,14,10,5,19.5,83.0
2025-10-14,0600 UTC,20.3,80.0,14,10,6,18.9,86.0
2025-10-14,0700 UTC,19.5,83.0,14,10,7,20.0,83.0
2025-10-14,0800 UTC,18.9,86.0,14,10,8,22.4,69.0
2025-10-14,0900 UTC,20.0,83.0,14,10,9,25.1,54.0
2025-10-14,1000 UTC,22.4,69.0,14,10,10,26.1,47.0
2025-10-14,1100 UTC,25.1,54.0,14,10,11,27.9,39.0
2025-10-14,1200 UTC,26.1,47.0,14,10,12,29.9,32.0
2025-10-14,1300 UTC,27.9,39.0,14,10,13,30.6,29.0
2025-10-14,1400 UTC,29.9,32.0,14,10,14,32.0,26.0
2025-10-14,1500 UTC,30.6,29.0,14,10,15,32.3,23.0
2025-10-14,1600 UTC,32.0,26.0,14,10,16,32.0,23.0
2025-10-14,1700 UTC,32.3,23.0,14,10,17,31.7,23.0
2025-10-14,1900 UTC,31.7,23.0,14,10,19,28.7,33.0
2025-10-14,2100 UTC,28.7,33.0,14,10,21,25.0,55.0
2025-10-14,2200 UTC,26.8,46.0,14,10,22,23.8,60.0
2025-10-14,2300 UTC,25.0,55.0,14,10,23,22.7,65.0
2025-10-15,0000 UTC,23.8,60.0,15,10,0,21.7,71.0
2025-10-15,0100 UTC,22.7,65.0,15,10,1,20.9,75.0
2025-10-15,0200 UTC,21.7,71.0,15,10,2,20.1,77.0
2025-10-15,0300 UTC,20.9,75.0,15,10,3,19.4,79.0
2025-10-15,0400 UTC,20.1,77.0,15,10,4,18.8,81.0
2025-10-15,0500 UTC,19.4,79.0,15,10,5,18.7,83.0
2025-10-15,0600 UTC,18.8,81.0,15,10,6,18.0,85.0
2025-10-15,0700 UTC,18.7,83.0,15,10,7,19.8,77.0
2025-10-15,0800 UTC,18.0,85.0,15,10,8,22.7,61.0
2025-10-15,0900 UTC,19.8,77.0,15,10,9,24.4,55.0
2025-10-15,1000 UTC,22.7,61.0,15,10,10,26.7,45.0
2025-10-15,1100 UTC,24.4,55.0,15,10,11,27.9,40.0
2025-10-15,1200 UTC,26.7,45.0,15,10,12,30.1,33.0
2025-10-15,1300 UTC,27.9,40.0,15,10,13,30.0,29.0
2025-10-15,1400 UTC,30.1,33.0,15,10,14,31.0,23.0
2025-10-15,1500 UTC,30.0,29.0,15,10,15,31.5,21.0
2025-10-15,1600 UTC,31.0,23.0,15,10,16,31.2,22.0
2025-10-15,1700 UTC,31.5,21.0,15,10,17,30.9,22.0
2025-10-15,1800 UTC,31.2,22.0,15,10,18,30.2,23.0
2025-10-15,1900 UTC,30.9,22.0,15,10,19,28.3,29.0
2025-10-15,2000 UTC,30.2,23.0,15,10,20,26.8,37.0
2025-10-15,2100 UTC,28.3,29.0,15,10,21,25.3,46.0
2025-10-15,2200 UTC,26.8,37.0,15,10,22,23.8,58.0
2025-10-15,2300 UTC,25.3,46.0,15,10,23,22.6,63.0
2025-10-16,0000 UTC,23.8,58.0,16,10,0,21.8,65.0
2025-10-16,0100 UTC,22.6,63.0,16,10,1,20.8,67.0
2025-10-16,0200 UTC,21.8,65.0,16,10,2,19.4,70.0
2025-10-16,0300 UTC,20.8,67.0,16,10,3,18.1,76.0
2025-10-16,0400 UTC,19.4,70.0,16,10,4,16.7,78.0
2025-10-16,0500 UTC,18.1,76.0,16,10,5,15.8,81.0
2025-10-16,0600 UTC,16.7,78.0,16,10,6,15.6,82.0
2025-10-16,0700 UTC,15.8,81.0,16,10,7,16.4,80.0
2025-10-16,0800 UTC,15.6,82.0,16,10,8,21.7,60.0
2025-10-16,0900 UTC,16.4,80.0,16,10,9,23.8,49.0
2025-10-16,1000 UTC,21.7,60.0,16,10,10,25.9,42.0
2025-10-16,1100 UTC,23.8,49.0,16,10,11,27.9,32.0
2025-10-16,1200 UTC,25.9,42.0,16,10,12,29.1,31.0
2025-10-16,1300 UTC,27.9,32.0,16,10,13,30.7,27.0
2025-10-16,1400 UTC,29.1,31.0,16,10,14,31.1,25.0
2025-10-16,1500 UTC,30.7,27.0,16,10,15,31.1,26.0
2025-10-16,1600 UTC,31.1,25.0,16,10,16,31.5,26.0
2025-10-16,1700 UTC,31.1,26.0,16,10,17,31.0,26.0
2025-10-16,1800 UTC,31.5,26.0,16,10,18,29.7,30.0
2025-10-16,1900 UTC,31.0,26.0,16,10,19,27.9,36.0
2025-10-16,2000 UTC,29.7,30.0,16,10,20,26.0,44.0
2025-10-16,2100 UTC,27.9,36.0,16,10,21,24.4,54.0
2025-10-16,2200 UTC,26.0,44.0,16,10,22,23.3,57.0
2025-10-16,2300 UTC,24.4,54.0,16,10,23,22.5,59.0
2025-10-17,0000 UTC,23.3,57.0,17,10,0,21.4,63.0
2025-10-17,0100 UTC,22.5,59.0,17,10,1,20.6,66.0
2025-10-17,0200 UTC,21.4,63.0,17,10,2,19.8,70.0
2025-10-17,0300 UTC,20.6,66.0,17,10,3,19.2,73.0
2025-10-17,0400 UTC,19.8,70.0,17,10,4,18.3,75.0
2025-10-17,0500 UTC,19.2,73.0,17,10,5,17.8,77.0
2025-10-17,0600 UTC,18.3,75.0,17,10,6,16.8,78.0
2025-10-17,0700 UTC,17.8,77.0,17,10,7,18.1,75.0
2025-10-17,0800 UTC,16.8,78.0,17,10,8,22.0,58.0
2025-10-17,0900 UTC,18.1,75.0,17,10,9,24.9,47.0
2025-10-17,1000 UTC,22.0,58.0,17,10,10,26.2,42.0
2025-10-17,1100 UTC,24.9,47.0,17,10,11,28.8,32.0
2025-10-17,1200 UTC,26.2,42.0,17,10,12,30.9,27.0
2025-10-17,1300 UTC,28.8,32.0,17,10,13,31.7,24.0
2025-10-17,1400 UTC,30.9,27.0,17,10,14,32.5,21.0
2025-10-17,1500 UTC,31.7,24.0,17,10,15,33.4,20.0
2025-10-17,1600 UTC,32.5,21.0,17,10,16,32.6,26.0
2025-10-17,1700 UTC,33.4,20.0,17,10,17,32.2,28.0
2025-10-17,1800 UTC,32.6,26.0,17,10,18,30.5,32.0
2025-10-17,1900 UTC,32.2,28.0,17,10,19,29.0,36.0
2025-10-17,2000 UTC,30.5,32.0,17,10,20,27.6,44.0
2025-10-17,2100 UTC,29.0,36.0,17,10,21,25.8,57.0
2025-10-17,2200 UTC,27.6,44.0,17,10,22,24.4,64.0
2025-10-17,2300 UTC,25.8,57.0,17,10,23,23.2,69.0
2025-10-18,0000 UTC,24.4,64.0,18,10,0,22.1,74.0
2025-10-18,0100 UTC,23.2,69.0,18,10,1,22.1,73.0
2025-10-18,0200 UTC,22.1,74.0,18,10,2,22.6,70.0
2025-10-18,0300 UTC,22.1,73.0,18,10,3,22.3,70.0
2025-10-18,0400 UTC,22.6,70.0,18,10,4,22.0,71.0
2025-10-18,0500 UTC,22.3,70.0,18,10,5,21.8,72.0
2025-10-18,0600 UTC,22.0,71.0,18,10,6,21.9,72.0
2025-10-18,0700 UTC,21.8,72.0,18,10,7,22.8,69.0
2025-10-18,0800 UTC,21.9,72.0,18,10,8,23.8,64.0
2025-10-18,0900 UTC,22.8,69.0,18,10,9,24.9,59.0
2025-10-18,1000 UTC,23.8,64.0,18,10,10,25.8,54.0
2025-10-18,1100 UTC,24.9,59.0,18,10,11,27.3,47.0
2025-10-18,1200 UTC,25.8,54.0,18,10,12,28.9,40.0
2025-10-18,1300 UTC,27.3,47.0,18,10,13,30.9,33.0
2025-10-18,1400 UTC,28.9,40.0,18,10,14,31.5,29.0
2025-10-18,1500 UTC,30.9,33.0,18,10,15,32.4,28.0
2025-10-18,1600 UTC,31.5,29.0,18,10,16,32.2,26.0
2025-10-18,1700 UTC,32.4,28.0,18,10,17,32.7,25.0
2025-10-18,1800 UTC,32.2,26.0,18,10,18,31.3,28.0
2025-10-18,1900 UTC,32.7,25.0,18,10,19,29.7,34.0
2025-10-18,2000 UTC,31.3,28.0,18,10,20,28.0,42.0
2025-10-18,2100 UTC,29.7,34.0,18,10,21,26.4,48.0
2025-10-18,2200 UTC,28.0,42.0,18,10,22,24.8,57.0
2025-10-18,2300 UTC,26.4,48.0,18,10,23,23.2,64.0
2025-10-19,0000 UTC,24.8,57.0,19,10,0,21.9,71.0
2025-10-19,0100 UTC,23.2,64.0,19,10,1,21.0,76.0
2025-10-19,0200 UTC,21.9,71.0,19,10,2,20.6,78.0
2025-10-19,0300 UTC,21.0,76.0,19,10,3,20.2,79.0
2025-10-19,0400 UTC,20.6,78.0,19,10,4,19.9,79.0
2025-10-19,0500 UTC,20.2,79.0,19,10,5,19.3,82.0
2025-10-19,0600 UTC,19.9,79.0,19,10,6,19.5,83.0
2025-10-19,0700 UTC,19.3,82.0,19,10,7,20.2,77.0
2025-10-19,0800 UTC,19.5,83.0,19,10,8,22.2,67.0
2025-10-19,0900 UTC,20.2,77.0,19,10,9,24.8,56.0
2025-10-19,1000 UTC,22.2,67.0,19,10,10,27.1,46.0
2025-10-19,1100 UTC,24.8,56.0,19,10,11,29.5,36.0
2025-10-19,1200 UTC,27.1,46.0,19,10,12,32.1,28.0
2025-10-19,1300 UTC,29.5,36.0,19,10,13,33.4,23.0
2025-10-19,1400 UTC,32.1,28.0,19,10,14,34.7,21.0
2025-10-19,1500 UTC,33.4,23.0,19,10,15,34.7,17.0
2025-10-19,1600 UTC,34.7,21.0,19,10,16,35.2,15.0
2025-10-19,1700 UTC,34.7,17.0,19,10,17,34.5,17.0
2025-10-19,1800 UTC,35.2,15.0,19,10,18,33.3,17.0
2025-10-19,1900 UTC,34.5,17.0,19,10,19,30.6,31.0
2025-10-19,2000 UTC,33.3,17.0,19,10,20,28.4,42.0
2025-10-19,2100 UTC,30.6,31.0,19,10,21,26.5,50.0
2025-10-19,2200 UTC,28.4,42.0,19,10,22,24.7,59.0
2025-10-19,2300 UTC,26.5,50.0,19,10,23,23.3,67.0
2025-10-20,0000 UTC,24.7,59.0,20,10,0,22.7,71.0
2025-10-20,0100 UTC,23.3,67.0,20,10,1,21.9,73.0
2025-10-20,0200 UTC,22.7,71.0,20,10,2,21.0,77.0
2025-10-20,0300 UTC,21.9,73.0,20,10,3,20.8,79.0
2025-10-20,0400 UTC,21.0,77.0,20,10,4,21.3,72.0
2025-10-20,0500 UTC,20.8,79.0,20,10,5,21.4,71.0
2025-10-20,0600 UTC,21.3,72.0,20,10,6,21.3,71.0
2025-10-20,0700 UTC,21.4,71.0,20,10,7,22.1,69.0
2025-10-20,0800 UTC,21.3,71.0,20,10,8,23.6,63.0
2025-10-20,0900 UTC,22.1,69.0,20,10,9,25.7,55.0
2025-10-20,1000 UTC,23.6,63.0,20,10,10,27.4,47.0
2025-10-20,1100 UTC,25.7,55.0,20,10,11,29.9,37.0
2025-10-20,1200 UTC,27.4,47.0,20,10,12,30.9,34.0
2025-10-20,1300 UTC,29.9,37.0,20,10,13,33.6,25.0
2025-10-20,1400 UTC,30.9,34.0,20,10,14,34.4,22.0
2025-10-20,1500 UTC,33.6,25.0,20,10,15,34.2,22.0
2025-10-20,1600 UTC,34.4,22.0,20,10,16,35.3,20.0
2025-10-20,1700 UTC,34.2,22.0,20,10,17,33.8,23.0
2025-10-20,1800 UTC,35.3,20.0,20,10,18,32.5,27.0
2025-10-20,1900 UTC,33.8,23.0,20,10,19,30.4,35.0
2025-10-20,2000 UTC,32.5,27.0,20,10,20,27.8,49.0
2025-10-20,2100 UTC,30.4,35.0,20,10,21,26.1,56.0
2025-10-20,2200 UTC,27.8,49.0,20,10,22,24.7,62.0
2025-10-20,2300 UTC,26.1,56.0,20,10,23,23.8,64.0
2025-10-21,0000 UTC,24.7,62.0,21,10,0,23.2,69.0
2025-10-21,0100 UTC,23.8,64.0,21,10,1,22.9,69.0
2025-10-21,0200 UTC,23.2,69.0,21,10,2,22.7,71.0
2025-10-21,0300 UTC,22.9,69.0,21,10,3,22.4,72.0
2025-10-21,0400 UTC,22.7,71.0,21,10,4,22.4,68.0
2025-10-21,0500 UTC,22.4,72.0,21,10,5,22.2,65.0
2025-10-21,0600 UTC,22.4,68.0,21,10,6,22.0,66.0
2025-10-21,0700 UTC,22.2,65.0,21,10,7,22.2,66.0
2025-10-21,0800 UTC,22.0,66.0,21,10,8,24.0,59.0
2025-10-21,0900 UTC,22.2,66.0,21,10,9,24.8,54.0
2025-10-21,1000 UTC,24.0,59.0,21,10,10,26.0,51.0
2025-10-21,1100 UTC,24.8,54.0,21,10,11,28.1,40.0
2025-10-21,1200 UTC,26.0,51.0,21,10,12,28.1,35.0
2025-10-21,1300 UTC,28.1,40.0,21,10,13,28.6,34.0
2025-10-21,1400 UTC,28.1,35.0,21,10,14,30.0,31.0
2025-10-21,1500 UTC,28.6,34.0,21,10,15,30.8,28.0
2025-10-21,1600 UTC,30.0,31.0,21,10,16,30.5,28.0
2025-10-21,1700 UTC,30.8,28.0,21,10,17,29.8,29.0
2025-10-21,1800 UTC,30.5,28.0,21,10,18,29.1,31.0
2025-10-21,1900 UTC,29.8,29.0,21,10,19,27.9,39.0
2025-10-21,2000 UTC,29.1,31.0,21,10,20,26.7,46.0
2025-10-21,2100 UTC,27.9,39.0,21,10,21,25.4,51.0
2025-10-21,2200 UTC,26.7,46.0,21,10,22,24.6,54.0
2025-10-21,2300 UTC,25.4,51.0,21,10,23,23.4,62.0
2025-10-22,0000 UTC,24.6,54.0,22,10,0,22.3,67.0
2025-10-22,0100 UTC,23.4,62.0,22,10,1,22.0,69.0
2025-10-22,0200 UTC,22.3,67.0,22,10,2,21.5,69.0
2025-10-22,0300 UTC,22.0,69.0,22,10,3,21.0,68.0
2025-10-22,0400 UTC,21.5,69.0,22,10,4,19.9,71.0
2025-10-22,0500 UTC,21.0,68.0,22,10,5,18.5,76.0
2025-10-22,0600 UTC,19.9,71.0,22,10,6,16.8,81.0
2025-10-22,0700 UTC,18.5,76.0,22,10,7,18.9,74.0
2025-10-22,0800 UTC,16.8,81.0,22,10,8,22.1,59.0
2025-10-22,0900 UTC,18.9,74.0,22,10,9,23.8,50.0
2025-10-22,1000 UTC,22.1,59.0,22,10,10,25.3,44.0
2025-10-22,1100 UTC,23.8,50.0,22,10,11,27.9,33.0
2025-10-22,1200 UTC,25.3,44.0,22,10,12,29.6,25.0
2025-10-22,1300 UTC,27.9,33.0,22,10,13,30.9,23.0
2025-10-22,2300 UTC,26.2,34.0,22,10,23,23.7,51.0
2025-10-23,0000 UTC,25.2,45.0,23,10,0,22.1,62.0
2025-10-23,0100 UTC,23.7,51.0,23,10,1,21.0,68.0
2025-10-23,0200 UTC,22.1,62.0,23,10,2,20.6,69.0
2025-10-23,0300 UTC,21.0,68.0,23,10,3,19.8,72.0
2025-10-23,0400 UTC,20.6,69.0,23,10,4,18.2,77.0
2025-10-23,0500 UTC,19.8,72.0,23,10,5,17.0,80.0
2025-10-23,0600 UTC,18.2,77.0,23,10,6,16.3,82.0
2025-10-23,0700 UTC,17.0,80.0,23,10,7,17.7,78.0
2025-10-23,0800 UTC,16.3,82.0,23,10,8,22.6,61.0
2025-10-23,0900 UTC,17.7,78.0,23,10,9,25.4,48.0
2025-10-23,1000 UTC,22.6,61.0,23,10,10,26.4,45.0
2025-10-23,1100 UTC,25.4,48.0,23,10,11,27.1,39.0
2025-10-23,1200 UTC,26.4,45.0,23,10,12,29.0,34.0
2025-10-23,1300 UTC,27.1,39.0,23,10,13,30.7,29.0
2025-10-23,1400 UTC,29.0,34.0,23,10,14,32.1,26.0
2025-10-23,1500 UTC,30.7,29.0,23,10,15,32.1,24.0
2025-10-23,1600 UTC,32.1,26.0,23,10,16,32.1,26.0
2025-10-23,1700 UTC,32.1,24.0,23,10,17,31.2,28.0
2025-10-23,1800 UTC,32.1,26.0,23,10,18,29.6,33.0
2025-10-23,1900 UTC,31.2,28.0,23,10,19,28.3,41.0
2025-10-23,2000 UTC,29.6,33.0,23,10,20,26.4,49.0
2025-10-23,2100 UTC,28.3,41.0,23,10,21,25.1,54.0
2025-10-23,2200 UTC,26.4,49.0,23,10,22,24.0,60.0
2025-10-23,2300 UTC,25.1,54.0,23,10,23,23.2,64.0
2025-10-24,0000 UTC,24.0,60.0,24,10,0,22.3,67.0
2025-10-24,0100 UTC,23.2,64.0,24,10,1,21.8,69.0
2025-10-24,0200 UTC,22.3,67.0,24,10,2,21.4,70.0
2025-10-24,0300 UTC,21.8,69.0,24,10,3,21.1,72.0
2025-10-24,0400 UTC,21.4,70.0,24,10,4,21.0,72.0
2025-10-24,0500 UTC,21.1,72.0,24,10,5,20.0,76.0
2025-10-24,0600 UTC,21.0,72.0,24,10,6,19.2,78.0
2025-10-24,0700 UTC,20.0,76.0,24,10,7,20.2,76.0
2025-10-24,0800 UTC,19.2,78.0,24,10,8,23.5,62.0
2025-10-24,0900 UTC,20.2,76.0,24,10,9,24.9,55.0
2025-10-24,1000 UTC,23.5,62.0,24,10,10,26.7,46.0
2025-10-24,1100 UTC,24.9,55.0,24,10,11,27.7,41.0
2025-10-24,1200 UTC,26.7,46.0,24,10,12,29.1,35.0
2025-10-24,1300 UTC,27.7,41.0,24,10,13,31.3,29.0
2025-10-24,1400 UTC,29.1,35.0,24,10,14,32.1,26.0
2025-10-24,1500 UTC,31.3,29.0,24,10,15,30.4,37.0
2025-10-24,1600 UTC,32.1,26.0,24,10,16,30.8,32.0
2025-10-24,1700 UTC,30.4,37.0,24,10,17,27.7,46.0
2025-10-24,1800 UTC,30.8,32.0,24,10,18,26.9,42.0
2025-10-24,1900 UTC,27.7,46.0,24,10,19,25.2,54.0
2025-10-24,2000 UTC,26.9,42.0,24,10,20,25.3,56.0
2025-10-24,2100 UTC,25.2,54.0,24,10,21,24.3,57.0
2025-10-24,2200 UTC,25.3,56.0,24,10,22,23.2,62.0
2025-10-24,2300 UTC,24.3,57.0,24,10,23,22.1,70.0
2025-10-25,0000 UTC,23.2,62.0,25,10,0,21.4,71.0
2025-10-25,0100 UTC,22.1,70.0,25,10,1,20.9,73.0
2025-10-25,0200 UTC,21.4,71.0,25,10,2,20.0,76.0
2025-10-25,0300 UTC,20.9,73.0,25,10,3,19.1,79.0
2025-10-25,0400 UTC,20.0,76.0,25,10,4,18.5,81.0
2025-10-25,0500 UTC,19.1,79.0,25,10,5,17.9,83.0
2025-10-25,0600 UTC,18.5,81.0,25,10,6,16.7,85.0
2025-10-25,0700 UTC,17.9,83.0,25,10,7,19.4,78.0
2025-10-25,0800 UTC,16.7,85.0,25,10,8,22.6,63.0
2025-10-25,0900 UTC,19.4,78.0,25,10,9,24.6,51.0
2025-10-25,1000 UTC,22.6,63.0,25,10,10,26.2,45.0
2025-10-25,1100 UTC,24.6,51.0,25,10,11,28.4,34.0
2025-10-25,1200 UTC,26.2,45.0,25,10,12,29.4,33.0
2025-10-25,1300 UTC,28.4,34.0,25,10,13,29.2,32.0
2025-10-25,1400 UTC,29.4,33.0,25,10,14,30.0,28.0
2025-10-25,1500 UTC,29.2,32.0,25,10,15,30.0,29.0
2025-10-25,1600 UTC,30.0,28.0,25,10,16,29.9,29.0
2025-10-25,1700 UTC,30.0,29.0,25,10,17,30.1,28.0
2025-10-25,1800 UTC,29.9,29.0,25,10,18,28.8,30.0
2025-10-25,1900 UTC,30.1,28.0,25,10,19,26.9,35.0
2025-10-25,2000 UTC,28.8,30.0,25,10,20,25.6,42.0
2025-10-25,2100 UTC,26.9,35.0,25,10,21,24.3,51.0
2025-10-25,2200 UTC,25.6,42.0,25,10,22,22.9,59.0
2025-10-25,2300 UTC,24.3,51.0,25,10,23,22.1,61.0
2025-10-26,0000 UTC,22.9,59.0,26,10,0,21.2,63.0
2025-10-26,0100 UTC,22.1,61.0,26,10,1,20.5,68.0
2025-10-26,0200 UTC,21.2,63.0,26,10,2,20.0,70.0
2025-10-26,0300 UTC,20.5,68.0,26,10,3,18.7,75.0
2025-10-26,0400 UTC,20.0,70.0,26,10,4,18.8,74.0
2025-10-26,0500 UTC,18.7,75.0,26,10,5,17.7,78.0
2025-10-26,0600 UTC,18.8,74.0,26,10,6,17.9,79.0
2025-10-26,0700 UTC,17.7,78.0,26,10,7,20.0,70.0
2025-10-26,0800 UTC,17.9,79.0,26,10,8,22.0,61.0
2025-10-26,0900 UTC,20.0,70.0,26,10,9,23.4,55.0
2025-10-26,1000 UTC,22.0,61.0,26,10,10,24.9,53.0
2025-10-26,1100 UTC,23.4,55.0,26,10,11,26.5,39.0
2025-10-26,1200 UTC,24.9,53.0,26,10,12,29.1,27.0
2025-10-26,1300 UTC,26.5,39.0,26,10,13,30.7,21.0
2025-10-26,1400 UTC,29.1,27.0,26,10,14,31.0,21.0
2025-10-26,1500 UTC,30.7,21.0,26,10,15,31.0,24.0
2025-10-26,1600 UTC,31.0,21.0,26,10,16,31.6,24.0
2025-10-26,1700 UTC,31.0,24.0,26,10,17,30.7,23.0
2025-10-26,1800 UTC,31.6,24.0,26,10,18,29.4,27.0
2025-10-26,1900 UTC,30.7,23.0,26,10,19,27.7,34.0
2025-10-26,2000 UTC,29.4,27.0,26,10,20,26.1,41.0
2025-10-26,2100 UTC,27.7,34.0,26,10,21,23.7,59.0
2025-10-26,2200 UTC,26.1,41.0,26,10,22,22.4,60.0
2025-10-26,2300 UTC,23.7,59.0,26,10,23,21.9,60.0
2025-10-27,0000 UTC,22.4,60.0,27,10,0,21.1,62.0
2025-10-27,0100 UTC,21.9,60.0,27,10,1,20.5,66.0
2025-10-27,0200 UTC,21.1,62.0,27,10,2,20.3,72.0
2025-10-27,0300 UTC,20.5,66.0,27,10,3,19.5,75.0
2025-10-27,0400 UTC,20.3,72.0,27,10,4,19.1,78.0
2025-10-27,0500 UTC,19.5,75.0,27,10,5,18.2,81.0
2025-10-27,0600 UTC,19.1,78.0,27,10,6,18.2,83.0
2025-10-27,0700 UTC,18.2,81.0,27,10,7,20.1,77.0
2025-10-27,0800 UTC,18.2,83.0,27,10,8,23.2,61.0
2025-10-27,0900 UTC,20.1,77.0,27,10,9,25.6,48.0
2025-10-27,1000 UTC,23.2,61.0,27,10,10,27.0,42.0
2025-10-27,1100 UTC,25.6,48.0,27,10,11,28.5,38.0
2025-10-27,1200 UTC,27.0,42.0,27,10,12,30.5,32.0
2025-10-27,1300 UTC,28.5,38.0,27,10,13,31.6,30.0
2025-10-27,1400 UTC,30.5,32.0,27,10,14,32.3,27.0
2025-10-27,1500 UTC,31.6,30.0,27,10,15,32.8,25.0
2025-10-27,1600 UTC,32.3,27.0,27,10,16,32.1,25.0
2025-10-27,1700 UTC,32.8,25.0,27,10,17,32.1,24.0
2025-10-27,1800 UTC,32.1,25.0,27,10,18,30.5,29.0
2025-10-27,1900 UTC,32.1,24.0,27,10,19,28.8,34.0
2025-10-27,2000 UTC,30.5,29.0,27,10,20,26.1,52.0
2025-10-27,2100 UTC,28.8,34.0,27,10,21,24.8,59.0
2025-10-27,2200 UTC,26.1,52.0,27,10,22,23.6,64.0
2025-10-27,2300 UTC,24.8,59.0,27,10,23,22.7,68.0
2025-10-28,0000 UTC,23.6,64.0,28,10,0,21.9,69.0
2025-10-28,0100 UTC,22.7,68.0,28,10,1,21.4,71.0
2025-10-28,0200 UTC,21.9,69.0,28,10,2,20.8,74.0
2025-10-28,0300 UTC,21.4,71.0,28,10,3,20.5,75.0
2025-10-28,0400 UTC,20.8,74.0,28,10,4,20.0,76.0
2025-10-28,0500 UTC,20.5,75.0,28,10,5,19.3,78.0
2025-10-28,0600 UTC,20.0,76.0,28,10,6,18.6,80.0
2025-10-28,0700 UTC,19.3,78.0,28,10,7,20.7,73.0
2025-10-28,0800 UTC,18.6,80.0,28,10,8,23.2,63.0
2025-10-28,0900 UTC,20.7,73.0,28,10,9,24.3,59.0
2025-10-28,1000 UTC,23.2,63.0,28,10,10,26.2,53.0
2025-10-28,1100 UTC,24.3,59.0,28,10,11,29.1,43.0
2025-10-28,1200 UTC,26.2,53.0,28,10,12,29.4,40.0
2025-10-28,1300 UTC,29.1,43.0,28,10,13,28.8,43.0
2025-10-28,1400 UTC,29.4,40.0,28,10,14,29.2,45.0
2025-10-28,1500 UTC,28.8,43.0,28,10,15,28.3,49.0
2025-10-28,1600 UTC,29.2,45.0,28,10,16,27.5,49.0
2025-10-28,1700 UTC,28.3,49.0,28,10,17,24.2,65.0
2025-10-28,1800 UTC,27.5,49.0,28,10,18,23.2,71.0
2025-10-28,1900 UTC,24.2,65.0,28,10,19,21.1,87.0
2025-10-28,2000 UTC,23.2,71.0,28,10,20,22.2,79.0
2025-10-28,2100 UTC,21.1,87.0,28,10,21,22.3,78.0
2025-10-28,2200 UTC,22.2,79.0,28,10,22,21.8,73.0
2025-10-28,2300 UTC,22.3,78.0,28,10,23,21.1,74.0
2025-10-29,0000 UTC,21.8,73.0,29,10,0,20.3,77.0
2025-10-29,0100 UTC,21.1,74.0,29,10,1,19.6,78.0
2025-10-29,0200 UTC,20.3,77.0,29,10,2,18.9,79.0
2025-10-29,0300 UTC,19.6,78.0,29,10,3,18.3,82.0
2025-10-29,0400 UTC,18.9,79.0,29,10,4,17.7,84.0
2025-10-29,0500 UTC,18.3,82.0,29,10,5,16.1,86.0
2025-10-29,0600 UTC,17.7,84.0,29,10,6,15.4,88.0
2025-10-29,0700 UTC,16.1,86.0,29,10,7,17.4,85.0
2025-10-29,0800 UTC,15.4,88.0,29,10,8,21.8,67.0
2025-10-29,0900 UTC,17.4,85.0,29,10,9,24.6,54.0
2025-10-29,1000 UTC,21.8,67.0,29,10,10,27.1,43.0
2025-10-29,1100 UTC,24.6,54.0,29,10,11,28.5,32.0
2025-10-29,1200 UTC,27.1,43.0,29,10,12,30.2,29.0
2025-10-29,1300 UTC,28.5,32.0,29,10,13,31.0,24.0
2025-10-29,1400 UTC,30.2,29.0,29,10,14,32.2,19.0
2025-10-29,1500 UTC,31.0,24.0,29,10,15,32.9,18.0
2025-10-29,1600 UTC,32.2,19.0,29,10,16,33.0,17.0
2025-10-29,1700 UTC,32.9,18.0,29,10,17,32.7,17.0
2025-10-29,1800 UTC,33.0,17.0,29,10,18,31.7,20.0
2025-10-29,1900 UTC,32.7,17.0,29,10,19,29.7,27.0
2025-10-29,2000 UTC,31.7,20.0,29,10,20,28.1,41.0
2025-10-29,2100 UTC,29.7,27.0,29,10,21,25.6,58.0
2025-10-29,2200 UTC,28.1,41.0,29,10,22,24.4,64.0
2025-10-29,2300 UTC,25.6,58.0,29,10,23,23.5,68.0
2025-10-30,0000 UTC,24.4,64.0,30,10,0,22.5,71.0
2025-10-30,0100 UTC,23.5,68.0,30,10,1,21.8,74.0
2025-10-30,0200 UTC,22.5,71.0,30,10,2,21.1,75.0
2025-10-30,0300 UTC,21.8,74.0,30,10,3,20.7,76.0
2025-10-30,0400 UTC,21.1,75.0,30,10,4,21.5,70.0
2025-10-30,0500 UTC,20.7,76.0,30,10,5,21.4,69.0
2025-10-30,0600 UTC,21.5,70.0,30,10,6,20.9,72.0
2025-10-30,0700 UTC,21.4,69.0,30,10,7,21.5,72.0
2025-10-30,0800 UTC,20.9,72.0,30,10,8,23.4,60.0
2025-10-30,0900 UTC,21.5,72.0,30,10,9,25.0,54.0
2025-10-30,1000 UTC,23.4,60.0,30,10,10,26.3,46.0
2025-10-30,1100 UTC,25.0,54.0,30,10,11,28.4,38.0
2025-10-30,1200 UTC,26.3,46.0,30,10,12,30.4,32.0
2025-10-30,1300 UTC,28.4,38.0,30,10,13,30.8,29.0
2025-10-30,1400 UTC,30.4,32.0,30,10,14,32.2,23.0
2025-10-30,1500 UTC,30.8,29.0,30,10,15,33.3,21.0
2025-10-30,1600 UTC,32.2,23.0,30,10,16,33.0,21.0
2025-10-30,1700 UTC,33.3,21.0,30,10,17,32.8,21.0
2025-10-30,1800 UTC,33.0,21.0,30,10,18,32.5,23.0
2025-10-30,1900 UTC,32.8,21.0,30,10,19,31.2,25.0
2025-10-30,2000 UTC,32.5,23.0,30,10,20,29.7,29.0
2025-10-30,2100 UTC,31.2,25.0,30,10,21,26.3,55.0
2025-10-30,2200 UTC,29.7,29.0,30,10,22,24.3,64.0
2025-10-30,2300 UTC,26.3,55.0,30,10,23,23.1,69.0
2025-10-31,0000 UTC,24.3,64.0,31,10,0,22.2,72.0
2025-10-31,0100 UTC,23.1,69.0,31,10,1,21.6,73.0
2025-10-31,0200 UTC,22.2,72.0,31,10,2,21.5,74.0
2025-10-31,0300 UTC,21.6,73.0,31,10,3,22.0,69.0
2025-10-31,0400 UTC,21.5,74.0,31,10,4,22.1,69.0
2025-10-31,0500 UTC,22.0,69.0,31,10,5,21.9,69.0
2025-10-31,0600 UTC,22.1,69.0,31,10,6,21.8,66.0
2025-10-31,0700 UTC,21.9,69.0,31,10,7,21.7,64.0
2025-10-31,0800 UTC,21.8,66.0,31,10,8,23.0,60.0
2025-10-31,0900 UTC,21.7,64.0,31,10,9,24.7,55.0
2025-10-31,1000 UTC,23.0,60.0,31,10,10,27.4,46.0
2025-10-31,1100 UTC,24.7,55.0,31,10,11,28.1,40.0
2025-10-31,1200 UTC,27.4,46.0,31,10,12,29.2,35.0
2025-10-31,1300 UTC,28.1,40.0,31,10,13,31.0,30.0
2025-10-31,1400 UTC,29.2,35.0,31,10,14,32.2,27.0
2025-10-31,1500 UTC,31.0,30.0,31,10,15,32.8,26.0
2025-10-31,1600 UTC,32.2,27.0,31,10,16,34.0,23.0
2025-10-31,1700 UTC,32.8,26.0,31,10,17,33.7,24.0
2025-10-31,1800 UTC,34.0,23.0,31,10,18,32.4,26.0
2025-10-31,1900 UTC,33.7,24.0,31,10,19,30.6,31.0
2025-10-31,2000 UTC,32.4,26.0,31,10,20,28.1,43.0
2025-10-31,2100 UTC,30.6,31.0,31,10,21,25.8,54.0
2025-10-31,2200 UTC,28.1,43.0,31,10,22,24.0,63.0
2025-10-31,2300 UTC,25.8,54.0,31,10,23,23.0,67.0
2025-11-01,0000 UTC,24.0,63.0,1,11,0,22.7,68.0
2025-11-01,0100 UTC,23.0,67.0,1,11,1,22.3,68.0
2025-11-01,0200 UTC,22.7,68.0,1,11,2,21.7,69.0
2025-11-01,0300 UTC,22.3,68.0,1,11,3,21.4,70.0
2025-11-01,0400 UTC,21.7,69.0,1,11,4,21.2,71.0
2025-11-01,0500 UTC,21.4,70.0,1,11,5,20.4,75.0
2025-11-01,0600 UTC,21.2,71.0,1,11,6,20.0,77.0
2025-11-01,0700 UTC,20.4,75.0,1,11,7,20.9,73.0
2025-11-01,0800 UTC,20.0,77.0,1,11,8,22.4,64.0
2025-11-01,0900 UTC,20.9,73.0,1,11,9,24.6,54.0
2025-11-01,1000 UTC,22.4,64.0,1,11,10,26.4,48.0
2025-11-01,1100 UTC,24.6,54.0,1,11,11,27.9,41.0
2025-11-01,1200 UTC,26.4,48.0,1,11,12,29.3,36.0
2025-11-01,1300 UTC,27.9,41.0,1,11,13,30.9,32.0
2025-11-01,1400 UTC,29.3,36.0,1,11,14,32.1,28.0
2025-11-01,1500 UTC,30.9,32.0,1,11,15,32.4,28.0
2025-11-01,1600 UTC,32.1,28.0,1,11,16,31.5,29.0
2025-11-01,1700 UTC,32.4,28.0,1,11,17,31.7,28.0
2025-11-01,1800 UTC,31.5,29.0,1,11,18,31.1,29.0
2025-11-01,1900 UTC,31.7,28.0,1,11,19,29.8,33.0
2025-11-01,2000 UTC,31.1,29.0,1,11,20,28.3,40.0
2025-11-01,2100 UTC,29.8,33.0,1,11,21,25.8,53.0
2025-11-01,2200 UTC,28.3,40.0,1,11,22,24.4,61.0
2025-11-01,2300 UTC,25.8,53.0,1,11,23,24.0,62.0
2025-11-02,0000 UTC,24.4,61.0,2,11,0,22.8,64.0
2025-11-02,0100 UTC,24.0,62.0,2,11,1,22.3,66.0
2025-11-02,0200 UTC,22.8,64.0,2,11,2,22.2,68.0
2025-11-02,0300 UTC,22.3,66.0,2,11,3,21.6,68.0
2025-11-02,0400 UTC,22.2,68.0,2,11,4,20.4,73.0
2025-11-02,0500 UTC,21.6,68.0,2,11,5,19.9,75.0
2025-11-02,0600 UTC,20.4,73.0,2,11,6,19.4,77.0
2025-11-02,0700 UTC,19.9,75.0,2,11,7,20.6,73.0
2025-11-02,0800 UTC,19.4,77.0,2,11,8,23.4,62.0
2025-11-02,0900 UTC,20.6,73.0,2,11,9,24.4,51.0
2025-11-02,1000 UTC,23.4,62.0,2,11,10,26.0,46.0
2025-11-02,1100 UTC,24.4,51.0,2,11,11,27.3,41.0
2025-11-02,1200 UTC,26.0,46.0,2,11,12,28.9,37.0
2025-11-02,1300 UTC,27.3,41.0,2,11,13,30.4,32.0
2025-11-02,1400 UTC,28.9,37.0,2,11,14,31.3,28.0
2025-11-02,1500 UTC,30.4,32.0,2,11,15,32.3,24.0
2025-11-02,1600 UTC,31.3,28.0,2,11,16,32.7,23.0
2025-11-02,1700 UTC,32.3,24.0,2,11,17,32.7,23.0
2025-11-02,1800 UTC,32.7,23.0,2,11,18,32.3,23.0
2025-11-02,1900 UTC,32.7,23.0,2,11,19,30.2,27.0
2025-11-02,2000 UTC,32.3,23.0,2,11,20,29.2,29.0
2025-11-02,2100 UTC,30.2,27.0,2,11,21,26.8,50.0
2025-11-02,2200 UTC,29.2,29.0,2,11,22,24.8,61.0
2025-11-02,2300 UTC,26.8,50.0,2,11,23,23.9,65.0
2025-11-03,0000 UTC,24.8,61.0,3,11,0,23.4,68.0
2025-11-03,0100 UTC,23.9,65.0,3,11,1,22.7,67.0
2025-11-03,0200 UTC,23.4,68.0,3,11,2,22.0,70.0
2025-11-03,0300 UTC,22.7,67.0,3,11,3,21.4,72.0
2025-11-03,0400 UTC,22.0,70.0,3,11,4,21.1,76.0
2025-11-03,0500 UTC,21.4,72.0,3,11,5,21.5,77.0
2025-11-03,0600 UTC,21.1,76.0,3,11,6,20.7,78.0
2025-11-03,0700 UTC,21.5,77.0,3,11,7,21.8,74.0
2025-11-03,0800 UTC,20.7,78.0,3,11,8,22.6,67.0
2025-11-03,0900 UTC,21.8,74.0,3,11,9,25.6,56.0
2025-11-03,1000 UTC,22.6,67.0,3,11,10,26.6,50.0
2025-11-03,1100 UTC,25.6,56.0,3,11,11,28.5,43.0
2025-11-03,1200 UTC,26.6,50.0,3,11,12,29.3,39.0
2025-11-03,1300 UTC,28.5,43.0,3,11,13,31.6,31.0
2025-11-03,1400 UTC,29.3,39.0,3,11,14,32.2,28.0
2025-11-03,1500 UTC,31.6,31.0,3,11,15,33.2,27.0
2025-11-03,1600 UTC,32.2,28.0,3,11,16,33.3,23.0
2025-11-03,1700 UTC,33.2,27.0,3,11,17,33.2,23.0
2025-11-03,1800 UTC,33.3,23.0,3,11,18,33.0,22.0
2025-11-03,1900 UTC,33.2,23.0,3,11,19,31.0,25.0
2025-11-03,2000 UTC,33.0,22.0,3,11,20,29.9,28.0
2025-11-03,2100 UTC,31.0,25.0,3,11,21,27.8,48.0
2025-11-03,2200 UTC,29.9,28.0,3,11,22,25.6,60.0
2025-11-03,2300 UTC,27.8,48.0,3,11,23,24.0,68.0
2025-11-04,0000 UTC,25.6,60.0,4,11,0,23.6,70.0
2025-11-04,0100 UTC,24.0,68.0,4,11,1,23.1,72.0
2025-11-04,0200 UTC,23.6,70.0,4,11,2,22.8,72.0
2025-11-04,0300 UTC,23.1,72.0,4,11,3,22.7,71.0
2025-11-04,0400 UTC,22.8,72.0,4,11,4,22.4,74.0
2025-11-04,0500 UTC,22.7,71.0,4,11,5,21.9,76.0
2025-11-04,0600 UTC,22.4,74.0,4,11,6,21.6,78.0
2025-11-04,0700 UTC,21.9,76.0,4,11,7,22.7,73.0
2025-11-04,0800 UTC,21.6,78.0,4,11,8,24.0,65.0
2025-11-04,0900 UTC,22.7,73.0,4,11,9,25.4,59.0
2025-11-04,1000 UTC,24.0,65.0,4,11,10,27.4,51.0
2025-11-04,1100 UTC,25.4,59.0,4,11,11,29.5,43.0
2025-11-04,1200 UTC,27.4,51.0,4,11,12,31.7,33.0
2025-11-04,1300 UTC,29.5,43.0,4,11,13,33.2,27.0
2025-11-04,1400 UTC,31.7,33.0,4,11,14,34.2,22.0
2025-11-04,1500 UTC,33.2,27.0,4,11,15,35.5,15.0
2025-11-04,1600 UTC,34.2,22.0,4,11,16,34.9,17.0
2025-11-04,1700 UTC,35.5,15.0,4,11,17,34.7,16.0
2025-11-04,1800 UTC,34.9,17.0,4,11,18,33.8,18.0
2025-11-04,1900 UTC,34.7,16.0,4,11,19,32.0,22.0
2025-11-04,2000 UTC,33.8,18.0,4,11,20,30.2,31.0
2025-11-04,2100 UTC,32.0,22.0,4,11,21,28.0,44.0
2025-11-04,2200 UTC,30.2,31.0,4,11,22,25.9,55.0
2025-11-04,2300 UTC,28.0,44.0,4,11,23,24.0,64.0
2025-11-05,0000 UTC,25.9,55.0,5,11,0,22.4,70.0
2025-11-05,0100 UTC,24.0,64.0,5,11,1,21.6,73.0
2025-11-05,0200 UTC,22.4,70.0,5,11,2,20.7,75.0
2025-11-05,0300 UTC,21.6,73.0,5,11,3,20.2,78.0
2025-11-05,0400 UTC,20.7,75.0,5,11,4,19.8,79.0
2025-11-05,0500 UTC,20.2,78.0,5,11,5,19.5,78.0
2025-11-05,0600 UTC,19.8,79.0,5,11,6,19.2,78.0
2025-11-05,0700 UTC,19.5,78.0,5,11,7,21.1,72.0
2025-11-05,0800 UTC,19.2,78.0,5,11,8,22.9,64.0
2025-11-05,0900 UTC,21.1,72.0,5,11,9,24.9,57.0
2025-11-05,1000 UTC,22.9,64.0,5,11,10,27.3,47.0
2025-11-05,1100 UTC,24.9,57.0,5,11,11,29.7,36.0
2025-11-05,1200 UTC,27.3,47.0,5,11,12,32.0,29.0
2025-11-05,1300 UTC,29.7,36.0,5,11,13,33.3,23.0
2025-11-05,1400 UTC,32.0,29.0,5,11,14,35.2,19.0
2025-11-05,1500 UTC,33.3,23.0,5,11,15,35.6,15.0
2025-11-05,1600 UTC,35.2,19.0,5,11,16,35.7,17.0
2025-11-05,1700 UTC,35.6,15.0,5,11,17,34.9,17.0
2025-11-05,1800 UTC,35.7,17.0,5,11,18,33.3,23.0
2025-11-05,1900 UTC,34.9,17.0,5,11,19,31.4,29.0
2025-11-05,2000 UTC,33.3,23.0,5,11,20,29.4,36.0
2025-11-05,2100 UTC,31.4,29.0,5,11,21,27.6,45.0
2025-11-05,2200 UTC,29.4,36.0,5,11,22,25.7,55.0
2025-11-05,2300 UTC,27.6,45.0,5,11,23,24.0,62.0
2025-11-06,0000 UTC,25.7,55.0,6,11,0,22.4,70.0
2025-11-06,0100 UTC,24.0,62.0,6,11,1,21.5,74.0
2025-11-06,0200 UTC,22.4,70.0,6,11,2,21.1,77.0
2025-11-06,0300 UTC,21.5,74.0,6,11,3,21.2,74.0
2025-11-06,0400 UTC,21.1,77.0,6,11,4,21.3,72.0
2025-11-06,0500 UTC,21.2,74.0,6,11,5,21.0,71.0
2025-11-06,0600 UTC,21.3,72.0,6,11,6,21.1,69.0
2025-11-06,0700 UTC,21.0,71.0,6,11,7,21.7,66.0
2025-11-06,0800 UTC,21.1,69.0,6,11,8,22.6,62.0
2025-11-06,0900 UTC,21.7,66.0,6,11,9,24.7,56.0
2025-11-06,1000 UTC,22.6,62.0,6,11,10,26.7,46.0
2025-11-06,1100 UTC,24.7,56.0,6,11,11,28.8,39.0
2025-11-06,1200 UTC,26.7,46.0,6,11,12,30.5,32.0
2025-11-06,1300 UTC,28.8,39.0,6,11,13,32.9,25.0
2025-11-06,1400 UTC,30.5,32.0,6,11,14,34.1,22.0
2025-11-06,1500 UTC,32.9,25.0,6,11,15,34.3,20.0
2025-11-06,1600 UTC,34.1,22.0,6,11,16,35.0,19.0
2025-11-06,1700 UTC,34.3,20.0,6,11,17,33.7,20.0
2025-11-06,1800 UTC,35.0,19.0,6,11,18,32.8,23.0
2025-11-06,1900 UTC,33.7,20.0,6,11,19,31.3,27.0
2025-11-06,2000 UTC,32.8,23.0,6,11,20,30.0,32.0
2025-11-06,2100 UTC,31.3,27.0,6,11,21,28.0,45.0
2025-11-06,2200 UTC,30.0,32.0,6,11,22,26.1,56.0
2025-11-06,2300 UTC,28.0,45.0,6,11,23,24.8,61.0
2025-11-07,0000 UTC,26.1,56.0,7,11,0,23.7,67.0
2025-11-07,0100 UTC,24.8,61.0,7,11,1,22.7,72.0
2025-11-07,0200 UTC,23.7,67.0,7,11,2,21.8,72.0
2025-11-07,0300 UTC,22.7,72.0,7,11,3,21.0,74.0
2025-11-07,0400 UTC,21.8,72.0,7,11,4,20.1,76.0
2025-11-07,0500 UTC,21.0,74.0,7,11,5,19.1,79.0
2025-11-07,0600 UTC,20.1,76.0,7,11,6,18.5,81.0
2025-11-07,0700 UTC,19.1,79.0,7,11,7,20.2,76.0
2025-11-07,0800 UTC,18.5,81.0,7,11,8,23.0,60.0
2025-11-07,0900 UTC,20.2,76.0,7,11,9,25.1,45.0
2025-11-07,1000 UTC,23.0,60.0,7,11,10,27.3,37.0
2025-11-07,1100 UTC,25.1,45.0,7,11,11,29.6,31.0
2025-11-07,1200 UTC,27.3,37.0,7,11,12,31.6,25.0
2025-11-07,1300 UTC,29.6,31.0,7,11,13,33.1,23.0
2025-11-07,1400 UTC,31.6,25.0,7,11,14,33.3,20.0
2025-11-07,1500 UTC,33.1,23.0,7,11,15,34.9,18.0
2025-11-07,1600 UTC,33.3,20.0,7,11,16,34.7,14.0
2025-11-07,1700 UTC,34.9,18.0,7,11,17,34.9,14.0
2025-11-07,1800 UTC,34.7,14.0,7,11,18,33.9,16.0
2025-11-07,1900 UTC,34.9,14.0,7,11,19,31.7,19.0
2025-11-07,2000 UTC,33.9,16.0,7,11,20,30.7,21.0
2025-11-07,2100 UTC,31.7,19.0,7,11,21,29.6,35.0
2025-11-07,2200 UTC,30.7,21.0,7,11,22,27.6,51.0
2025-11-07,2300 UTC,29.6,35.0,7,11,23,25.5,62.0
2025-11-08,0000 UTC,27.6,51.0,8,11,0,24.3,66.0
2025-11-08,0100 UTC,25.5,62.0,8,11,1,23.2,71.0
2025-11-08,0200 UTC,24.3,66.0,8,11,2,22.3,73.0
2025-11-08,0300 UTC,23.2,71.0,8,11,3,21.7,71.0
2025-11-08,0400 UTC,22.3,73.0,8,11,4,21.4,71.0
2025-11-08,0500 UTC,21.7,71.0,8,11,5,21.1,72.0
2025-11-08,0600 UTC,21.4,71.0,8,11,6,21.0,71.0
2025-11-08,0700 UTC,21.1,72.0,8,11,7,22.2,64.0
2025-11-08,0800 UTC,21.0,71.0,8,11,8,23.7,60.0
2025-11-08,0900 UTC,22.2,64.0,8,11,9,25.4,54.0
2025-11-08,1000 UTC,23.7,60.0,8,11,10,26.8,46.0
2025-11-08,1100 UTC,25.4,54.0,8,11,11,29.5,36.0
2025-11-08,1200 UTC,26.8,46.0,8,11,12,31.4,31.0
2025-11-08,1300 UTC,29.5,36.0,8,11,13,32.5,25.0
2025-11-08,1400 UTC,31.4,31.0,8,11,14,33.8,21.0
2025-11-08,1500 UTC,32.5,25.0,8,11,15,34.2,19.0
2025-11-08,1600 UTC,33.8,21.0,8,11,16,34.5,20.0
2025-11-08,1700 UTC,34.2,19.0,8,11,17,34.3,19.0
2025-11-08,1800 UTC,34.5,20.0,8,11,18,33.0,21.0
2025-11-08,1900 UTC,34.3,19.0,8,11,19,31.9,24.0
2025-11-08,2000 UTC,33.0,21.0,8,11,20,30.0,28.0
2025-11-08,2100 UTC,31.9,24.0,8,11,21,28.1,30.0
2025-11-08,2200 UTC,30.0,28.0,8,11,22,26.8,38.0
2025-11-08,2300 UTC,28.1,30.0,8,11,23,25.6,49.0
2025-11-09,0000 UTC,26.8,38.0,9,11,0,23.9,61.0
2025-11-09,0100 UTC,25.6,49.0,9,11,1,22.7,69.0
2025-11-09,0200 UTC,23.9,61.0,9,11,2,21.7,74.0
2025-11-09,0300 UTC,22.7,69.0,9,11,3,21.0,77.0
2025-11-09,0400 UTC,21.7,74.0,9,11,4,20.4,78.0
2025-11-09,0500 UTC,21.0,77.0,9,11,5,20.8,74.0
2025-11-09,0600 UTC,20.4,78.0,9,11,6,20.6,77.0
2025-11-09,0700 UTC,20.8,74.0,9,11,7,21.0,77.0
2025-11-09,0800 UTC,20.6,77.0,9,11,8,22.0,70.0
2025-11-09,0900 UTC,21.0,77.0,9,11,9,25.5,55.0
2025-11-09,1000 UTC,22.0,70.0,9,11,10,26.4,46.0
2025-11-09,1100 UTC,25.5,55.0,9,11,11,28.2,38.0
2025-11-09,1200 UTC,26.4,46.0,9,11,12,30.1,28.0
2025-11-09,1300 UTC,28.2,38.0,9,11,13,32.3,24.0
2025-11-09,1400 UTC,30.1,28.0,9,11,14,32.7,22.0
2025-11-09,1500 UTC,32.3,24.0,9,11,15,34.6,19.0
2025-11-09,1600 UTC,32.7,22.0,9,11,16,35.0,17.0
2025-11-09,1700 UTC,34.6,19.0,9,11,17,34.4,17.0
2025-11-09,1800 UTC,35.0,17.0,9,11,18,34.0,17.0
2025-11-09,1900 UTC,34.4,17.0,9,11,19,31.6,21.0
2025-11-09,2000 UTC,34.0,17.0,9,11,20,30.3,23.0
2025-11-09,2100 UTC,31.6,21.0,9,11,21,28.8,40.0
2025-11-09,2200 UTC,30.3,23.0,9,11,22,26.5,55.0
2025-11-09,2300 UTC,28.8,40.0,9,11,23,25.2,61.0
2025-11-10,0000 UTC,26.5,55.0,10,11,0,24.0,69.0
2025-11-10,0100 UTC,25.2,61.0,10,11,1,23.3,70.0
2025-11-10,0200 UTC,24.0,69.0,10,11,2,22.3,71.0
2025-11-10,0300 UTC,23.3,70.0,10,11,3,21.7,75.0
2025-11-10,0400 UTC,22.3,71.0,10,11,4,21.3,78.0
2025-11-10,0500 UTC,21.7,75.0,10,11,5,20.9,80.0
2025-11-10,0600 UTC,21.3,78.0,10,11,6,20.6,81.0
2025-11-10,0700 UTC,20.9,80.0,10,11,7,21.5,79.0
2025-11-10,0800 UTC,20.6,81.0,10,11,8,23.0,70.0
2025-11-10,0900 UTC,21.5,79.0,10,11,9,25.0,59.0
2025-11-10,1000 UTC,23.0,70.0,10,11,10,27.8,46.0
2025-11-10,1100 UTC,25.0,59.0,10,11,11,29.0,38.0
2025-11-10,1200 UTC,27.8,46.0,10,11,12,30.3,31.0
2025-11-10,1300 UTC,29.0,38.0,10,11,13,31.9,27.0
2025-11-10,1400 UTC,30.3,31.0,10,11,14,33.2,24.0
2025-11-10,1500 UTC,31.9,27.0,10,11,15,34.3,20.0
2025-11-10,1600 UTC,33.2,24.0,10,11,16,34.7,15.0
2025-11-10,1700 UTC,34.3,20.0,10,11,17,33.3,19.0
2025-11-10,1800 UTC,34.7,15.0,10,11,18,32.2,21.0
2025-11-10,1900 UTC,33.3,19.0,10,11,19,30.6,23.0
2025-11-10,2000 UTC,32.2,21.0,10,11,20,28.5,39.0
2025-11-10,2100 UTC,30.6,23.0,10,11,21,26.0,51.0
2025-11-10,2200 UTC,28.5,39.0,10,11,22,24.4,58.0
2025-11-10,2300 UTC,26.0,51.0,10,11,23,23.4,62.0
2025-11-11,0000 UTC,24.4,58.0,11,11,0,22.6,63.0
2025-11-11,0100 UTC,23.4,62.0,11,11,1,21.7,69.0
2025-11-11,0200 UTC,22.6,63.0,11,11,2,21.2,72.0
2025-11-11,0300 UTC,21.7,69.0,11,11,3,20.7,73.0
2025-11-11,0400 UTC,21.2,72.0,11,11,4,20.5,76.0
2025-11-11,0500 UTC,20.7,73.0,11,11,5,20.3,76.0
2025-11-11,0600 UTC,20.5,76.0,11,11,6,19.9,76.0
2025-11-11,0700 UTC,20.3,76.0,11,11,7,20.5,74.0
2025-11-11,0800 UTC,19.9,76.0,11,11,8,22.6,62.0
2025-11-11,0900 UTC,20.5,74.0,11,11,9,24.6,52.0
2025-11-11,1000 UTC,22.6,62.0,11,11,10,26.7,42.0
2025-11-11,1100 UTC,24.6,52.0,11,11,11,28.5,34.0
2025-11-11,1200 UTC,26.7,42.0,11,11,12,29.4,28.0
2025-11-11,1300 UTC,28.5,34.0,11,11,13,30.7,26.0
2025-11-11,1400 UTC,29.4,28.0,11,11,14,31.4,22.0
2025-11-11,1500 UTC,30.7,26.0,11,11,15,31.6,21.0
2025-11-11,1600 UTC,31.4,22.0,11,11,16,32.4,20.0
2025-11-11,1700 UTC,31.6,21.0,11,11,17,32.1,20.0
2025-11-11,1800 UTC,32.4,20.0,11,11,18,31.2,22.0
2025-11-11,1900 UTC,32.1,20.0,11,11,19,29.7,28.0
2025-11-11,2000 UTC,31.2,22.0,11,11,20,27.9,37.0
2025-11-11,2100 UTC,29.7,28.0,11,11,21,26.1,48.0
2025-11-11,2200 UTC,27.9,37.0,11,11,22,25.1,53.0
2025-11-11,2300 UTC,26.1,48.0,11,11,23,23.8,60.0
2025-11-12,0000 UTC,25.1,53.0,12,11,0,23.0,65.0
2025-11-12,0100 UTC,23.8,60.0,12,11,1,22.6,68.0
2025-11-12,0200 UTC,23.0,65.0,12,11,2,22.3,69.0
2025-11-12,0300 UTC,22.6,68.0,12,11,3,21.1,72.0
2025-11-12,0400 UTC,22.3,69.0,12,11,4,20.4,75.0
2025-11-12,0500 UTC,21.1,72.0,12,11,5,19.4,77.0
2025-11-12,0600 UTC,20.4,75.0,12,11,6,18.9,76.0
2025-11-12,0700 UTC,19.4,77.0,12,11,7,20.4,74.0
2025-11-12,0800 UTC,18.9,76.0,12,11,8,22.7,62.0
2025-11-12,0900 UTC,20.4,74.0,12,11,9,25.1,49.0
2025-11-12,1000 UTC,22.7,62.0,12,11,10,26.5,40.0
2025-11-12,1100 UTC,25.1,49.0,12,11,11,28.6,34.0
2025-11-12,1200 UTC,26.5,40.0,12,11,12,30.1,30.0
2025-11-12,1300 UTC,28.6,34.0,12,11,13,31.7,25.0
2025-11-12,1400 UTC,30.1,30.0,12,11,14,31.5,24.0
2025-11-12,1500 UTC,31.7,25.0,12,11,15,32.8,21.0
2025-11-12,1600 UTC,31.5,24.0,12,11,16,33.4,19.0
2025-11-12,1700 UTC,32.8,21.0,12,11,17,33.0,18.0
2025-11-12,1800 UTC,33.4,19.0,12,11,18,31.6,19.0
2025-11-12,1900 UTC,33.0,18.0,12,11,19,30.1,24.0
2025-11-12,2000 UTC,31.6,19.0,12,11,20,28.3,30.0
2025-11-12,2100 UTC,30.1,24.0,12,11,21,26.3,41.0
2025-11-12,2200 UTC,28.3,30.0,12,11,22,24.6,50.0
2025-11-12,2300 UTC,26.3,41.0,12,11,23,23.4,55.0
2025-11-13,0000 UTC,24.6,50.0,13,11,0,22.4,59.0
2025-11-13,0100 UTC,23.4,55.0,13,11,1,21.3,64.0
2025-11-13,0200 UTC,22.4,59.0,13,11,2,20.3,67.0
2025-11-13,0300 UTC,21.3,64.0,13,11,3,19.3,72.0
2025-11-13,0400 UTC,20.3,67.0,13,11,4,18.6,75.0
2025-11-13,0500 UTC,19.3,72.0,13,11,5,18.1,80.0
2025-11-13,0600 UTC,18.6,75.0,13,11,6,17.9,82.0
2025-11-13,0700 UTC,18.1,80.0,13,11,7,19.7,75.0
2025-11-13,0800 UTC,17.9,82.0,13,11,8,22.5,56.0
2025-11-13,0900 UTC,19.7,75.0,13,11,9,24.9,44.0
2025-11-13,1000 UTC,22.5,56.0,13,11,10,27.2,37.0
2025-11-13,1100 UTC,24.9,44.0,13,11,11,28.8,32.0
2025-11-13,1200 UTC,27.2,37.0,13,11,12,29.5,29.0
2025-11-13,1300 UTC,28.8,32.0,13,11,13,30.3,28.0
2025-11-13,1400 UTC,29.5,29.0,13,11,14,31.7,25.0
2025-11-13,1500 UTC,30.3,28.0,13,11,15,32.1,23.0
2025-11-13,1600 UTC,31.7,25.0,13,11,16,32.5,22.0
2025-11-13,1700 UTC,32.1,23.0,13,11,17,31.8,24.0
2025-11-13,1800 UTC,32.5,22.0,13,11,18,30.9,28.0
2025-11-13,1900 UTC,31.8,24.0,13,11,19,29.1,33.0
2025-11-13,2000 UTC,30.9,28.0,13,11,20,26.4,52.0
2025-11-13,2100 UTC,29.1,33.0,13,11,21,24.6,60.0
2025-11-13,2200 UTC,26.4,52.0,13,11,22,23.7,62.0
2025-11-13,2300 UTC,24.6,60.0,13,11,23,22.9,67.0
2025-11-14,0000 UTC,23.7,62.0,14,11,0,22.1,72.0
2025-11-14,0100 UTC,22.9,67.0,14,11,1,21.4,71.0
2025-11-14,0200 UTC,22.1,72.0,14,11,2,21.0,74.0
2025-11-14,0300 UTC,21.4,71.0,14,11,3,20.6,77.0
2025-11-14,0400 UTC,21.0,74.0,14,11,4,20.2,79.0
2025-11-14,0500 UTC,20.6,77.0,14,11,5,20.9,76.0
2025-11-14,0600 UTC,20.2,79.0,14,11,6,21.1,75.0
2025-11-14,0700 UTC,20.9,76.0,14,11,7,22.3,71.0
2025-11-14,0800 UTC,21.1,75.0,14,11,8,23.9,62.0
2025-11-14,0900 UTC,22.3,71.0,14,11,9,26.1,50.0
2025-11-14,1000 UTC,23.9,62.0,14,11,10,27.0,45.0
2025-11-14,1100 UTC,26.1,50.0,14,11,11,29.2,32.0
2025-11-14,1200 UTC,27.0,45.0,14,11,12,30.5,28.0
2025-11-14,1300 UTC,29.2,32.0,14,11,13,30.8,27.0
2025-11-14,1400 UTC,30.5,28.0,14,11,14,31.2,25.0
2025-11-14,1500 UTC,30.8,27.0,14,11,15,33.0,22.0
2025-11-14,1600 UTC,31.2,25.0,14,11,16,32.5,25.0
2025-11-14,1700 UTC,33.0,22.0,14,11,17,31.7,25.0
2025-11-14,1800 UTC,32.5,25.0,14,11,18,30.5,27.0
2025-11-14,1900 UTC,31.7,25.0,14,11,19,29.3,33.0
2025-11-14,2000 UTC,30.5,27.0,14,11,20,27.8,36.0
2025-11-14,2100 UTC,29.3,33.0,14,11,21,25.9,46.0
2025-11-14,2200 UTC,27.8,36.0,14,11,22,24.0,55.0
2025-11-14,2300 UTC,25.9,46.0,14,11,23,23.0,60.0
2025-11-15,0000 UTC,24.0,55.0,15,11,0,22.0,63.0
2025-11-15,0100 UTC,23.0,60.0,15,11,1,21.3,63.0
2025-11-15,0200 UTC,22.0,63.0,15,11,2,20.4,65.0
2025-11-15,0300 UTC,21.3,63.0,15,11,3,19.0,70.0
2025-11-15,0400 UTC,20.4,65.0,15,11,4,18.2,73.0
2025-11-15,0500 UTC,19.0,70.0,15,11,5,17.3,75.0
2025-11-15,0600 UTC,18.2,73.0,15,11,6,17.5,73.0
2025-11-15,0700 UTC,17.3,75.0,15,11,7,19.5,71.0
2025-11-15,0800 UTC,17.5,73.0,15,11,8,22.3,62.0
2025-11-15,0900 UTC,19.5,71.0,15,11,9,26.0,43.0
2025-11-15,1000 UTC,22.3,62.0,15,11,10,27.8,39.0
2025-11-15,1100 UTC,26.0,43.0,15,11,11,29.6,37.0
2025-11-15,1200 UTC,27.8,39.0,15,11,12,31.1,29.0
2025-11-15,1300 UTC,29.6,37.0,15,11,13,31.5,27.0
2025-11-15,1400 UTC,31.1,29.0,15,11,14,31.9,24.0
2025-11-15,1500 UTC,31.5,27.0,15,11,15,32.4,22.0
2025-11-15,1600 UTC,31.9,24.0,15,11,16,32.7,21.0
2025-11-15,1700 UTC,32.4,22.0,15,11,17,32.3,26.0
2025-11-15,1800 UTC,32.7,21.0,15,11,18,30.8,28.0
2025-11-15,1900 UTC,32.3,26.0,15,11,19,29.2,33.0
2025-11-15,2000 UTC,30.8,28.0,15,11,20,27.1,46.0
2025-11-15,2100 UTC,29.2,33.0,15,11,21,25.5,54.0
2025-11-15,2200 UTC,27.1,46.0,15,11,22,24.2,60.0
2025-11-15,2300 UTC,25.5,54.0,15,11,23,23.2,65.0
2025-11-16,0000 UTC,24.2,60.0,16,11,0,22.5,67.0
2025-11-16,0100 UTC,23.2,65.0,16,11,1,22.0,70.0
2025-11-16,0200 UTC,22.5,67.0,16,11,2,21.2,73.0
2025-11-16,0300 UTC,22.0,70.0,16,11,3,20.8,76.0
2025-11-16,0400 UTC,21.2,73.0,16,11,4,20.2,79.0
2025-11-16,0500 UTC,20.8,76.0,16,11,5,19.9,81.0
2025-11-16,0600 UTC,20.2,79.0,16,11,6,18.9,84.0
2025-11-16,0700 UTC,19.9,81.0,16,11,7,20.7,75.0
2025-11-16,0800 UTC,18.9,84.0,16,11,8,23.0,60.0
2025-11-16,0900 UTC,20.7,75.0,16,11,9,24.8,51.0
2025-11-16,1000 UTC,23.0,60.0,16,11,10,27.0,41.0
2025-11-16,1100 UTC,24.8,51.0,16,11,11,29.3,32.0
2025-11-16,1200 UTC,27.0,41.0,16,11,12,31.1,25.0
2025-11-16,1300 UTC,29.3,32.0,16,11,13,32.5,22.0
2025-11-16,1400 UTC,31.1,25.0,16,11,14,33.0,19.0
2025-11-16,1500 UTC,32.5,22.0,16,11,15,33.4,18.0
2025-11-16,1600 UTC,33.0,19.0,16,11,16,33.8,18.0
2025-11-16,1700 UTC,33.4,18.0,16,11,17,33.1,21.0
2025-11-16,1800 UTC,33.8,18.0,16,11,18,31.7,25.0
2025-11-16,1900 UTC,33.1,21.0,16,11,19,30.4,28.0
2025-11-16,2000 UTC,31.7,25.0,16,11,20,28.7,34.0
2025-11-16,2100 UTC,30.4,28.0,16,11,21,27.0,45.0
2025-11-16,2200 UTC,28.7,34.0,16,11,22,25.6,51.0
2025-11-16,2300 UTC,27.0,45.0,16,11,23,24.3,57.0
2025-11-17,0000 UTC,25.6,51.0,17,11,0,23.3,61.0
2025-11-17,0100 UTC,24.3,57.0,17,11,1,22.4,66.0
2025-11-17,0200 UTC,23.3,61.0,17,11,2,21.7,70.0
2025-11-17,0300 UTC,22.4,66.0,17,11,3,21.0,72.0
2025-11-17,0400 UTC,21.7,70.0,17,11,4,20.4,71.0
2025-11-17,0500 UTC,21.0,72.0,17,11,5,19.9,73.0
2025-11-17,0600 UTC,20.4,71.0,17,11,6,19.3,76.0
2025-11-17,0700 UTC,19.9,73.0,17,11,7,20.6,71.0
2025-11-17,0800 UTC,19.3,76.0,17,11,8,23.1,58.0
2025-11-17,0900 UTC,20.6,71.0,17,11,9,23.8,58.0
2025-11-17,1000 UTC,23.1,58.0,17,11,10,26.8,47.0
2025-11-17,1100 UTC,23.8,58.0,17,11,11,28.5,40.0
2025-11-17,1200 UTC,26.8,47.0,17,11,12,29.4,36.0
2025-11-17,1300 UTC,28.5,40.0,17,11,13,32.1,28.0
2025-11-17,1400 UTC,29.4,36.0,17,11,14,32.1,26.0
2025-11-17,1500 UTC,32.1,28.0,17,11,15,33.0,22.0
2025-11-17,1600 UTC,32.1,26.0,17,11,16,34.1,22.0
2025-11-17,1700 UTC,33.0,22.0,17,11,17,33.7,21.0
2025-11-17,1800 UTC,34.1,22.0,17,11,18,32.8,22.0
2025-11-17,1900 UTC,33.7,21.0,17,11,19,31.0,25.0
2025-11-17,2000 UTC,32.8,22.0,17,11,20,29.6,32.0
2025-11-17,2100 UTC,31.0,25.0,17,11,21,28.1,39.0
2025-11-17,2200 UTC,29.6,32.0,17,11,22,26.2,49.0
2025-11-17,2300 UTC,28.1,39.0,17,11,23,24.3,62.0
2025-11-18,0000 UTC,26.2,49.0,18,11,0,23.3,67.0
2025-11-18,0100 UTC,24.3,62.0,18,11,1,23.0,68.0
2025-11-18,0200 UTC,23.3,67.0,18,11,2,22.6,68.0
2025-11-18,0300 UTC,23.0,68.0,18,11,3,22.7,67.0
2025-11-18,0400 UTC,22.6,68.0,18,11,4,22.4,69.0
2025-11-18,0500 UTC,22.7,67.0,18,11,5,22.0,74.0
2025-11-18,0600 UTC,22.4,69.0,18,11,6,21.3,77.0
2025-11-18,0700 UTC,22.0,74.0,18,11,7,22.6,74.0
2025-11-18,0800 UTC,21.3,77.0,18,11,8,24.8,58.0
2025-11-18,0900 UTC,22.6,74.0,18,11,9,26.2,53.0
2025-11-18,1000 UTC,24.8,58.0,18,11,10,28.2,47.0
2025-11-18,1100 UTC,26.2,53.0,18,11,11,29.6,39.0
2025-11-18,1200 UTC,28.2,47.0,18,11,12,31.4,32.0
2025-11-18,1300 UTC,29.6,39.0,18,11,13,32.1,29.0
2025-11-18,1400 UTC,31.4,32.0,18,11,14,33.0,26.0
2025-11-18,1500 UTC,32.1,29.0,18,11,15,33.8,22.0
2025-11-18,1600 UTC,33.0,26.0,18,11,16,34.1,19.0
2025-11-18,1700 UTC,33.8,22.0,18,11,17,34.4,21.0
2025-11-18,1800 UTC,34.1,19.0,18,11,18,33.3,23.0
2025-11-18,1900 UTC,34.4,21.0,18,11,19,32.1,26.0
2025-11-18,2000 UTC,33.3,23.0,18,11,20,30.6,33.0
2025-11-18,2100 UTC,32.1,26.0,18,11,21,27.9,45.0
2025-11-18,2200 UTC,30.6,33.0,18,11,22,26.2,52.0
2025-11-18,2300 UTC,27.9,45.0,18,11,23,24.7,60.0
2025-11-19,0000 UTC,26.2,52.0,19,11,0,23.5,68.0
2025-11-19,0100 UTC,24.7,60.0,19,11,1,22.7,71.0
2025-11-19,0200 UTC,23.5,68.0,19,11,2,22.8,71.0
2025-11-19,0300 UTC,22.7,71.0,19,11,3,22.8,70.0
2025-11-19,0400 UTC,22.8,71.0,19,11,4,22.7,68.0
2025-11-19,0500 UTC,22.8,70.0,19,11,5,22.6,68.0
2025-11-19,0600 UTC,22.7,68.0,19,11,6,22.6,67.0
2025-11-19,0700 UTC,22.6,68.0,19,11,7,23.1,63.0
2025-11-19,0800 UTC,22.6,67.0,19,11,8,24.2,58.0
2025-11-19,0900 UTC,23.1,63.0,19,11,9,25.5,53.0
2025-11-19,1000 UTC,24.2,58.0,19,11,10,27.1,44.0
2025-11-19,1100 UTC,25.5,53.0,19,11,11,29.9,36.0
2025-11-19,1200 UTC,27.1,44.0,19,11,12,31.3,31.0
2025-11-19,1300 UTC,29.9,36.0,19,11,13,32.9,28.0
2025-11-19,1400 UTC,31.3,31.0,19,11,14,33.2,27.0
2025-11-19,1500 UTC,32.9,28.0,19,11,15,33.7,25.0
2025-11-19,1600 UTC,33.2,27.0,19,11,16,33.4,25.0
2025-11-19,1700 UTC,33.7,25.0,19,11,17,33.0,27.0
2025-11-19,1800 UTC,33.4,25.0,19,11,18,32.6,27.0
2025-11-19,1900 UTC,33.0,27.0,19,11,19,31.4,30.0
2025-11-19,2000 UTC,32.6,27.0,19,11,20,30.9,32.0
2025-11-19,2100 UTC,31.4,30.0,19,11,21,27.3,54.0
2025-11-19,2200 UTC,30.9,32.0,19,11,22,25.9,57.0
2025-11-19,2300 UTC,27.3,54.0,19,11,23,25.1,61.0
2025-11-20,0000 UTC,25.9,57.0,20,11,0,24.9,61.0
2025-11-20,0100 UTC,25.1,61.0,20,11,1,24.0,65.0
2025-11-20,0200 UTC,24.9,61.0,20,11,2,23.9,68.0
2025-11-20,0300 UTC,24.0,65.0,20,11,3,23.2,69.0
2025-11-20,0400 UTC,23.9,68.0,20,11,4,23.0,70.0
2025-11-20,0500 UTC,23.2,69.0,20,11,5,22.5,70.0
2025-11-20,0600 UTC,23.0,70.0,20,11,6,22.0,72.0
2025-11-20,0700 UTC,22.5,70.0,20,11,7,22.3,71.0
2025-11-20,0800 UTC,22.0,72.0,20,11,8,23.2,66.0
2025-11-20,0900 UTC,22.3,71.0,20,11,9,24.4,60.0
2025-11-20,1000 UTC,23.2,66.0,20,11,10,25.2,56.0
2025-11-20,1100 UTC,24.4,60.0,20,11,11,26.1,52.0
2025-11-20,1200 UTC,25.2,56.0,20,11,12,28.0,43.0
2025-11-20,1300 UTC,26.1,52.0,20,11,13,30.7,34.0
2025-11-20,1400 UTC,28.0,43.0,20,11,14,31.9,31.0
2025-11-20,1500 UTC,30.7,34.0,20,11,15,31.8,30.0
2025-11-20,1600 UTC,31.9,31.0,20,11,16,32.2,29.0
2025-11-20,1700 UTC,31.8,30.0,20,11,17,32.2,26.0
2025-11-20,1800 UTC,32.2,29.0,20,11,18,31.6,29.0
2025-11-20,1900 UTC,32.2,26.0,20,11,19,30.8,30.0
2025-11-20,2000 UTC,31.6,29.0,20,11,20,30.3,32.0
2025-11-20,2100 UTC,30.8,30.0,20,11,21,29.7,37.0
2025-11-20,2200 UTC,30.3,32.0,20,11,22,27.1,52.0
2025-11-20,2300 UTC,29.7,37.0,20,11,23,25.7,60.0
2025-11-21,0000 UTC,27.1,52.0,21,11,0,24.4,65.0
2025-11-21,0100 UTC,25.7,60.0,21,11,1,23.7,69.0
2025-11-21,0200 UTC,24.4,65.0,21,11,2,23.3,69.0
2025-11-21,0300 UTC,23.7,69.0,21,11,3,23.0,71.0
2025-11-21,0400 UTC,23.3,69.0,21,11,4,23.0,71.0
2025-11-21,0500 UTC,23.0,71.0,21,11,5,22.7,74.0
2025-11-21,0600 UTC,23.0,71.0,21,11,6,22.0,79.0
2025-11-21,0700 UTC,22.7,74.0,21,11,7,22.0,78.0
2025-11-21,0800 UTC,22.0,79.0,21,11,8,22.9,72.0
2025-11-21,0900 UTC,22.0,78.0,21,11,9,25.3,62.0
2025-11-21,1000 UTC,22.9,72.0,21,11,10,26.4,56.0
2025-11-21,1100 UTC,25.3,62.0,21,11,11,27.9,50.0
2025-11-21,1200 UTC,26.4,56.0,21,11,12,28.7,44.0
2025-11-21,1300 UTC,27.9,50.0,21,11,13,30.2,39.0
2025-11-21,1400 UTC,28.7,44.0,21,11,14,30.1,34.0
2025-11-21,1500 UTC,30.2,39.0,21,11,15,32.5,32.0
2025-11-21,1600 UTC,30.1,34.0,21,11,16,32.4,31.0
2025-11-21,1700 UTC,32.5,32.0,21,11,17,32.2,29.0
2025-11-21,1800 UTC,32.4,31.0,21,11,18,31.0,32.0
2025-11-21,1900 UTC,32.2,29.0,21,11,19,29.7,38.0
2025-11-21,2000 UTC,31.0,32.0,21,11,20,28.1,49.0
2025-11-21,2100 UTC,29.7,38.0,21,11,21,26.6,55.0
2025-11-21,2200 UTC,28.1,49.0,21,11,22,25.2,61.0
2025-11-21,2300 UTC,26.6,55.0,21,11,23,24.2,66.0
2025-11-22,0000 UTC,25.2,61.0,22,11,0,23.3,69.0
2025-11-22,0100 UTC,24.2,66.0,22,11,1,22.8,71.0
2025-11-22,0200 UTC,23.3,69.0,22,11,2,22.8,71.0
2025-11-22,0300 UTC,22.8,71.0,22,11,3,22.9,70.0
2025-11-22,0400 UTC,22.8,71.0,22,11,4,22.7,72.0
2025-11-22,0500 UTC,22.9,70.0,22,11,5,22.3,75.0
2025-11-22,0600 UTC,22.7,72.0,22,11,6,21.5,79.0
2025-11-22,0700 UTC,22.3,75.0,22,11,7,22.2,76.0
2025-11-22,0800 UTC,21.5,79.0,22,11,8,24.1,66.0
2025-11-22,0900 UTC,22.2,76.0,22,11,9,24.8,63.0
2025-11-22,1000 UTC,24.1,66.0,22,11,10,25.6,59.0
2025-11-22,1100 UTC,24.8,63.0,22,11,11,27.7,50.0
2025-11-22,1200 UTC,25.6,59.0,22,11,12,28.0,47.0
2025-11-22,1300 UTC,27.7,50.0,22,11,13,30.0,39.0
2025-11-22,1400 UTC,28.0,47.0,22,11,14,30.8,33.0
2025-11-22,1500 UTC,30.0,39.0,22,11,15,32.0,31.0
2025-11-22,1600 UTC,30.8,33.0,22,11,16,32.9,28.0
2025-11-22,1700 UTC,32.0,31.0,22,11,17,32.5,28.0
2025-11-22,1800 UTC,32.9,28.0,22,11,18,31.6,29.0
2025-11-22,1900 UTC,32.5,28.0,22,11,19,30.3,31.0
2025-11-22,2000 UTC,31.6,29.0,22,11,20,29.1,41.0
2025-11-22,2100 UTC,30.3,31.0,22,11,21,27.0,54.0
2025-11-22,2200 UTC,29.1,41.0,22,11,22,25.4,62.0
2025-11-22,2300 UTC,27.0,54.0,22,11,23,24.2,69.0
2025-11-23,0000 UTC,25.4,62.0,23,11,0,23.4,72.0
2025-11-23,0100 UTC,24.2,69.0,23,11,1,22.8,74.0
2025-11-23,0200 UTC,23.4,72.0,23,11,2,22.6,75.0
2025-11-23,0300 UTC,22.8,74.0,23,11,3,22.3,77.0
2025-11-23,0400 UTC,22.6,75.0,23,11,4,21.9,78.0
2025-11-23,0500 UTC,22.3,77.0,23,11,5,21.9,76.0
2025-11-23,0600 UTC,21.9,78.0,23,11,6,21.8,78.0
2025-11-23,0700 UTC,21.9,76.0,23,11,7,22.4,74.0
2025-11-23,0800 UTC,21.8,78.0,23,11,8,23.0,70.0
2025-11-23,0900 UTC,22.4,74.0,23,11,9,26.0,56.0
2025-11-23,1000 UTC,23.0,70.0,23,11,10,27.1,49.0
2025-11-23,1100 UTC,26.0,56.0,23,11,11,28.8,43.0
2025-11-23,1200 UTC,27.1,49.0,23,11,12,29.9,38.0
2025-11-23,1300 UTC,28.8,43.0,23,11,13,31.6,33.0
2025-11-23,1400 UTC,29.9,38.0,23,11,14,32.7,30.0
2025-11-23,1500 UTC,31.6,33.0,23,11,15,32.7,29.0
2025-11-23,1600 UTC,32.7,30.0,23,11,16,33.3,27.0
2025-11-23,1700 UTC,32.7,29.0,23,11,17,33.0,27.0
2025-11-23,1800 UTC,33.3,27.0,23,11,18,31.9,29.0
2025-11-23,1900 UTC,33.0,27.0,23,11,19,30.5,30.0
2025-11-23,2000 UTC,31.9,29.0,23,11,20,29.4,33.0
2025-11-23,2100 UTC,30.5,30.0,23,11,21,27.4,45.0
2025-11-23,2200 UTC,29.4,33.0,23,11,22,25.1,57.0
2025-11-23,2300 UTC,27.4,45.0,23,11,23,23.4,64.0
2025-11-24,0000 UTC,25.1,57.0,24,11,0,22.2,67.0
2025-11-24,0100 UTC,23.4,64.0,24,11,1,21.7,62.0
2025-11-24,0200 UTC,22.2,67.0,24,11,2,20.9,66.0
2025-11-24,0300 UTC,21.7,62.0,24,11,3,20.3,70.0
2025-11-24,0400 UTC,20.9,66.0,24,11,4,19.6,74.0
2025-11-24,0500 UTC,20.3,70.0,24,11,5,19.4,77.0
2025-11-24,0600 UTC,19.6,74.0,24,11,6,20.1,78.0
2025-11-24,0700 UTC,19.4,77.0,24,11,7,20.8,77.0
2025-11-24,0800 UTC,20.1,78.0,24,11,8,21.8,71.0
2025-11-24,0900 UTC,20.8,77.0,24,11,9,24.4,57.0
2025-11-24,1000 UTC,21.8,71.0,24,11,10,27.3,46.0
2025-11-24,1100 UTC,24.4,57.0,24,11,11,28.4,40.0
2025-11-24,1200 UTC,27.3,46.0,24,11,12,29.8,34.0
2025-11-24,1300 UTC,28.4,40.0,24,11,13,31.1,28.0
2025-11-24,1400 UTC,29.8,34.0,24,11,14,32.1,28.0
2025-11-24,1500 UTC,31.1,28.0,24,11,15,32.6,25.0
2025-11-24,1600 UTC,32.1,28.0,24,11,16,33.0,24.0
2025-11-24,1700 UTC,32.6,25.0,24,11,17,32.6,24.0
2025-11-24,1800 UTC,33.0,24.0,24,11,18,31.3,27.0
2025-11-24,1900 UTC,32.6,24.0,24,11,19,29.9,29.0
2025-11-24,2000 UTC,31.3,27.0,24,11,20,28.7,33.0
2025-11-24,2100 UTC,29.9,29.0,24,11,21,27.0,47.0
2025-11-24,2200 UTC,28.7,33.0,24,11,22,25.3,57.0
2025-11-24,2300 UTC,27.0,47.0,24,11,23,24.0,65.0
2025-11-25,0000 UTC,25.3,57.0,25,11,0,23.2,69.0
2025-11-25,0100 UTC,24.0,65.0,25,11,1,22.5,72.0
2025-11-25,0200 UTC,23.2,69.0,25,11,2,21.9,75.0
2025-11-25,0300 UTC,22.5,72.0,25,11,3,21.2,79.0
2025-11-25,0400 UTC,21.9,75.0,25,11,4,20.6,81.0
2025-11-25,0500 UTC,21.2,79.0,25,11,5,20.6,83.0
2025-11-25,0600 UTC,20.6,81.0,25,11,6,20.5,84.0
2025-11-25,0700 UTC,20.6,83.0,25,11,7,21.8,80.0
2025-11-25,0800 UTC,20.5,84.0,25,11,8,23.7,68.0
2025-11-25,0900 UTC,21.8,80.0,25,11,9,25.7,57.0
2025-11-25,1000 UTC,23.7,68.0,25,11,10,27.8,47.0
2025-11-25,1100 UTC,25.7,57.0,25,11,11,29.7,40.0
2025-11-25,1200 UTC,27.8,47.0,25,11,12,30.8,32.0
2025-11-25,1300 UTC,29.7,40.0,25,11,13,32.5,26.0
2025-11-25,1400 UTC,30.8,32.0,25,11,14,33.6,23.0
2025-11-25,1500 UTC,32.5,26.0,25,11,15,33.2,24.0
2025-11-25,1600 UTC,33.6,23.0,25,11,16,33.4,23.0
2025-11-25,1700 UTC,33.2,24.0,25,11,17,33.5,23.0
2025-11-25,1800 UTC,33.4,23.0,25,11,18,32.1,29.0
2025-11-25,1900 UTC,33.5,23.0,25,11,19,30.3,33.0
2025-11-25,2000 UTC,32.1,29.0,25,11,20,28.9,41.0
2025-11-25,2100 UTC,30.3,33.0,25,11,21,27.5,49.0
2025-11-25,2200 UTC,28.9,41.0,25,11,22,25.6,61.0
2025-11-25,2300 UTC,27.5,49.0,25,11,23,24.3,66.0
2025-11-26,0000 UTC,25.6,61.0,26,11,0,23.5,63.0
2025-11-26,0100 UTC,24.3,66.0,26,11,1,22.7,65.0
2025-11-26,0200 UTC,23.5,63.0,26,11,2,22.1,67.0
2025-11-26,0300 UTC,22.7,65.0,26,11,3,21.4,72.0
2025-11-26,0400 UTC,22.1,67.0,26,11,4,21.0,78.0
2025-11-26,0500 UTC,21.4,72.0,26,11,5,20.9,79.0
2025-11-26,0600 UTC,21.0,78.0,26,11,6,20.5,82.0
2025-11-26,0700 UTC,20.9,79.0,26,11,7,21.5,79.0
2025-11-26,0800 UTC,20.5,82.0,26,11,8,23.7,66.0
2025-11-26,0900 UTC,21.5,79.0,26,11,9,25.9,55.0
2025-11-26,1000 UTC,23.7,66.0,26,11,10,27.5,48.0
2025-11-26,1100 UTC,25.9,55.0,26,11,11,29.3,41.0
2025-11-26,1200 UTC,27.5,48.0,26,11,12,30.6,36.0
2025-11-26,1300 UTC,29.3,41.0,26,11,13,31.9,30.0
2025-11-26,1400 UTC,30.6,36.0,26,11,14,32.5,25.0
2025-11-26,1500 UTC,31.9,30.0,26,11,15,33.2,24.0
2025-11-26,1600 UTC,32.5,25.0,26,11,16,32.8,23.0
2025-11-26,1700 UTC,33.2,24.0,26,11,17,33.5,22.0
2025-11-26,1800 UTC,32.8,23.0,26,11,18,32.4,24.0
2025-11-26,1900 UTC,33.5,22.0,26,11,19,31.0,28.0
2025-11-26,2000 UTC,32.4,24.0,26,11,20,29.4,37.0
2025-11-26,2100 UTC,31.0,28.0,26,11,21,27.8,46.0
2025-11-26,2200 UTC,29.4,37.0,26,11,22,26.0,58.0
2025-11-26,2300 UTC,27.8,46.0,26,11,23,24.5,67.0
2025-11-27,0000 UTC,26.0,58.0,27,11,0,23.2,73.0
2025-11-27,0100 UTC,24.5,67.0,27,11,1,22.8,74.0
2025-11-27,0200 UTC,23.2,73.0,27,11,2,22.4,73.0
2025-11-27,0300 UTC,22.8,74.0,27,11,3,21.9,74.0
2025-11-27,0400 UTC,22.4,73.0,27,11,4,21.8,71.0
2025-11-27,0500 UTC,21.9,74.0,27,11,5,21.5,75.0
2025-11-27,0600 UTC,21.8,71.0,27,11,6,21.5,74.0
2025-11-27,0700 UTC,21.5,75.0,27,11,7,22.7,66.0
2025-11-27,0800 UTC,21.5,74.0,27,11,8,24.0,62.0
2025-11-27,0900 UTC,22.7,66.0,27,11,9,25.6,56.0
2025-11-27,1000 UTC,24.0,62.0,27,11,10,27.8,46.0
2025-11-27,1100 UTC,25.6,56.0,27,11,11,29.3,40.0
2025-11-27,1200 UTC,27.8,46.0,27,11,12,31.2,34.0
2025-11-27,1300 UTC,29.3,40.0,27,11,13,32.5,28.0
2025-11-27,1400 UTC,31.2,34.0,27,11,14,33.5,24.0
2025-11-27,1500 UTC,32.5,28.0,27,11,15,33.8,20.0
2025-11-27,1600 UTC,33.5,24.0,27,11,16,33.6,21.0
2025-11-27,1700 UTC,33.8,20.0,27,11,17,33.5,21.0
2025-11-27,1800 UTC,33.6,21.0,27,11,18,32.4,24.0
2025-11-27,1900 UTC,33.5,21.0,27,11,19,30.1,30.0
2025-11-27,2000 UTC,32.4,24.0,27,11,20,28.4,40.0
2025-11-27,2100 UTC,30.1,30.0,27,11,21,26.9,46.0
2025-11-27,2200 UTC,28.4,40.0,27,11,22,25.2,56.0
2025-11-27,2300 UTC,26.9,46.0,27,11,23,23.9,60.0
2025-11-28,0000 UTC,25.2,56.0,28,11,0,23.1,60.0
2025-11-28,0100 UTC,23.9,60.0,28,11,1,22.1,66.0
2025-11-28,0200 UTC,23.1,60.0,28,11,2,21.5,72.0
2025-11-28,0300 UTC,22.1,66.0,28,11,3,21.1,76.0
2025-11-28,0400 UTC,21.5,72.0,28,11,4,21.2,76.0
2025-11-28,0500 UTC,21.1,76.0,28,11,5,20.9,78.0
2025-11-28,0600 UTC,21.2,76.0,28,11,6,20.3,81.0
2025-11-28,0700 UTC,20.9,78.0,28,11,7,21.4,77.0
2025-11-28,0800 UTC,20.3,81.0,28,11,8,23.0,67.0
2025-11-28,0900 UTC,21.4,77.0,28,11,9,25.8,56.0
2025-11-28,1000 UTC,23.0,67.0,28,11,10,27.6,48.0
2025-11-28,1100 UTC,25.8,56.0,28,11,11,29.2,40.0
2025-11-28,1200 UTC,27.6,48.0,28,11,12,30.0,34.0
2025-11-28,1300 UTC,29.2,40.0,28,11,13,31.6,28.0
2025-11-28,1400 UTC,30.0,34.0,28,11,14,32.6,25.0
2025-11-28,1500 UTC,31.6,28.0,28,11,15,33.7,22.0
2025-11-28,1600 UTC,32.6,25.0,28,11,16,33.3,21.0
2025-11-28,1700 UTC,33.7,22.0,28,11,17,32.9,22.0
2025-11-28,1800 UTC,33.3,21.0,28,11,18,32.1,23.0
2025-11-28,1900 UTC,32.9,22.0,28,11,19,30.4,28.0
2025-11-28,2000 UTC,32.1,23.0,28,11,20,28.8,38.0
2025-11-28,2100 UTC,30.4,28.0,28,11,21,26.9,50.0
2025-11-28,2200 UTC,28.8,38.0,28,11,22,25.4,57.0
2025-11-28,2300 UTC,26.9,50.0,28,11,23,24.0,63.0
2025-11-29,0000 UTC,25.4,57.0,29,11,0,22.9,66.0
2025-11-29,0100 UTC,24.0,63.0,29,11,1,22.3,69.0
2025-11-29,0200 UTC,22.9,66.0,29,11,2,21.9,71.0
2025-11-29,0300 UTC,22.3,69.0,29,11,3,21.5,74.0
2025-11-29,0400 UTC,21.9,71.0,29,11,4,21.4,75.0
2025-11-29,0500 UTC,21.5,74.0,29,11,5,21.5,75.0
2025-11-29,0600 UTC,21.4,75.0,29,11,6,22.0,75.0
2025-11-29,0700 UTC,21.5,75.0,29,11,7,22.3,72.0
2025-11-29,0800 UTC,22.0,75.0,29,11,8,24.0,64.0
2025-11-29,0900 UTC,22.3,72.0,29,11,9,25.4,54.0
2025-11-29,1000 UTC,24.0,64.0,29,11,10,27.4,44.0
2025-11-29,1100 UTC,25.4,54.0,29,11,11,29.0,37.0
2025-11-29,1200 UTC,27.4,44.0,29,11,12,30.2,31.0
2025-11-29,1300 UTC,29.0,37.0,29,11,13,30.9,27.0
2025-11-29,1400 UTC,30.2,31.0,29,11,14,32.4,26.0
2025-11-29,1500 UTC,30.9,27.0,29,11,15,32.1,23.0
2025-11-29,1600 UTC,32.4,26.0,29,11,16,33.1,22.0
2025-11-29,1700 UTC,32.1,23.0,29,11,17,32.9,22.0
2025-11-29,1800 UTC,33.1,22.0,29,11,18,31.9,24.0
2025-11-29,1900 UTC,32.9,22.0,29,11,19,30.4,27.0
2025-11-29,2000 UTC,31.9,24.0,29,11,20,28.9,34.0
2025-11-29,2100 UTC,30.4,27.0,29,11,21,27.4,41.0
2025-11-29,2200 UTC,28.9,34.0,29,11,22,25.6,49.0
2025-11-29,2300 UTC,27.4,41.0,29,11,23,23.9,59.0
2025-11-30,0000 UTC,25.6,49.0,30,11,0,22.8,66.0
2025-11-30,0100 UTC,23.9,59.0,30,11,1,22.0,69.0
2025-11-30,0200 UTC,22.8,66.0,30,11,2,21.3,73.0
2025-11-30,0300 UTC,22.0,69.0,30,11,3,21.2,73.0
2025-11-30,0400 UTC,21.3,73.0,30,11,4,20.8,75.0
2025-11-30,0500 UTC,21.2,73.0,30,11,5,20.7,77.0
2025-11-30,0600 UTC,20.8,75.0,30,11,6,20.4,79.0
2025-11-30,0700 UTC,20.7,77.0,30,11,7,21.3,77.0
2025-11-30,0800 UTC,20.4,79.0,30,11,8,22.7,67.0
2025-11-30,0900 UTC,21.3,77.0,30,11,9,24.3,58.0
2025-11-30,1000 UTC,22.7,67.0,30,11,10,25.9,47.0
2025-11-30,1100 UTC,24.3,58.0,30,11,11,28.2,37.0
2025-11-30,1200 UTC,25.9,47.0,30,11,12,29.7,31.0
2025-11-30,1300 UTC,28.2,37.0,30,11,13,30.8,29.0
2025-11-30,1400 UTC,29.7,31.0,30,11,14,32.0,25.0
2025-11-30,1500 UTC,30.8,29.0,30,11,15,32.4,24.0
2025-11-30,1600 UTC,32.0,25.0,30,11,16,33.0,22.0
2025-11-30,1700 UTC,32.4,24.0,30,11,17,33.6,21.0
2025-11-30,1800 UTC,33.0,22.0,30,11,18,32.7,21.0
2025-11-30,1900 UTC,33.6,21.0,30,11,19,31.3,23.0
2025-11-30,2000 UTC,32.7,21.0,30,11,20,29.8,26.0
2025-11-30,2100 UTC,31.3,23.0,30,11,21,28.7,31.0
2025-11-30,2200 UTC,29.8,26.0,30,11,22,27.2,45.0
2025-11-30,2300 UTC,28.7,31.0,30,11,23,25.2,56.0
2025-12-01,0000 UTC,27.2,45.0,1,12,0,23.8,62.0
2025-12-01,0100 UTC,25.2,56.0,1,12,1,22.9,70.0
2025-12-01,0200 UTC,23.8,62.0,1,12,2,22.4,73.0
2025-12-01,0300 UTC,22.9,70.0,1,12,3,22.3,68.0
2025-12-01,0400 UTC,22.4,73.0,1,12,4,22.3,70.0
2025-12-01,0500 UTC,22.3,68.0,1,12,5,22.3,69.0
2025-12-01,0600 UTC,22.3,70.0,1,12,6,21.4,71.0
2025-12-01,0700 UTC,22.3,69.0,1,12,7,22.2,71.0
2025-12-01,0800 UTC,21.4,71.0,1,12,8,23.0,67.0
2025-12-01,0900 UTC,22.2,71.0,1,12,9,24.9,58.0
2025-12-01,1000 UTC,23.0,67.0,1,12,10,26.6,50.0
2025-12-01,1100 UTC,24.9,58.0,1,12,11,28.6,42.0
2025-12-01,1200 UTC,26.6,50.0,1,12,12,30.1,37.0
2025-12-01,1300 UTC,28.6,42.0,1,12,13,31.5,31.0
2025-12-01,1400 UTC,30.1,37.0,1,12,14,33.2,27.0
2025-12-01,1500 UTC,31.5,31.0,1,12,15,34.1,25.0
2025-12-01,1600 UTC,33.2,27.0,1,12,16,34.5,23.0
2025-12-01,1700 UTC,34.1,25.0,1,12,17,33.7,23.0
2025-12-01,1800 UTC,34.5,23.0,1,12,18,33.0,25.0
2025-12-01,1900 UTC,33.7,23.0,1,12,19,32.0,27.0
2025-12-01,2000 UTC,33.0,25.0,1,12,20,30.1,34.0
2025-12-01,2100 UTC,32.0,27.0,1,12,21,28.3,41.0
2025-12-01,2200 UTC,30.1,34.0,1,12,22,26.3,50.0
2025-12-01,2300 UTC,28.3,41.0,1,12,23,24.9,56.0
2025-12-02,0000 UTC,26.3,50.0,2,12,0,23.4,64.0
2025-12-02,0100 UTC,24.9,56.0,2,12,1,22.7,69.0
2025-12-02,0200 UTC,23.4,64.0,2,12,2,22.6,69.0
2025-12-02,0300 UTC,22.7,69.0,2,12,3,21.5,71.0
2025-12-02,0400 UTC,22.6,69.0,2,12,4,20.9,72.0
2025-12-02,0500 UTC,21.5,71.0,2,12,5,20.5,76.0
2025-12-02,0600 UTC,20.9,72.0,2,12,6,20.2,79.0
2025-12-02,0700 UTC,20.5,76.0,2,12,7,20.9,78.0
2025-12-02,0800 UTC,20.2,79.0,2,12,8,22.4,71.0
2025-12-02,0900 UTC,20.9,78.0,2,12,9,25.0,58.0
2025-12-02,1000 UTC,22.4,71.0,2,12,10,26.7,48.0
2025-12-02,1100 UTC,25.0,58.0,2,12,11,28.7,40.0
2025-12-02,1200 UTC,26.7,48.0,2,12,12,30.5,32.0
2025-12-02,1300 UTC,28.7,40.0,2,12,13,31.8,29.0
2025-12-02,1400 UTC,30.5,32.0,2,12,14,32.9,25.0
2025-12-02,1500 UTC,31.8,29.0,2,12,15,34.0,22.0
2025-12-02,1600 UTC,32.9,25.0,2,12,16,33.7,20.0
2025-12-02,1700 UTC,34.0,22.0,2,12,17,34.0,19.0
2025-12-02,1800 UTC,33.7,20.0,2,12,18,33.2,19.0
2025-12-02,1900 UTC,34.0,19.0,2,12,19,31.6,25.0
2025-12-02,2000 UTC,33.2,19.0,2,12,20,30.5,30.0
2025-12-02,2100 UTC,31.6,25.0,2,12,21,28.0,46.0
2025-12-02,2200 UTC,30.5,30.0,2,12,22,25.9,58.0
2025-12-02,2300 UTC,28.0,46.0,2,12,23,24.7,63.0
2025-12-03,0000 UTC,25.9,58.0,3,12,0,23.8,67.0
2025-12-03,0100 UTC,24.7,63.0,3,12,1,23.6,65.0
2025-12-03,0200 UTC,23.8,67.0,3,12,2,23.6,63.0
2025-12-03,0300 UTC,23.6,65.0,3,12,3,23.4,65.0
2025-12-03,0400 UTC,23.6,63.0,3,12,4,22.6,69.0
2025-12-03,0500 UTC,23.4,65.0,3,12,5,22.2,71.0
2025-12-03,0600 UTC,22.6,69.0,3,12,6,21.8,73.0
2025-12-03,0700 UTC,22.2,71.0,3,12,7,22.3,72.0
2025-12-03,0800 UTC,21.8,73.0,3,12,8,23.6,65.0
2025-12-03,0900 UTC,22.3,72.0,3,12,9,25.6,56.0
2025-12-03,1000 UTC,23.6,65.0,3,12,10,27.4,46.0
2025-12-03,1100 UTC,25.6,56.0,3,12,11,29.5,37.0
2025-12-03,1200 UTC,27.4,46.0,3,12,12,31.3,30.0
2025-12-03,1300 UTC,29.5,37.0,3,12,13,32.9,21.0
2025-12-03,1400 UTC,31.3,30.0,3,12,14,33.6,20.0
2025-12-03,1500 UTC,32.9,21.0,3,12,15,34.0,19.0
2025-12-03,1600 UTC,33.6,20.0,3,12,16,34.0,20.0
2025-12-03,1700 UTC,34.0,19.0,3,12,17,34.0,19.0
2025-12-03,1800 UTC,34.0,20.0,3,12,18,32.6,25.0
2025-12-03,1900 UTC,34.0,19.0,3,12,19,31.2,28.0
2025-12-03,2000 UTC,32.6,25.0,3,12,20,29.7,36.0
2025-12-03,2100 UTC,31.2,28.0,3,12,21,28.0,47.0
2025-12-03,2200 UTC,29.7,36.0,3,12,22,26.4,56.0
2025-12-03,2300 UTC,28.0,47.0,3,12,23,25.1,62.0
2025-12-04,0000 UTC,26.4,56.0,4,12,0,24.2,67.0
2025-12-04,0100 UTC,25.1,62.0,4,12,1,23.5,68.0
2025-12-04,0200 UTC,24.2,67.0,4,12,2,22.8,71.0
2025-12-04,0300 UTC,23.5,68.0,4,12,3,22.0,75.0
2025-12-04,0400 UTC,22.8,71.0,4,12,4,22.1,74.0
2025-12-04,0500 UTC,22.0,75.0,4,12,5,22.0,74.0
2025-12-04,0600 UTC,22.1,74.0,4,12,6,22.2,72.0
2025-12-04,0700 UTC,22.0,74.0,4,12,7,22.4,71.0
2025-12-04,0800 UTC,22.2,72.0,4,12,8,23.1,71.0
2025-12-04,0900 UTC,22.4,71.0,4,12,9,24.6,64.0
2025-12-04,1000 UTC,23.1,71.0,4,12,10,27.0,52.0
2025-12-04,1100 UTC,24.6,64.0,4,12,11,29.2,44.0
2025-12-04,1200 UTC,27.0,52.0,4,12,12,30.2,38.0
2025-12-04,1300 UTC,29.2,44.0,4,12,13,32.3,30.0
2025-12-04,1400 UTC,30.2,38.0,4,12,14,33.1,27.0
2025-12-04,1500 UTC,32.3,30.0,4,12,15,33.4,27.0
2025-12-04,1600 UTC,33.1,27.0,4,12,16,33.1,29.0
2025-12-04,1700 UTC,33.4,27.0,4,12,17,32.6,29.0
2025-12-04,1800 UTC,33.1,29.0,4,12,18,31.6,33.0
2025-12-04,1900 UTC,32.6,29.0,4,12,19,29.4,41.0
2025-12-04,2000 UTC,31.6,33.0,4,12,20,28.0,50.0
2025-12-04,2100 UTC,29.4,41.0,4,12,21,26.6,59.0
2025-12-04,2200 UTC,28.0,50.0,4,12,22,25.6,63.0
2025-12-04,2300 UTC,26.6,59.0,4,12,23,25.0,66.0
2025-12-05,0000 UTC,25.6,63.0,5,12,0,24.6,69.0
2025-12-05,0100 UTC,25.0,66.0,5,12,1,24.2,69.0
2025-12-05,0200 UTC,24.6,69.0,5,12,2,23.6,71.0
2025-12-05,0300 UTC,24.2,69.0,5,12,3,23.5,71.0
2025-12-05,0400 UTC,23.6,71.0,5,12,4,23.1,75.0
2025-12-05,0500 UTC,23.5,71.0,5,12,5,23.0,75.0
2025-12-05,0600 UTC,23.1,75.0,5,12,6,22.5,77.0
2025-12-05,0700 UTC,23.0,75.0,5,12,7,22.6,78.0
2025-12-05,0800 UTC,22.5,77.0,5,12,8,24.2,70.0
2025-12-05,0900 UTC,22.6,78.0,5,12,9,25.2,61.0
2025-12-05,1000 UTC,24.2,70.0,5,12,10,27.6,48.0
2025-12-05,1100 UTC,25.2,61.0,5,12,11,28.5,45.0
2025-12-05,1200 UTC,27.6,48.0,5,12,12,30.6,38.0
2025-12-05,1300 UTC,28.5,45.0,5,12,13,31.5,31.0
2025-12-05,1400 UTC,30.6,38.0,5,12,14,33.5,28.0
2025-12-05,1500 UTC,31.5,31.0,5,12,15,32.8,28.0
2025-12-05,1600 UTC,33.5,28.0,5,12,16,32.9,29.0
2025-12-05,1700 UTC,32.8,28.0,5,12,17,33.6,27.0
2025-12-05,1800 UTC,32.9,29.0,5,12,18,32.1,29.0
2025-12-05,1900 UTC,33.6,27.0,5,12,19,30.9,31.0
2025-12-05,2000 UTC,32.1,29.0,5,12,20,29.9,34.0
2025-12-05,2100 UTC,30.9,31.0,5,12,21,28.3,44.0
2025-12-05,2200 UTC,29.9,34.0,5,12,22,27.1,48.0
2025-12-05,2300 UTC,28.3,44.0,5,12,23,25.8,54.0
2025-12-06,0000 UTC,27.1,48.0,6,12,0,24.6,59.0
2025-12-06,0100 UTC,25.8,54.0,6,12,1,23.5,64.0
2025-12-06,0200 UTC,24.6,59.0,6,12,2,22.8,71.0
2025-12-06,0300 UTC,23.5,64.0,6,12,3,22.2,72.0
2025-12-06,0400 UTC,22.8,71.0,6,12,4,22.2,73.0
2025-12-06,0500 UTC,22.2,72.0,6,12,5,22.1,75.0
2025-12-06,0600 UTC,22.2,73.0,6,12,6,21.9,76.0
2025-12-06,0700 UTC,22.1,75.0,6,12,7,22.1,76.0
2025-12-06,0800 UTC,21.9,76.0,6,12,8,23.5,68.0
2025-12-06,0900 UTC,22.1,76.0,6,12,9,25.1,59.0
2025-12-06,1000 UTC,23.5,68.0,6,12,10,27.7,49.0
2025-12-06,1100 UTC,25.1,59.0,6,12,11,28.4,46.0
2025-12-06,1200 UTC,27.7,49.0,6,12,12,29.6,40.0
2025-12-06,1300 UTC,28.4,46.0,6,12,13,31.6,34.0
2025-12-06,1400 UTC,29.6,40.0,6,12,14,33.7,26.0
2025-12-06,1500 UTC,31.6,34.0,6,12,15,33.4,25.0
2025-12-06,1600 UTC,33.7,26.0,6,12,16,33.8,23.0
2025-12-06,1700 UTC,33.4,25.0,6,12,17,33.5,20.0
2025-12-06,1800 UTC,33.8,23.0,6,12,18,32.5,23.0
2025-12-06,1900 UTC,33.5,20.0,6,12,19,30.4,36.0
2025-12-06,2000 UTC,32.5,23.0,6,12,20,29.1,42.0
2025-12-06,2100 UTC,30.4,36.0,6,12,21,27.6,49.0
2025-12-06,2200 UTC,29.1,42.0,6,12,22,25.7,60.0
2025-12-06,2300 UTC,27.6,49.0,6,12,23,24.4,67.0
2025-12-07,0000 UTC,25.7,60.0,7,12,0,23.5,71.0
2025-12-07,0100 UTC,24.4,67.0,7,12,1,22.8,71.0
2025-12-07,0200 UTC,23.5,71.0,7,12,2,22.1,71.0
2025-12-07,0300 UTC,22.8,71.0,7,12,3,21.6,75.0
2025-12-07,0400 UTC,22.1,71.0,7,12,4,22.1,73.0
2025-12-07,0500 UTC,21.6,75.0,7,12,5,21.8,77.0
2025-12-07,0600 UTC,22.1,73.0,7,12,6,21.1,80.0
2025-12-07,0700 UTC,21.8,77.0,7,12,7,21.7,79.0
2025-12-07,0800 UTC,21.1,80.0,7,12,8,24.0,66.0
2025-12-07,0900 UTC,21.7,79.0,7,12,9,25.7,58.0
2025-12-07,1000 UTC,24.0,66.0,7,12,10,27.2,51.0
2025-12-07,1100 UTC,25.7,58.0,7,12,11,29.7,42.0
2025-12-07,1200 UTC,27.2,51.0,7,12,12,31.0,36.0
2025-12-07,1300 UTC,29.7,42.0,7,12,13,32.5,29.0
2025-12-07,1400 UTC,31.0,36.0,7,12,14,33.2,22.0
2025-12-07,1500 UTC,32.5,29.0,7,12,15,34.0,19.0
2025-12-07,1600 UTC,33.2,22.0,7,12,16,33.9,21.0
2025-12-07,1700 UTC,34.0,19.0,7,12,17,33.6,23.0
2025-12-07,1800 UTC,33.9,21.0,7,12,18,32.2,26.0
2025-12-07,1900 UTC,33.6,23.0,7,12,19,30.5,32.0
2025-12-07,2000 UTC,32.2,26.0,7,12,20,28.7,40.0
2025-12-07,2100 UTC,30.5,32.0,7,12,21,27.2,46.0
2025-12-07,2200 UTC,28.7,40.0,7,12,22,25.6,55.0
2025-12-07,2300 UTC,27.2,46.0,7,12,23,24.5,62.0
2025-12-08,0000 UTC,25.6,55.0,8,12,0,23.7,65.0
2025-12-08,0100 UTC,24.5,62.0,8,12,1,22.9,69.0
2025-12-08,0200 UTC,23.7,65.0,8,12,2,22.6,73.0
2025-12-08,0300 UTC,22.9,69.0,8,12,3,22.8,72.0
2025-12-08,0400 UTC,22.6,73.0,8,12,4,22.1,76.0
2025-12-08,0500 UTC,22.8,72.0,8,12,5,22.0,76.0
2025-12-08,0600 UTC,22.1,76.0,8,12,6,21.6,77.0
2025-12-08,0700 UTC,22.0,76.0,8,12,7,21.7,77.0
2025-12-08,0800 UTC,21.6,77.0,8,12,8,22.8,70.0
2025-12-08,0900 UTC,21.7,77.0,8,12,9,24.6,59.0
2025-12-08,1000 UTC,22.8,70.0,8,12,10,26.5,48.0
2025-12-08,1100 UTC,24.6,59.0,8,12,11,28.4,42.0
2025-12-08,1200 UTC,26.5,48.0,8,12,12,30.0,36.0
2025-12-08,1300 UTC,28.4,42.0,8,12,13,31.7,29.0
2025-12-08,1400 UTC,30.0,36.0,8,12,14,32.1,28.0
2025-12-08,1500 UTC,31.7,29.0,8,12,15,32.1,26.0
2025-12-08,1600 UTC,32.1,28.0,8,12,16,33.0,25.0
2025-12-08,1700 UTC,32.1,26.0,8,12,17,31.8,28.0
2025-12-08,1800 UTC,33.0,25.0,8,12,18,31.3,29.0
2025-12-08,1900 UTC,31.8,28.0,8,12,19,29.5,38.0
2025-12-08,2000 UTC,31.3,29.0,8,12,20,28.2,43.0
2025-12-08,2100 UTC,29.5,38.0,8,12,21,26.5,51.0
2025-12-08,2200 UTC,28.2,43.0,8,12,22,25.2,57.0
2025-12-08,2300 UTC,26.5,51.0,8,12,23,24.0,64.0
2025-12-09,0000 UTC,25.2,57.0,9,12,0,23.1,69.0
2025-12-09,0100 UTC,24.0,64.0,9,12,1,22.1,72.0
2025-12-09,0200 UTC,23.1,69.0,9,12,2,21.3,75.0
2025-12-09,0300 UTC,22.1,72.0,9,12,3,20.7,78.0
2025-12-09,0400 UTC,21.3,75.0,9,12,4,20.3,81.0
2025-12-09,0500 UTC,20.7,78.0,9,12,5,20.8,79.0
2025-12-09,0600 UTC,20.3,81.0,9,12,6,21.0,79.0
2025-12-09,0700 UTC,20.8,79.0,9,12,7,21.9,77.0
2025-12-09,0800 UTC,21.0,79.0,9,12,8,23.7,67.0
2025-12-09,0900 UTC,21.9,77.0,9,12,9,25.8,56.0
2025-12-09,1000 UTC,23.7,67.0,9,12,10,27.2,47.0
2025-12-09,1100 UTC,25.8,56.0,9,12,11,29.0,40.0
2025-12-09,1200 UTC,27.2,47.0,9,12,12,30.1,34.0
2025-12-09,1300 UTC,29.0,40.0,9,12,13,31.5,29.0
2025-12-09,1400 UTC,30.1,34.0,9,12,14,32.5,27.0
2025-12-09,1500 UTC,31.5,29.0,9,12,15,32.8,24.0
2025-12-09,1600 UTC,32.5,27.0,9,12,16,32.7,23.0
2025-12-09,1700 UTC,32.8,24.0,9,12,17,33.0,23.0
2025-12-09,1800 UTC,32.7,23.0,9,12,18,32.4,22.0
2025-12-09,1900 UTC,33.0,23.0,9,12,19,30.7,26.0
2025-12-09,2000 UTC,32.4,22.0,9,12,20,29.7,29.0
2025-12-09,2100 UTC,30.7,26.0,9,12,21,28.5,34.0
2025-12-09,2200 UTC,29.7,29.0,9,12,22,26.6,45.0
2025-12-09,2300 UTC,28.5,34.0,9,12,23,24.5,62.0
2025-12-10,0000 UTC,26.6,45.0,10,12,0,23.4,68.0
2025-12-10,0100 UTC,24.5,62.0,10,12,1,22.4,75.0
2025-12-10,0200 UTC,23.4,68.0,10,12,2,22.1,76.0
2025-12-10,0300 UTC,22.4,75.0,10,12,3,22.1,75.0
2025-12-10,0400 UTC,22.1,76.0,10,12,4,22.3,72.0
2025-12-10,0500 UTC,22.1,75.0,10,12,5,22.6,69.0
2025-12-10,0600 UTC,22.3,72.0,10,12,6,22.7,70.0
2025-12-10,0700 UTC,22.6,69.0,10,12,7,22.3,72.0
2025-12-10,0800 UTC,22.7,70.0,10,12,8,22.9,67.0
2025-12-10,0900 UTC,22.3,72.0,10,12,9,24.4,62.0
2025-12-10,1000 UTC,22.9,67.0,10,12,10,26.4,54.0
2025-12-10,1100 UTC,24.4,62.0,10,12,11,28.6,45.0
2025-12-10,1200 UTC,26.4,54.0,10,12,12,29.7,37.0
2025-12-10,1300 UTC,28.6,45.0,10,12,13,32.7,28.0
2025-12-10,1400 UTC,29.7,37.0,10,12,14,32.8,26.0
2025-12-10,1500 UTC,32.7,28.0,10,12,15,33.9,21.0
2025-12-10,1600 UTC,32.8,26.0,10,12,16,34.1,20.0
2025-12-10,1700 UTC,33.9,21.0,10,12,17,34.1,18.0
2025-12-10,1800 UTC,34.1,20.0,10,12,18,33.5,18.0
2025-12-10,1900 UTC,34.1,18.0,10,12,19,31.6,22.0
2025-12-10,2000 UTC,33.5,18.0,10,12,20,30.4,25.0
2025-12-10,2100 UTC,31.6,22.0,10,12,21,28.8,41.0
2025-12-10,2200 UTC,30.4,25.0,10,12,22,26.6,53.0
2025-12-10,2300 UTC,28.8,41.0,10,12,23,25.0,59.0
2025-12-11,0000 UTC,26.6,53.0,11,12,0,23.6,65.0
2025-12-11,0100 UTC,25.0,59.0,11,12,1,22.5,72.0
2025-12-11,0200 UTC,23.6,65.0,11,12,2,22.0,74.0
2025-12-11,0300 UTC,22.5,72.0,11,12,3,22.0,72.0
2025-12-11,0400 UTC,22.0,74.0,11,12,4,22.0,69.0
2025-12-11,0500 UTC,22.0,72.0,11,12,5,22.1,68.0
2025-12-11,0600 UTC,22.0,69.0,11,12,6,22.3,66.0
2025-12-11,0700 UTC,22.1,68.0,11,12,7,22.7,64.0
2025-12-11,0800 UTC,22.3,66.0,11,12,8,23.5,59.0
2025-12-11,0900 UTC,22.7,64.0,11,12,9,25.4,53.0
2025-12-11,1000 UTC,23.5,59.0,11,12,10,27.0,45.0
2025-12-11,1100 UTC,25.4,53.0,11,12,11,29.3,38.0
2025-12-11,1200 UTC,27.0,45.0,11,12,12,30.9,29.0
2025-12-11,1300 UTC,29.3,38.0,11,12,13,32.8,24.0
2025-12-11,1400 UTC,30.9,29.0,11,12,14,32.7,22.0
2025-12-11,1500 UTC,32.8,24.0,11,12,15,34.7,18.0
2025-12-11,1600 UTC,32.7,22.0,11,12,16,34.6,15.0
2025-12-11,1700 UTC,34.7,18.0,11,12,17,34.6,14.0
2025-12-11,1800 UTC,34.6,15.0,11,12,18,33.8,15.0
2025-12-11,1900 UTC,34.6,14.0,11,12,19,32.3,18.0
2025-12-11,2000 UTC,33.8,15.0,11,12,20,31.3,26.0
2025-12-11,2100 UTC,32.3,18.0,11,12,21,28.4,43.0
2025-12-11,2200 UTC,31.3,26.0,11,12,22,26.5,52.0
2025-12-11,2300 UTC,28.4,43.0,11,12,23,25.0,61.0
2025-12-12,0000 UTC,26.5,52.0,12,12,0,23.9,68.0
2025-12-12,0100 UTC,25.0,61.0,12,12,1,23.7,66.0
2025-12-12,0200 UTC,23.9,68.0,12,12,2,23.4,67.0
2025-12-12,0300 UTC,23.7,66.0,12,12,3,22.6,71.0
2025-12-12,0400 UTC,23.4,67.0,12,12,4,22.5,70.0
2025-12-12,0500 UTC,22.6,71.0,12,12,5,21.9,72.0
2025-12-12,0600 UTC,22.5,70.0,12,12,6,21.3,77.0
2025-12-12,0700 UTC,21.9,72.0,12,12,7,21.8,76.0
2025-12-12,0800 UTC,21.3,77.0,12,12,8,23.1,68.0
2025-12-12,0900 UTC,21.8,76.0,12,12,9,25.3,54.0
2025-12-12,1000 UTC,23.1,68.0,12,12,10,27.5,44.0
2025-12-12,1100 UTC,25.3,54.0,12,12,11,29.3,37.0
2025-12-12,1200 UTC,27.5,44.0,12,12,12,30.1,34.0
2025-12-12,1300 UTC,29.3,37.0,12,12,13,31.5,28.0
2025-12-12,1400 UTC,30.1,34.0,12,12,14,31.7,27.0
2025-12-12,1500 UTC,31.5,28.0,12,12,15,33.6,22.0
2025-12-12,1600 UTC,31.7,27.0,12,12,16,34.3,21.0
2025-12-12,1700 UTC,33.6,22.0,12,12,17,34.3,21.0
2025-12-12,1800 UTC,34.3,21.0,12,12,18,33.0,21.0
2025-12-12,1900 UTC,34.3,21.0,12,12,19,31.9,24.0
2025-12-12,2000 UTC,33.0,21.0,12,12,20,30.1,33.0
2025-12-12,2100 UTC,31.9,24.0,12,12,21,28.3,43.0
2025-12-12,2200 UTC,30.1,33.0,12,12,22,26.3,54.0
2025-12-12,2300 UTC,28.3,43.0,12,12,23,25.0,60.0
2025-12-13,0000 UTC,26.3,54.0,13,12,0,23.9,68.0
2025-12-13,0100 UTC,25.0,60.0,13,12,1,23.8,67.0
2025-12-13,0200 UTC,23.9,68.0,13,12,2,23.2,68.0
2025-12-13,0300 UTC,23.8,67.0,13,12,3,22.2,71.0
2025-12-13,0400 UTC,23.2,68.0,13,12,4,22.1,73.0
2025-12-13,0500 UTC,22.2,71.0,13,12,5,21.4,77.0
2025-12-13,0600 UTC,22.1,73.0,13,12,6,21.1,79.0
2025-12-13,0700 UTC,21.4,77.0,13,12,7,21.5,79.0
2025-12-13,0800 UTC,21.1,79.0,13,12,8,22.6,72.0
2025-12-13,0900 UTC,21.5,79.0,13,12,9,25.1,55.0
2025-12-13,1000 UTC,22.6,72.0,13,12,10,26.6,49.0
2025-12-13,1100 UTC,25.1,55.0,13,12,11,28.9,40.0
2025-12-13,1200 UTC,26.6,49.0,13,12,12,30.3,32.0
2025-12-13,1300 UTC,28.9,40.0,13,12,13,31.6,27.0
2025-12-13,1400 UTC,30.3,32.0,13,12,14,31.6,27.0
2025-12-13,1500 UTC,31.6,27.0,13,12,15,33.6,24.0
2025-12-13,1600 UTC,31.6,27.0,13,12,16,34.0,21.0
2025-12-13,1700 UTC,33.6,24.0,13,12,17,33.8,20.0
2025-12-13,1800 UTC,34.0,21.0,13,12,18,33.3,21.0
2025-12-13,1900 UTC,33.8,20.0,13,12,19,32.0,23.0
2025-12-13,2000 UTC,33.3,21.0,13,12,20,29.8,37.0
2025-12-13,2100 UTC,32.0,23.0,13,12,21,27.4,50.0
2025-12-13,2200 UTC,29.8,37.0,13,12,22,25.0,61.0
2025-12-13,2300 UTC,27.4,50.0,13,12,23,23.7,66.0
2025-12-14,0000 UTC,25.0,61.0,14,12,0,23.2,67.0
2025-12-14,0100 UTC,23.7,66.0,14,12,1,22.7,68.0
2025-12-14,0200 UTC,23.2,67.0,14,12,2,22.5,70.0
2025-12-14,0300 UTC,22.7,68.0,14,12,3,22.7,68.0
2025-12-14,0400 UTC,22.5,70.0,14,12,4,22.4,71.0
2025-12-14,0500 UTC,22.7,68.0,14,12,5,21.8,75.0
2025-12-14,0600 UTC,22.4,71.0,14,12,6,21.8,74.0
2025-12-14,0700 UTC,21.8,75.0,14,12,7,22.4,71.0
2025-12-14,0800 UTC,21.8,74.0,14,12,8,24.2,64.0
2025-12-14,0900 UTC,22.4,71.0,14,12,9,24.7,59.0
2025-12-14,1000 UTC,24.2,64.0,14,12,10,26.7,49.0
2025-12-14,1100 UTC,24.7,59.0,14,12,11,28.6,40.0
2025-12-14,1200 UTC,26.7,49.0,14,12,12,29.9,34.0
2025-12-14,1300 UTC,28.6,40.0,14,12,13,31.9,30.0
2025-12-14,1400 UTC,29.9,34.0,14,12,14,32.1,27.0
2025-12-14,1500 UTC,31.9,30.0,14,12,15,33.4,20.0
2025-12-14,1600 UTC,32.1,27.0,14,12,16,34.0,19.0
2025-12-14,1700 UTC,33.4,20.0,14,12,17,34.2,18.0
2025-12-14,1800 UTC,34.0,19.0,14,12,18,33.8,18.0
2025-12-14,1900 UTC,34.2,18.0,14,12,19,32.0,21.0
2025-12-14,2000 UTC,33.8,18.0,14,12,20,30.6,24.0
2025-12-14,2100 UTC,32.0,21.0,14,12,21,28.6,38.0
2025-12-14,2200 UTC,30.6,24.0,14,12,22,25.7,57.0
2025-12-14,2300 UTC,28.6,38.0,14,12,23,24.1,66.0
2025-12-15,0000 UTC,25.7,57.0,15,12,0,23.6,66.0
2025-12-15,0100 UTC,24.1,66.0,15,12,1,23.4,66.0
2025-12-15,0200 UTC,23.6,66.0,15,12,2,23.0,67.0
2025-12-15,0300 UTC,23.4,66.0,15,12,3,22.5,70.0
2025-12-15,0400 UTC,23.0,67.0,15,12,4,22.2,70.0
2025-12-15,0500 UTC,22.5,70.0,15,12,5,21.7,71.0
2025-12-15,0600 UTC,22.2,70.0,15,12,6,21.3,73.0
2025-12-15,0700 UTC,21.7,71.0,15,12,7,22.2,71.0
2025-12-15,0800 UTC,21.3,73.0,15,12,8,23.4,64.0
2025-12-15,0900 UTC,22.2,71.0,15,12,9,25.3,55.0
2025-12-15,1000 UTC,23.4,64.0,15,12,10,27.5,47.0
2025-12-15,1100 UTC,25.3,55.0,15,12,11,28.7,42.0
2025-12-15,1200 UTC,27.5,47.0,15,12,12,30.5,34.0
2025-12-15,1300 UTC,28.7,42.0,15,12,13,31.7,31.0
2025-12-15,1400 UTC,30.5,34.0,15,12,14,32.2,28.0
2025-12-15,1500 UTC,31.7,31.0,15,12,15,32.9,26.0
2025-12-15,1600 UTC,32.2,28.0,15,12,16,33.8,24.0
2025-12-15,1700 UTC,32.9,26.0,15,12,17,33.9,23.0
2025-12-15,1800 UTC,33.8,24.0,15,12,18,33.1,25.0
2025-12-15,1900 UTC,33.9,23.0,15,12,19,32.0,28.0
2025-12-15,2000 UTC,33.1,25.0,15,12,20,29.8,40.0
2025-12-15,2100 UTC,32.0,28.0,15,12,21,26.8,55.0
2025-12-15,2200 UTC,29.8,40.0,15,12,22,25.2,61.0
2025-12-15,2300 UTC,26.8,55.0,15,12,23,24.3,64.0
2025-12-16,0000 UTC,25.2,61.0,16,12,0,24.1,65.0
2025-12-16,0100 UTC,24.3,64.0,16,12,1,23.5,67.0
2025-12-16,0200 UTC,24.1,65.0,16,12,2,23.3,65.0
2025-12-16,0300 UTC,23.5,67.0,16,12,3,22.4,70.0
2025-12-16,0400 UTC,23.3,65.0,16,12,4,22.1,73.0
2025-12-16,0500 UTC,22.4,70.0,16,12,5,21.8,72.0
2025-12-16,0600 UTC,22.1,73.0,16,12,6,21.4,73.0
2025-12-16,0700 UTC,21.8,72.0,16,12,7,22.3,71.0
2025-12-16,0800 UTC,21.4,73.0,16,12,8,24.0,63.0
2025-12-16,0900 UTC,22.3,71.0,16,12,9,25.5,55.0
2025-12-16,1000 UTC,24.0,63.0,16,12,10,27.6,47.0
2025-12-16,1100 UTC,25.5,55.0,16,12,11,28.6,43.0
2025-12-16,1200 UTC,27.6,47.0,16,12,12,29.2,40.0
2025-12-16,1300 UTC,28.6,43.0,16,12,13,30.3,36.0
2025-12-16,1400 UTC,29.2,40.0,16,12,14,31.6,33.0
2025-12-16,1500 UTC,30.3,36.0,16,12,15,34.0,28.0
2025-12-16,1600 UTC,31.6,33.0,16,12,16,33.1,29.0
2025-12-16,1700 UTC,34.0,28.0,16,12,17,33.0,28.0
2025-12-16,1800 UTC,33.1,29.0,16,12,18,31.9,31.0
2025-12-16,1900 UTC,33.0,28.0,16,12,19,31.0,33.0
2025-12-16,2000 UTC,31.9,31.0,16,12,20,29.3,39.0
2025-12-16,2100 UTC,31.0,33.0,16,12,21,28.2,46.0
2025-12-16,2200 UTC,29.3,39.0,16,12,22,26.8,52.0
2025-12-16,2300 UTC,28.2,46.0,16,12,23,24.9,61.0
2025-12-17,0000 UTC,26.8,52.0,17,12,0,23.7,67.0
2025-12-17,0100 UTC,24.9,61.0,17,12,1,23.2,69.0
2025-12-17,0200 UTC,23.7,67.0,17,12,2,23.0,69.0
2025-12-17,0300 UTC,23.2,69.0,17,12,3,22.5,70.0
2025-12-17,0400 UTC,23.0,69.0,17,12,4,22.6,70.0
2025-12-17,0500 UTC,22.5,70.0,17,12,5,21.7,73.0
2025-12-17,0600 UTC,22.6,70.0,17,12,6,21.3,76.0
2025-12-17,0700 UTC,21.7,73.0,17,12,7,22.5,72.0
2025-12-17,0800 UTC,21.3,76.0,17,12,8,23.6,67.0
2025-12-17,0900 UTC,22.5,72.0,17,12,9,25.8,57.0
2025-12-17,1000 UTC,23.6,67.0,17,12,10,25.8,57.0
2025-12-17,1100 UTC,25.8,57.0,17,12,11,27.7,49.0
2025-12-17,1200 UTC,25.8,57.0,17,12,12,28.5,45.0
2025-12-17,1300 UTC,27.7,49.0,17,12,13,29.7,41.0
2025-12-17,1400 UTC,28.5,45.0,17,12,14,30.4,38.0
2025-12-17,1500 UTC,29.7,41.0,17,12,15,32.1,32.0
2025-12-17,1600 UTC,30.4,38.0,17,12,16,31.8,32.0
2025-12-17,1700 UTC,32.1,32.0,17,12,17,32.2,31.0
2025-12-17,1800 UTC,31.8,32.0,17,12,18,31.7,31.0
2025-12-17,1900 UTC,32.2,31.0,17,12,19,30.7,33.0
2025-12-17,2000 UTC,31.7,31.0,17,12,20,30.3,33.0
2025-12-17,2100 UTC,30.7,33.0,17,12,21,28.2,42.0
2025-12-17,2200 UTC,30.3,33.0,17,12,22,26.1,53.0
2025-12-17,2300 UTC,28.2,42.0,17,12,23,24.5,61.0
2025-12-18,0000 UTC,26.1,53.0,18,12,0,23.6,66.0
2025-12-18,0100 UTC,24.5,61.0,18,12,1,23.2,66.0
2025-12-18,0200 UTC,23.6,66.0,18,12,2,22.5,68.0
2025-12-18,0300 UTC,23.2,66.0,18,12,3,22.0,69.0
2025-12-18,0400 UTC,22.5,68.0,18,12,4,21.6,69.0
2025-12-18,0500 UTC,22.0,69.0,18,12,5,21.2,72.0
2025-12-18,0600 UTC,21.6,69.0,18,12,6,20.7,75.0
2025-12-18,0700 UTC,21.2,72.0,18,12,7,21.1,74.0
2025-12-18,0800 UTC,20.7,75.0,18,12,8,22.7,65.0
2025-12-18,0900 UTC,21.1,74.0,18,12,9,23.7,59.0
2025-12-18,1000 UTC,22.7,65.0,18,12,10,25.9,51.0
2025-12-18,1100 UTC,23.7,59.0,18,12,11,27.4,43.0
2025-12-18,1200 UTC,25.9,51.0,18,12,12,29.2,38.0
2025-12-18,1300 UTC,27.4,43.0,18,12,13,30.0,33.0
2025-12-18,1400 UTC,29.2,38.0,18,12,14,31.9,29.0
2025-12-18,1500 UTC,30.0,33.0,18,12,15,32.5,27.0
2025-12-18,1600 UTC,31.9,29.0,18,12,16,33.2,25.0
2025-12-18,1700 UTC,32.5,27.0,18,12,17,32.3,26.0
2025-12-18,1800 UTC,33.2,25.0,18,12,18,31.6,28.0
2025-12-18,1900 UTC,32.3,26.0,18,12,19,30.0,34.0
2025-12-18,2000 UTC,31.6,28.0,18,12,20,28.9,38.0
2025-12-18,2100 UTC,30.0,34.0,18,12,21,27.4,44.0
2025-12-18,2200 UTC,28.9,38.0,18,12,22,25.9,53.0
2025-12-18,2300 UTC,27.4,44.0,18,12,23,24.7,60.0
2025-12-19,0000 UTC,25.9,53.0,19,12,0,24.2,64.0
2025-12-19,0100 UTC,24.7,60.0,19,12,1,23.1,69.0
2025-12-19,0200 UTC,24.2,64.0,19,12,2,22.6,71.0
2025-12-19,0300 UTC,23.1,69.0,19,12,3,21.9,70.0
2025-12-19,0400 UTC,22.6,71.0,19,12,4,21.5,74.0
2025-12-19,0500 UTC,21.9,70.0,19,12,5,21.0,77.0
2025-12-19,0600 UTC,21.5,74.0,19,12,6,21.0,79.0
2025-12-19,0700 UTC,21.0,77.0,19,12,7,21.4,79.0
2025-12-19,0800 UTC,21.0,79.0,19,12,8,23.3,69.0
2025-12-19,0900 UTC,21.4,79.0,19,12,9,24.3,60.0
2025-12-19,1000 UTC,23.3,69.0,19,12,10,26.7,48.0
2025-12-19,1100 UTC,24.3,60.0,19,12,11,28.2,39.0
2025-12-19,1200 UTC,26.7,48.0,19,12,12,29.6,34.0
2025-12-19,1300 UTC,28.2,39.0,19,12,13,31.0,30.0
2025-12-19,1400 UTC,29.6,34.0,19,12,14,31.8,28.0
2025-12-19,1500 UTC,31.0,30.0,19,12,15,31.8,28.0
2025-12-19,1600 UTC,31.8,28.0,19,12,16,31.7,28.0
2025-12-19,1700 UTC,31.8,28.0,19,12,17,32.2,28.0
2025-12-19,1800 UTC,31.7,28.0,19,12,18,31.7,28.0
2025-12-19,1900 UTC,32.2,28.0,19,12,19,30.8,29.0
2025-12-19,2000 UTC,31.7,28.0,19,12,20,29.9,30.0
2025-12-19,2100 UTC,30.8,29.0,19,12,21,29.1,36.0
2025-12-19,2200 UTC,29.9,30.0,19,12,22,25.7,58.0
2025-12-19,2300 UTC,29.1,36.0,19,12,23,24.3,66.0
2025-12-20,0000 UTC,25.7,58.0,20,12,0,23.9,67.0
2025-12-20,0100 UTC,24.3,66.0,20,12,1,23.0,65.0
2025-12-20,0200 UTC,23.9,67.0,20,12,2,22.2,69.0
2025-12-20,0300 UTC,23.0,65.0,20,12,3,21.9,71.0
2025-12-20,0400 UTC,22.2,69.0,20,12,4,21.7,74.0
2025-12-20,0500 UTC,21.9,71.0,20,12,5,21.5,75.0
2025-12-20,0600 UTC,21.7,74.0,20,12,6,21.2,77.0
2025-12-20,0700 UTC,21.5,75.0,20,12,7,21.6,77.0
2025-12-20,0800 UTC,21.2,77.0,20,12,8,23.5,66.0
2025-12-20,0900 UTC,21.6,77.0,20,12,9,24.7,59.0
2025-12-20,1000 UTC,23.5,66.0,20,12,10,26.6,50.0
2025-12-20,1100 UTC,24.7,59.0,20,12,11,29.2,41.0
2025-12-20,1200 UTC,26.6,50.0,20,12,12,30.0,37.0
2025-12-20,1300 UTC,29.2,41.0,20,12,13,31.2,33.0
2025-12-20,1400 UTC,30.0,37.0,20,12,14,32.0,29.0
2025-12-20,1500 UTC,31.2,33.0,20,12,15,32.6,27.0
2025-12-20,1600 UTC,32.0,29.0,20,12,16,33.6,24.0
2025-12-20,1700 UTC,32.6,27.0,20,12,17,32.9,25.0
2025-12-20,1800 UTC,33.6,24.0,20,12,18,32.2,25.0
2025-12-20,1900 UTC,32.9,25.0,20,12,19,30.8,28.0
2025-12-20,2000 UTC,32.2,25.0,20,12,20,29.4,38.0
2025-12-20,2100 UTC,30.8,28.0,20,12,21,27.2,49.0
2025-12-20,2200 UTC,29.4,38.0,20,12,22,25.6,57.0
2025-12-20,2300 UTC,27.2,49.0,20,12,23,24.4,63.0
2025-12-21,0000 UTC,25.6,57.0,21,12,0,23.4,67.0
2025-12-21,0100 UTC,24.4,63.0,21,12,1,22.7,67.0
2025-12-21,0200 UTC,23.4,67.0,21,12,2,22.1,71.0
2025-12-21,0300 UTC,22.7,67.0,21,12,3,21.6,73.0
2025-12-21,0400 UTC,22.1,71.0,21,12,4,21.2,76.0
2025-12-21,0500 UTC,21.6,73.0,21,12,5,20.9,78.0
2025-12-21,0600 UTC,21.2,76.0,21,12,6,20.7,80.0
2025-12-21,0700 UTC,20.9,78.0,21,12,7,21.5,77.0
2025-12-21,0800 UTC,20.7,80.0,21,12,8,23.0,68.0
2025-12-21,0900 UTC,21.5,77.0,21,12,9,24.7,58.0
2025-12-21,1000 UTC,23.0,68.0,21,12,10,26.7,52.0
2025-12-21,1100 UTC,24.7,58.0,21,12,11,28.2,42.0
2025-12-21,1200 UTC,26.7,52.0,21,12,12,30.9,34.0
2025-12-21,1300 UTC,28.2,42.0,21,12,13,32.4,29.0
2025-12-21,1400 UTC,30.9,34.0,21,12,14,33.2,25.0
2025-12-21,1500 UTC,32.4,29.0,21,12,15,34.4,22.0
2025-12-21,1600 UTC,33.2,25.0,21,12,16,34.4,20.0
2025-12-21,1700 UTC,34.4,22.0,21,12,17,34.1,19.0
2025-12-21,1800 UTC,34.4,20.0,21,12,18,33.5,21.0
2025-12-21,1900 UTC,34.1,19.0,21,12,19,30.9,29.0
2025-12-21,2000 UTC,33.5,21.0,21,12,20,28.4,39.0
2025-12-21,2100 UTC,30.9,29.0,21,12,21,27.0,54.0
2025-12-21,2200 UTC,28.4,39.0,21,12,22,26.0,58.0
2025-12-21,2300 UTC,27.0,54.0,21,12,23,25.1,62.0
2025-12-22,0000 UTC,26.0,58.0,22,12,0,25.2,60.0
2025-12-22,0100 UTC,25.1,62.0,22,12,1,24.0,66.0
2025-12-22,0200 UTC,25.2,60.0,22,12,2,23.7,66.0
2025-12-22,0300 UTC,24.0,66.0,22,12,3,23.1,66.0
2025-12-22,0400 UTC,23.7,66.0,22,12,4,22.5,68.0
2025-12-22,0500 UTC,23.1,66.0,22,12,5,22.2,71.0
2025-12-22,0600 UTC,22.5,68.0,22,12,6,22.0,74.0
2025-12-22,0700 UTC,22.2,71.0,22,12,7,22.8,70.0
2025-12-22,0800 UTC,22.0,74.0,22,12,8,23.3,68.0
2025-12-22,0900 UTC,22.8,70.0,22,12,9,24.1,65.0
2025-12-22,1000 UTC,23.3,68.0,22,12,10,25.7,56.0
2025-12-22,1100 UTC,24.1,65.0,22,12,11,27.0,50.0
2025-12-22,1200 UTC,25.7,56.0,22,12,12,27.7,46.0
2025-12-22,1300 UTC,27.0,50.0,22,12,13,29.3,39.0
2025-12-22,1400 UTC,27.7,46.0,22,12,14,30.1,37.0
2025-12-22,1500 UTC,29.3,39.0,22,12,15,31.5,32.0
2025-12-22,1600 UTC,30.1,37.0,22,12,16,31.4,31.0
2025-12-22,1700 UTC,31.5,32.0,22,12,17,27.7,53.0
2025-12-22,1900 UTC,27.7,53.0,22,12,19,21.4,83.0
2025-12-22,2100 UTC,21.4,83.0,22,12,21,21.8,87.0
2025-12-22,2200 UTC,21.0,87.0,22,12,22,23.4,76.0
2025-12-22,2300 UTC,21.8,87.0,22,12,23,23.6,69.0
2025-12-23,0000 UTC,23.4,76.0,23,12,0,23.6,67.0
2025-12-23,0100 UTC,23.6,69.0,23,12,1,23.1,67.0
2025-12-23,0200 UTC,23.6,67.0,23,12,2,22.6,68.0
2025-12-23,0300 UTC,23.1,67.0,23,12,3,22.1,71.0
2025-12-23,0400 UTC,22.6,68.0,23,12,4,21.7,73.0
2025-12-23,0500 UTC,22.1,71.0,23,12,5,21.5,75.0
2025-12-23,0600 UTC,21.7,73.0,23,12,6,21.4,75.0
2025-12-23,0800 UTC,21.4,75.0,23,12,8,23.0,70.0
2025-12-23,1000 UTC,23.0,70.0,23,12,10,25.7,58.0
2025-12-23,1100 UTC,24.2,64.0,23,12,11,26.9,52.0
2025-12-23,1200 UTC,25.7,58.0,23,12,12,28.1,48.0
2025-12-23,1300 UTC,26.9,52.0,23,12,13,29.2,42.0
2025-12-23,1400 UTC,28.1,48.0,23,12,14,30.3,37.0
2025-12-23,1500 UTC,29.2,42.0,23,12,15,31.2,38.0
2025-12-23,1600 UTC,30.3,37.0,23,12,16,30.6,37.0
2025-12-23,1700 UTC,31.2,38.0,23,12,17,30.7,35.0
2025-12-23,1800 UTC,30.6,37.0,23,12,18,29.9,39.0
2025-12-23,1900 UTC,30.7,35.0,23,12,19,28.0,49.0
2025-12-23,2000 UTC,29.9,39.0,23,12,20,26.6,55.0
2025-12-23,2100 UTC,28.0,49.0,23,12,21,25.8,59.0
2025-12-23,2200 UTC,26.6,55.0,23,12,22,24.5,63.0
2025-12-23,2300 UTC,25.8,59.0,23,12,23,23.2,67.0
2025-12-24,0000 UTC,24.5,63.0,24,12,0,22.4,67.0
2025-12-24,0100 UTC,23.2,67.0,24,12,1,21.9,69.0
2025-12-24,0200 UTC,22.4,67.0,24,12,2,21.9,70.0
2025-12-24,0300 UTC,21.9,69.0,24,12,3,21.4,73.0
2025-12-24,0400 UTC,21.9,70.0,24,12,4,21.0,74.0
2025-12-24,0500 UTC,21.4,73.0,24,12,5,20.3,76.0
2025-12-24,0600 UTC,21.0,74.0,24,12,6,19.9,78.0
2025-12-24,0700 UTC,20.3,76.0,24,12,7,21.0,75.0
2025-12-24,0800 UTC,19.9,78.0,24,12,8,22.6,68.0
2025-12-24,0900 UTC,21.0,75.0,24,12,9,23.4,64.0
2025-12-24,1000 UTC,22.6,68.0,24,12,10,25.1,53.0
2025-12-24,1100 UTC,23.4,64.0,24,12,11,27.8,43.0
2025-12-24,1200 UTC,25.1,53.0,24,12,12,29.4,35.0
2025-12-24,1300 UTC,27.8,43.0,24,12,13,31.3,31.0
2025-12-24,1400 UTC,29.4,35.0,24,12,14,31.6,28.0
2025-12-24,1500 UTC,31.3,31.0,24,12,15,32.4,25.0
2025-12-24,1600 UTC,31.6,28.0,24,12,16,33.2,23.0
2025-12-24,1700 UTC,32.4,25.0,24,12,17,32.5,24.0
2025-12-24,1800 UTC,33.2,23.0,24,12,18,30.2,37.0
2025-12-24,1900 UTC,32.5,24.0,24,12,19,28.9,43.0
2025-12-24,2000 UTC,30.2,37.0,24,12,20,27.4,49.0
2025-12-24,2100 UTC,28.9,43.0,24,12,21,25.7,56.0
2025-12-24,2200 UTC,27.4,49.0,24,12,22,24.1,66.0
2025-12-24,2300 UTC,25.7,56.0,24,12,23,23.4,69.0
2025-12-25,0000 UTC,24.1,66.0,25,12,0,23.1,70.0
2025-12-25,0100 UTC,23.4,69.0,25,12,1,22.7,68.0
2025-12-25,0200 UTC,23.1,70.0,25,12,2,22.2,70.0
2025-12-25,0300 UTC,22.7,68.0,25,12,3,21.3,73.0
2025-12-25,0400 UTC,22.2,70.0,25,12,4,20.8,75.0
2025-12-25,0500 UTC,21.3,73.0,25,12,5,20.0,76.0
2025-12-25,0600 UTC,20.8,75.0,25,12,6,19.8,78.0
2025-12-25,0700 UTC,20.0,76.0,25,12,7,20.7,75.0
2025-12-25,0800 UTC,19.8,78.0,25,12,8,22.3,67.0
2025-12-25,0900 UTC,20.7,75.0,25,12,9,23.7,60.0
2025-12-25,1000 UTC,22.3,67.0,25,12,10,26.3,50.0
2025-12-25,1100 UTC,23.7,60.0,25,12,11,28.1,44.0
2025-12-25,1200 UTC,26.3,50.0,25,12,12,28.9,41.0
2025-12-25,1300 UTC,28.1,44.0,25,12,13,30.0,37.0
2025-12-25,1400 UTC,28.9,41.0,25,12,14,31.2,32.0
2025-12-25,1500 UTC,30.0,37.0,25,12,15,32.2,29.0
2025-12-25,1600 UTC,31.2,32.0,25,12,16,31.9,28.0
2025-12-25,1700 UTC,32.2,29.0,25,12,17,32.3,27.0
2025-12-25,1800 UTC,31.9,28.0,25,12,18,32.2,27.0
2025-12-25,1900 UTC,32.3,27.0,25,12,19,31.3,28.0
2025-12-25,2000 UTC,32.2,27.0,25,12,20,30.0,31.0
2025-12-25,2100 UTC,31.3,28.0,25,12,21,29.4,33.0
2025-12-25,2200 UTC,30.0,31.0,25,12,22,27.5,48.0
2025-12-25,2300 UTC,29.4,33.0,25,12,23,25.6,60.0
2025-12-26,0000 UTC,27.5,48.0,26,12,0,24.4,66.0
2025-12-26,0100 UTC,25.6,60.0,26,12,1,24.0,68.0
2025-12-26,0200 UTC,24.4,66.0,26,12,2,23.9,68.0
2025-12-26,0300 UTC,24.0,68.0,26,12,3,23.4,70.0
2025-12-26,0400 UTC,23.9,68.0,26,12,4,22.9,71.0
2025-12-26,0500 UTC,23.4,70.0,26,12,5,22.8,72.0
2025-12-26,0600 UTC,22.9,71.0,26,12,6,22.6,72.0
2025-12-26,0700 UTC,22.8,72.0,26,12,7,22.6,73.0
2025-12-26,0800 UTC,22.6,72.0,26,12,8,23.4,66.0
2025-12-26,0900 UTC,22.6,73.0,26,12,9,25.7,55.0
2025-12-26,1000 UTC,23.4,66.0,26,12,10,26.9,50.0
2025-12-26,1100 UTC,25.7,55.0,26,12,11,29.8,40.0
2025-12-26,1200 UTC,26.9,50.0,26,12,12,30.1,38.0
2025-12-26,1300 UTC,29.8,40.0,26,12,13,30.9,34.0
2025-12-26,1400 UTC,30.1,38.0,26,12,14,32.8,28.0
2025-12-26,1500 UTC,30.9,34.0,26,12,15,33.4,24.0
2025-12-26,1600 UTC,32.8,28.0,26,12,16,34.5,23.0
2025-12-26,1700 UTC,33.4,24.0,26,12,17,33.8,23.0
2025-12-26,1800 UTC,34.5,23.0,26,12,18,33.6,22.0
2025-12-26,1900 UTC,33.8,23.0,26,12,19,32.2,23.0
2025-12-26,2000 UTC,33.6,22.0,26,12,20,30.8,26.0
2025-12-26,2100 UTC,32.2,23.0,26,12,21,29.4,37.0
2025-12-26,2200 UTC,30.8,26.0,26,12,22,26.5,57.0
2025-12-26,2300 UTC,29.4,37.0,26,12,23,24.8,65.0
2025-12-27,0000 UTC,26.5,57.0,27,12,0,23.9,69.0
2025-12-27,0100 UTC,24.8,65.0,27,12,1,23.2,70.0
2025-12-27,0200 UTC,23.9,69.0,27,12,2,22.4,70.0
2025-12-27,0300 UTC,23.2,70.0,27,12,3,21.9,75.0
2025-12-27,0400 UTC,22.4,70.0,27,12,4,22.2,76.0
2025-12-27,0500 UTC,21.9,75.0,27,12,5,21.9,76.0
2025-12-27,0600 UTC,22.2,76.0,27,12,6,22.0,76.0
2025-12-27,0700 UTC,21.9,76.0,27,12,7,22.6,74.0
2025-12-27,0800 UTC,22.0,76.0,27,12,8,22.8,71.0
2025-12-27,0900 UTC,22.6,74.0,27,12,9,24.5,62.0
2025-12-27,1000 UTC,22.8,71.0,27,12,10,26.9,51.0
2025-12-27,1100 UTC,24.5,62.0,27,12,11,28.8,41.0
2025-12-27,1200 UTC,26.9,51.0,27,12,12,29.7,36.0
2025-12-27,1300 UTC,28.8,41.0,27,12,13,31.5,29.0
2025-12-27,1400 UTC,29.7,36.0,27,12,14,33.0,25.0
2025-12-27,1500 UTC,31.5,29.0,27,12,15,33.1,24.0
2025-12-27,1600 UTC,33.0,25.0,27,12,16,34.3,23.0
2025-12-27,1700 UTC,33.1,24.0,27,12,17,34.0,23.0
2025-12-27,1800 UTC,34.3,23.0,27,12,18,33.6,25.0
2025-12-27,1900 UTC,34.0,23.0,27,12,19,32.3,27.0
2025-12-27,2000 UTC,33.6,25.0,27,12,20,31.1,30.0
2025-12-27,2100 UTC,32.3,27.0,27,12,21,29.0,45.0
2025-12-27,2200 UTC,31.1,30.0,27,12,22,26.6,59.0
2025-12-27,2300 UTC,29.0,45.0,27,12,23,24.8,66.0
2025-12-28,0000 UTC,26.6,59.0,28,12,0,24.5,68.0
2025-12-28,0100 UTC,24.8,66.0,28,12,1,24.1,64.0
2025-12-28,0200 UTC,24.5,68.0,28,12,2,23.8,63.0
2025-12-28,0300 UTC,24.1,64.0,28,12,3,22.9,69.0
2025-12-28,0400 UTC,23.8,63.0,28,12,4,22.8,71.0
2025-12-28,0500 UTC,22.9,69.0,28,12,5,22.9,73.0
2025-12-28,0600 UTC,22.8,71.0,28,12,6,22.9,73.0
2025-12-28,0700 UTC,22.9,73.0,28,12,7,23.4,72.0
2025-12-28,0800 UTC,22.9,73.0,28,12,8,25.4,60.0
2025-12-28,0900 UTC,23.4,72.0,28,12,9,26.0,58.0
2025-12-28,1000 UTC,25.4,60.0,28,12,10,27.9,49.0
2025-12-28,1100 UTC,26.0,58.0,28,12,11,29.8,44.0
2025-12-28,1200 UTC,27.9,49.0,28,12,12,31.1,38.0
2025-12-28,1300 UTC,29.8,44.0,28,12,13,32.2,32.0
2025-12-28,1400 UTC,31.1,38.0,28,12,14,33.4,31.0
2025-12-28,1500 UTC,32.2,32.0,28,12,15,34.2,28.0
2025-12-28,1600 UTC,33.4,31.0,28,12,16,34.4,25.0
2025-12-28,1700 UTC,34.2,28.0,28,12,17,34.2,25.0
2025-12-28,1800 UTC,34.4,25.0,28,12,18,33.7,26.0
2025-12-28,1900 UTC,34.2,25.0,28,12,19,32.4,29.0
2025-12-28,2000 UTC,33.7,26.0,28,12,20,31.1,34.0
2025-12-28,2100 UTC,32.4,29.0,28,12,21,29.6,43.0
2025-12-28,2200 UTC,31.1,34.0,28,12,22,27.3,55.0
2025-12-28,2300 UTC,29.6,43.0,28,12,23,25.6,65.0
2025-12-29,0000 UTC,27.3,55.0,29,12,0,24.9,69.0
2025-12-29,0100 UTC,25.6,65.0,29,12,1,24.3,70.0
2025-12-29,0200 UTC,24.9,69.0,29,12,2,23.9,71.0
2025-12-29,0300 UTC,24.3,70.0,29,12,3,23.8,68.0
2025-12-29,0400 UTC,23.9,71.0,29,12,4,23.7,68.0
2025-12-29,0500 UTC,23.8,68.0,29,12,5,23.5,69.0
2025-12-29,0600 UTC,23.7,68.0,29,12,6,22.8,72.0
2025-12-29,0700 UTC,23.5,69.0,29,12,7,22.8,72.0
2025-12-29,0800 UTC,22.8,72.0,29,12,8,23.9,68.0
2025-12-29,0900 UTC,22.8,72.0,29,12,9,25.4,58.0
2025-12-29,1000 UTC,23.9,68.0,29,12,10,27.6,50.0
2025-12-29,1100 UTC,25.4,58.0,29,12,11,29.6,42.0
2025-12-29,1200 UTC,27.6,50.0,29,12,12,30.3,38.0
2025-12-29,1300 UTC,29.6,42.0,29,12,13,32.1,32.0
2025-12-29,1400 UTC,30.3,38.0,29,12,14,33.2,29.0
2025-12-29,1500 UTC,32.1,32.0,29,12,15,34.1,27.0
2025-12-29,1600 UTC,33.2,29.0,29,12,16,34.3,26.0
2025-12-29,1700 UTC,34.1,27.0,29,12,17,34.3,26.0
2025-12-29,1800 UTC,34.3,26.0,29,12,18,34.3,25.0
2025-12-29,1900 UTC,34.3,26.0,29,12,19,32.8,28.0
2025-12-29,2000 UTC,34.3,25.0,29,12,20,31.8,29.0
2025-12-29,2100 UTC,32.8,28.0,29,12,21,30.6,36.0
2025-12-29,2200 UTC,31.8,29.0,29,12,22,27.8,53.0
2025-12-29,2300 UTC,30.6,36.0,29,12,23,26.2,62.0
2025-12-30,0000 UTC,27.8,53.0,30,12,0,25.0,67.0
2025-12-30,0100 UTC,26.2,62.0,30,12,1,24.3,68.0
2025-12-30,0200 UTC,25.0,67.0,30,12,2,23.3,70.0
2025-12-30,0300 UTC,24.3,68.0,30,12,3,23.1,71.0
2025-12-30,0400 UTC,23.3,70.0,30,12,4,23.0,70.0
2025-12-30,0500 UTC,23.1,71.0,30,12,5,22.6,70.0
2025-12-30,0600 UTC,23.0,70.0,30,12,6,22.5,71.0
2025-12-30,0700 UTC,22.6,70.0,30,12,7,22.8,71.0
2025-12-30,0800 UTC,22.5,71.0,30,12,8,24.2,63.0
2025-12-30,0900 UTC,22.8,71.0,30,12,9,25.8,56.0
2025-12-30,1000 UTC,24.2,63.0,30,12,10,27.7,47.0
2025-12-30,1100 UTC,25.8,56.0,30,12,11,29.8,38.0
2025-12-30,1200 UTC,27.7,47.0,30,12,12,31.8,31.0
2025-12-30,1300 UTC,29.8,38.0,30,12,13,33.3,27.0
2025-12-30,1400 UTC,31.8,31.0,30,12,14,33.9,26.0
2025-12-30,1500 UTC,33.3,27.0,30,12,15,34.7,24.0
2025-12-30,1600 UTC,33.9,26.0,30,12,16,35.1,23.0
2025-12-30,1700 UTC,34.7,24.0,30,12,17,34.5,23.0
2025-12-30,1800 UTC,35.1,23.0,30,12,18,34.4,24.0
2025-12-30,1900 UTC,34.5,23.0,30,12,19,33.0,26.0
2025-12-30,2000 UTC,34.4,24.0,30,12,20,31.2,31.0
2025-12-30,2100 UTC,33.0,26.0,30,12,21,28.5,43.0
2025-12-30,2200 UTC,31.2,31.0,30,12,22,26.7,51.0
2025-12-30,2300 UTC,28.5,43.0,30,12,23,25.1,60.0
2025-12-31,0000 UTC,26.7,51.0,31,12,0,24.0,65.0
2025-12-31,0100 UTC,25.1,60.0,31,12,1,23.4,68.0
2025-12-31,0200 UTC,24.0,65.0,31,12,2,23.1,68.0
2025-12-31,0300 UTC,23.4,68.0,31,12,3,22.7,71.0
2025-12-31,0400 UTC,23.1,68.0,31,12,4,22.2,75.0
2025-12-31,0500 UTC,22.7,71.0,31,12,5,21.8,77.0
2025-12-31,0600 UTC,22.2,75.0,31,12,6,21.7,78.0
2025-12-31,0700 UTC,21.8,77.0,31,12,7,22.4,76.0
2025-12-31,0800 UTC,21.7,78.0,31,12,8,24.1,66.0
2025-12-31,0900 UTC,22.4,76.0,31,12,9,26.2,57.0
2025-12-31,1000 UTC,24.1,66.0,31,12,10,28.0,50.0
2025-12-31,1100 UTC,26.2,57.0,31,12,11,28.8,46.0
2025-12-31,1200 UTC,28.0,50.0,31,12,12,30.3,39.0
2025-12-31,1300 UTC,28.8,46.0,31,12,13,31.3,35.0
2025-12-31,1400 UTC,30.3,39.0,31,12,14,33.2,31.0
2025-12-31,1500 UTC,31.3,35.0,31,12,15,34.3,27.0
2025-12-31,1600 UTC,33.2,31.0,31,12,16,33.6,28.0
2025-12-31,1700 UTC,34.3,27.0,31,12,17,32.8,29.0
2025-12-31,1800 UTC,33.6,28.0,31,12,18,32.4,29.0
2025-12-31,1900 UTC,32.8,29.0,31,12,19,31.5,31.0
2025-12-31,2000 UTC,32.4,29.0,31,12,20,30.8,35.0
2025-12-31,2100 UTC,31.5,31.0,31,12,21,29.3,41.0
